"source","target","ligand","receptor","prob","pval","interaction_name","interaction_name_2","pathway_name","annotation","evidence"
"Platelets","Conventional Dendritic Cells","APP","CD74",0.261536143831276,0,"APP_CD74","APP - CD74","APP","Cell-Cell Contact","PMID: 19849849"
"Platelets","Gamma-delta Cytotoxic T cells","APP","CD74",0.249108952435776,0,"APP_CD74","APP - CD74","APP","Cell-Cell Contact","PMID: 19849849"
"Platelets","NK cells","HLA-E","KLRK1",0.24657637127627,0,"HLA-E_KLRK1","HLA-E - KLRK1","MHC-I","Cell-Cell Contact","PMID: 28484462"
"NK cells","MAIT / CD161-like T cells","CD69","KLRB1",0.246143394619857,0,"CLEC2C_KLRB1","CLEC2C - KLRB1","CLEC","Cell-Cell Contact","PMID: 24223577"
"Platelets","Plasma cells","APP","CD74",0.244809921774058,0,"APP_CD74","APP - CD74","APP","Cell-Cell Contact","PMID: 19849849"
"Gamma-delta Cytotoxic T cells","MAIT / CD161-like T cells","CD69","KLRB1",0.232244878990416,0,"CLEC2C_KLRB1","CLEC2C - KLRB1","CLEC","Cell-Cell Contact","PMID: 24223577"
"MAIT / CD161-like T cells","MAIT / CD161-like T cells","CD69","KLRB1",0.223017996519137,0,"CLEC2C_KLRB1","CLEC2C - KLRB1","CLEC","Cell-Cell Contact","PMID: 24223577"
"Platelets","Naive B cells","HLA-E","KLRK1",0.212578953044569,0,"HLA-E_KLRK1","HLA-E - KLRK1","MHC-I","Cell-Cell Contact","PMID: 28484462"
"Platelets","Monocytes","APP","CD74",0.20434410957308,0,"APP_CD74","APP - CD74","APP","Cell-Cell Contact","PMID: 19849849"
"Naive B cells","MAIT / CD161-like T cells","CD69","KLRB1",0.203127133561734,0,"CLEC2C_KLRB1","CLEC2C - KLRB1","CLEC","Cell-Cell Contact","PMID: 24223577"
"NK cells","MAIT / CD161-like T cells","CLEC2B","KLRB1",0.197544028441649,0,"CLEC2B_KLRB1","CLEC2B - KLRB1","CLEC","Cell-Cell Contact","PMID: 24223577"
"Platelets","C1Q+ Monocytes","APP","CD74",0.194073937984722,0,"APP_CD74","APP - CD74","APP","Cell-Cell Contact","PMID: 19849849"
"Platelets","Platelets","CD99","CD99",0.191228320860717,0,"CD99_CD99","CD99 - CD99","CD99","Cell-Cell Contact","KEGG: hsa04514"
"NK cells","NK cells","CD69","KLRB1",0.184487028231118,0,"CLEC2C_KLRB1","CLEC2C - KLRB1","CLEC","Cell-Cell Contact","PMID: 24223577"
"Regulatory / Activated CD4 T cells","MAIT / CD161-like T cells","CD69","KLRB1",0.181968531623813,0,"CLEC2C_KLRB1","CLEC2C - KLRB1","CLEC","Cell-Cell Contact","PMID: 24223577"
"Naive B cells","MAIT / CD161-like T cells","CLEC2B","KLRB1",0.174525217870378,0,"CLEC2B_KLRB1","CLEC2B - KLRB1","CLEC","Cell-Cell Contact","PMID: 24223577"
"Gamma-delta Cytotoxic T cells","NK cells","CD69","KLRB1",0.173269758277701,0,"CLEC2C_KLRB1","CLEC2C - KLRB1","CLEC","Cell-Cell Contact","PMID: 24223577"
"Naive CD4 T cells","MAIT / CD161-like T cells","CLEC2D","KLRB1",0.172644581411608,0,"CLEC2D_KLRB1","CLEC2D - KLRB1","CLEC","Cell-Cell Contact","PMID: 24223577"
"Platelets","Classical Monocytes","APP","CD74",0.172488835023548,0,"APP_CD74","APP - CD74","APP","Cell-Cell Contact","PMID: 19849849"
"NK cells","NK cells","HLA-E","KLRK1",0.172404218150644,0,"HLA-E_KLRK1","HLA-E - KLRK1","MHC-I","Cell-Cell Contact","PMID: 28484462"
"Platelets","NK cells","HLA-E","CD94:NKG2E",0.170879614830712,0,"HLA-E_CD94:NKG2E","HLA-E - CD94:NKG2E","MHC-I","Cell-Cell Contact","PMID: 28484462"
"Naive CD4 T cells","MAIT / CD161-like T cells","CD69","KLRB1",0.169222974712812,0,"CLEC2C_KLRB1","CLEC2C - KLRB1","CLEC","Cell-Cell Contact","PMID: 24223577"
"MAIT / CD161-like T cells","NK cells","CD69","KLRB1",0.165879674599527,0,"CLEC2C_KLRB1","CLEC2C - KLRB1","CLEC","Cell-Cell Contact","PMID: 24223577"
"Regulatory / Activated CD4 T cells","MAIT / CD161-like T cells","CLEC2D","KLRB1",0.165329026363083,0,"CLEC2D_KLRB1","CLEC2D - KLRB1","CLEC","Cell-Cell Contact","PMID: 24223577"
"Plasma cells","MAIT / CD161-like T cells","CD69","KLRB1",0.161368176611938,0,"CLEC2C_KLRB1","CLEC2C - KLRB1","CLEC","Cell-Cell Contact","PMID: 24223577"
"Naive B cells","NK cells","HLA-E","KLRK1",0.157649916279867,0,"HLA-E_KLRK1","HLA-E - KLRK1","MHC-I","Cell-Cell Contact","PMID: 28484462"
"Platelets","NK cells","CD99","CD99",0.15683732573891,0,"CD99_CD99","CD99 - CD99","CD99","Cell-Cell Contact","KEGG: hsa04514"
"NK cells","Platelets","CD99","CD99",0.15683732573891,0,"CD99_CD99","CD99 - CD99","CD99","Cell-Cell Contact","KEGG: hsa04514"
"Platelets","Naive B cells","CD99","CD99",0.155657580356289,0,"CD99_CD99","CD99 - CD99","CD99","Cell-Cell Contact","KEGG: hsa04514"
"Naive B cells","Platelets","CD99","CD99",0.155657580356289,0,"CD99_CD99","CD99 - CD99","CD99","Cell-Cell Contact","KEGG: hsa04514"
"C1Q+ Monocytes","NK cells","HLA-E","KLRK1",0.155586079406929,0,"HLA-E_KLRK1","HLA-E - KLRK1","MHC-I","Cell-Cell Contact","PMID: 28484462"
"Platelets","NK-like cells","HLA-E","KLRK1",0.154056926518835,0,"HLA-E_KLRK1","HLA-E - KLRK1","MHC-I","Cell-Cell Contact","PMID: 28484462"
"Naive B cells","NK cells","CD69","KLRB1",0.150100457699321,0,"CLEC2C_KLRB1","CLEC2C - KLRB1","CLEC","Cell-Cell Contact","PMID: 24223577"
"MAIT / CD161-like T cells","NK cells","HLA-E","KLRK1",0.147830188858042,0,"HLA-E_KLRK1","HLA-E - KLRK1","MHC-I","Cell-Cell Contact","PMID: 28484462"
"Conventional Dendritic Cells","MAIT / CD161-like T cells","CLEC2B","KLRB1",0.147599297575049,0,"CLEC2B_KLRB1","CLEC2B - KLRB1","CLEC","Cell-Cell Contact","PMID: 24223577"
"Platelets","MAIT / CD161-like T cells","HLA-E","CD8A",0.147552687652925,0,"HLA-E_CD8A","HLA-E - CD8A","MHC-I","Cell-Cell Contact","KEGG: hsa04514"
"NK cells","Naive B cells","HLA-E","KLRK1",0.146643017776155,0,"HLA-E_KLRK1","HLA-E - KLRK1","MHC-I","Cell-Cell Contact","PMID: 28484462"
"NK cells","NK cells","CLEC2B","KLRB1",0.1457083312062,0,"CLEC2B_KLRB1","CLEC2B - KLRB1","CLEC","Cell-Cell Contact","PMID: 24223577"
"Naive B cells","MAIT / CD161-like T cells","CLEC2D","KLRB1",0.144817819751942,0,"CLEC2D_KLRB1","CLEC2D - KLRB1","CLEC","Cell-Cell Contact","PMID: 24223577"
"Classical Monocytes","Conventional Dendritic Cells","APP","CD74",0.143689646725262,0,"APP_CD74","APP - CD74","APP","Cell-Cell Contact","PMID: 19849849"
"Regulatory / Activated CD4 T cells","NK cells","HLA-E","KLRK1",0.143586375062367,0,"HLA-E_KLRK1","HLA-E - KLRK1","MHC-I","Cell-Cell Contact","PMID: 28484462"
"Platelets","Monocytes","THBS1","CD36",0.142711231262165,0,"THBS1_CD36","THBS1 - CD36","THBS","ECM-Receptor","KEGG: hsa04512"
"Platelets","MAIT / CD161-like T cells","CLEC1B","KLRB1",0.140161363482409,0,"CLEC1B_KLRB1","CLEC1B - KLRB1","CLEC","Cell-Cell Contact","PMID: 24223577"
"C1Q+ Monocytes","MAIT / CD161-like T cells","CLEC2B","KLRB1",0.139788535652483,0,"CLEC2B_KLRB1","CLEC2B - KLRB1","CLEC","Cell-Cell Contact","PMID: 24223577"
"Classical Monocytes","Myeloid cells","NAMPT","ITGA5_ITGB1",0.138057218903869,0,"NAMPT_ITGA5_ITGB1","NAMPT - (ITGA5+ITGB1)","VISFATIN","Secreted Signaling","PMID: 28490838"
"MAIT / CD161-like T cells","MAIT / CD161-like T cells","CLEC2B","KLRB1",0.137562306297889,0,"CLEC2B_KLRB1","CLEC2B - KLRB1","CLEC","Cell-Cell Contact","PMID: 24223577"
"Myeloid cells","Myeloid cells","NAMPT","ITGA5_ITGB1",0.13679790376629,0,"NAMPT_ITGA5_ITGB1","NAMPT - (ITGA5+ITGB1)","VISFATIN","Secreted Signaling","PMID: 28490838"
"Plasma cells","NK cells","HLA-E","KLRK1",0.136382504386919,0,"HLA-E_KLRK1","HLA-E - KLRK1","MHC-I","Cell-Cell Contact","PMID: 28484462"
"Naive CD4 T cells","NK cells","HLA-E","KLRK1",0.136117499339008,0,"HLA-E_KLRK1","HLA-E - KLRK1","MHC-I","Cell-Cell Contact","PMID: 28484462"
"Classical Monocytes","Gamma-delta Cytotoxic T cells","APP","CD74",0.135832082116467,0,"APP_CD74","APP - CD74","APP","Cell-Cell Contact","PMID: 19849849"
"Regulatory / Activated CD4 T cells","Gamma-delta Cytotoxic T cells","MIF","CD74_CXCR4",0.134584578626737,0,"MIF_CD74_CXCR4","MIF - (CD74+CXCR4)","MIF","Secreted Signaling","PMID: 29637711; PMID: 24760155"
"Regulatory / Activated CD4 T cells","Conventional Dendritic Cells","MIF","CD74_CD44",0.134496859745036,0,"MIF_CD74_CD44","MIF - (CD74+CD44)","MIF","Secreted Signaling","PMID: 29637711; PMID: 26175090"
"Naive B cells","Naive B cells","HLA-E","KLRK1",0.133737089000333,0,"HLA-E_KLRK1","HLA-E - KLRK1","MHC-I","Cell-Cell Contact","PMID: 28484462"
"NK-like cells","MAIT / CD161-like T cells","CLEC2B","KLRB1",0.133610132830692,0,"CLEC2B_KLRB1","CLEC2B - KLRB1","CLEC","Cell-Cell Contact","PMID: 24223577"
"Regulatory / Activated CD4 T cells","NK cells","CD69","KLRB1",0.133539719446752,0,"CLEC2C_KLRB1","CLEC2C - KLRB1","CLEC","Cell-Cell Contact","PMID: 24223577"
"Classical Monocytes","Plasma cells","APP","CD74",0.13314131821512,0,"APP_CD74","APP - CD74","APP","Cell-Cell Contact","PMID: 19849849"
"Platelets","C1Q+ Monocytes","CD99","PILRA",0.132903163646162,0,"CD99_PILRA","CD99 - PILRA","CD99","Cell-Cell Contact","PMID: 18234675"
"Gamma-delta Cytotoxic T cells","NK-like cells","CD22","PTPRC",0.13212215667723,0,"CD22_PTPRC","CD22 - PTPRC","CD22","Cell-Cell Contact","KEGG: hsa04514"
"NK-like cells","Gamma-delta Cytotoxic T cells","PTPRC","CD22",0.13212215667723,0,"PTPRC_CD22","PTPRC - CD22","CD45","Cell-Cell Contact","PMID: 12115612"
"C1Q+ Monocytes","Naive B cells","HLA-E","KLRK1",0.131937268411165,0,"HLA-E_KLRK1","HLA-E - KLRK1","MHC-I","Cell-Cell Contact","PMID: 28484462"
"Naive CD4 T cells","MAIT / CD161-like T cells","CLEC2B","KLRB1",0.131075940992943,0,"CLEC2B_KLRB1","CLEC2B - KLRB1","CLEC","Cell-Cell Contact","PMID: 24223577"
"MAIT / CD161-like T cells","Gamma-delta Cytotoxic T cells","MIF","CD74_CXCR4",0.131074267903401,0,"MIF_CD74_CXCR4","MIF - (CD74+CXCR4)","MIF","Secreted Signaling","PMID: 29637711; PMID: 24760155"
"MAIT / CD161-like T cells","Conventional Dendritic Cells","MIF","CD74_CD44",0.130988490655448,0,"MIF_CD74_CD44","MIF - (CD74+CD44)","MIF","Secreted Signaling","PMID: 29637711; PMID: 26175090"
"C1Q+ Monocytes","Myeloid cells","NAMPT","ITGA5_ITGB1",0.129613787180572,0,"NAMPT_ITGA5_ITGB1","NAMPT - (ITGA5+ITGB1)","VISFATIN","Secreted Signaling","PMID: 28490838"
"Gamma-delta Cytotoxic T cells","C1Q+ Monocytes","CD22","PTPRC",0.129402891399941,0,"CD22_PTPRC","CD22 - PTPRC","CD22","Cell-Cell Contact","KEGG: hsa04514"
"C1Q+ Monocytes","Gamma-delta Cytotoxic T cells","PTPRC","CD22",0.129402891399941,0,"PTPRC_CD22","PTPRC - CD22","CD45","Cell-Cell Contact","PMID: 12115612"
"Regulatory / Activated CD4 T cells","Conventional Dendritic Cells","MIF","CD74_CXCR4",0.129100103014111,0,"MIF_CD74_CXCR4","MIF - (CD74+CXCR4)","MIF","Secreted Signaling","PMID: 29637711; PMID: 24760155"
"Monocytes","NK cells","HLA-E","KLRK1",0.128949972699667,0,"HLA-E_KLRK1","HLA-E - KLRK1","MHC-I","Cell-Cell Contact","PMID: 28484462"
"NK cells","Platelets","ITGB2","CD226",0.12843820515972,0,"ITGB2_CD226","ITGB2 - CD226","ITGB2","Cell-Cell Contact","KEGG: hsa04514"
"Platelets","MAIT / CD161-like T cells","HLA-B","CD8A",0.128396761155011,0,"HLA-B_CD8A","HLA-B - CD8A","MHC-I","Cell-Cell Contact","KEGG: hsa04514"
"Regulatory / Activated CD4 T cells","Platelets","CD99","CD99",0.128108329287131,0,"CD99_CD99","CD99 - CD99","CD99","Cell-Cell Contact","KEGG: hsa04514"
"Platelets","Regulatory / Activated CD4 T cells","CD99","CD99",0.128108329287131,0,"CD99_CD99","CD99 - CD99","CD99","Cell-Cell Contact","KEGG: hsa04514"
"Myeloid cells","Conventional Dendritic Cells","APP","CD74",0.127934210024081,0,"APP_CD74","APP - CD74","APP","Cell-Cell Contact","PMID: 19849849"
"Platelets","Monocytes","CD99","CD99",0.12788257927941,0,"CD99_CD99","CD99 - CD99","CD99","Cell-Cell Contact","KEGG: hsa04514"
"Monocytes","Platelets","CD99","CD99",0.12788257927941,0,"CD99_CD99","CD99 - CD99","CD99","Cell-Cell Contact","KEGG: hsa04514"
"NK-like cells","Gamma-delta Cytotoxic T cells","ADGRE5","CD55",0.127882298501929,0,"ADGRE5_CD55","ADGRE5 - CD55","ADGRE5","Cell-Cell Contact","PMID: 11297558"
"Naive B cells","NK cells","CLEC2B","KLRB1",0.12776795334028,0,"CLEC2B_KLRB1","CLEC2B - KLRB1","CLEC","Cell-Cell Contact","PMID: 24223577"
"NK cells","NK cells","CD99","CD99",0.127655072153348,0,"CD99_CD99","CD99 - CD99","CD99","Cell-Cell Contact","KEGG: hsa04514"
"Monocytes","Platelets","ITGB2","CD226",0.12742263444745,0,"ITGB2_CD226","ITGB2 - CD226","ITGB2","Cell-Cell Contact","KEGG: hsa04514"
"Regulatory / Activated CD4 T cells","MAIT / CD161-like T cells","CLEC2B","KLRB1",0.127346579236045,0,"CLEC2B_KLRB1","CLEC2B - KLRB1","CLEC","Cell-Cell Contact","PMID: 24223577"
"Gamma-delta Cytotoxic T cells","Naive B cells","CD22","PTPRC",0.127337899560444,0,"CD22_PTPRC","CD22 - PTPRC","CD22","Cell-Cell Contact","KEGG: hsa04514"
"Naive B cells","Gamma-delta Cytotoxic T cells","PTPRC","CD22",0.127337899560444,0,"PTPRC_CD22","PTPRC - CD22","CD45","Cell-Cell Contact","PMID: 12115612"
"C1Q+ Monocytes","C1Q+ Monocytes","PECAM1","PECAM1",0.126874340776197,0,"PECAM1_PECAM1","PECAM1 - PECAM1","PECAM1","Cell-Cell Contact","KEGG: hsa04514"
"Gamma-delta Cytotoxic T cells","NK cells","HLA-E","KLRK1",0.126771598844557,0,"HLA-E_KLRK1","HLA-E - KLRK1","MHC-I","Cell-Cell Contact","PMID: 28484462"
"NK cells","Naive B cells","CD99","CD99",0.126661862916336,0,"CD99_CD99","CD99 - CD99","CD99","Cell-Cell Contact","KEGG: hsa04514"
"Naive B cells","NK cells","CD99","CD99",0.126661862916336,0,"CD99_CD99","CD99 - CD99","CD99","Cell-Cell Contact","KEGG: hsa04514"
"Naive CD4 T cells","NK cells","CLEC2D","KLRB1",0.126314062399299,0,"CLEC2D_KLRB1","CLEC2D - KLRB1","CLEC","Cell-Cell Contact","PMID: 24223577"
"Regulatory / Activated CD4 T cells","Gamma-delta Cytotoxic T cells","MIF","CD74_CD44",0.126102546635455,0,"MIF_CD74_CD44","MIF - (CD74+CD44)","MIF","Secreted Signaling","PMID: 29637711; PMID: 26175090"
"MAIT / CD161-like T cells","Conventional Dendritic Cells","MIF","CD74_CXCR4",0.125712061846055,0,"MIF_CD74_CXCR4","MIF - (CD74+CXCR4)","MIF","Secreted Signaling","PMID: 29637711; PMID: 24760155"
"Naive B cells","Naive B cells","CD99","CD99",0.125675267976275,0,"CD99_CD99","CD99 - CD99","CD99","Cell-Cell Contact","KEGG: hsa04514"
"MAIT / CD161-like T cells","Naive B cells","HLA-E","KLRK1",0.125185488822799,0,"HLA-E_KLRK1","HLA-E - KLRK1","MHC-I","Cell-Cell Contact","PMID: 28484462"
"NK-like cells","MAIT / CD161-like T cells","CD69","KLRB1",0.124963965091927,0,"CLEC2C_KLRB1","CLEC2C - KLRB1","CLEC","Cell-Cell Contact","PMID: 24223577"
"Gamma-delta Cytotoxic T cells","NK cells","CD22","PTPRC",0.124844173935991,0,"CD22_PTPRC","CD22 - PTPRC","CD22","Cell-Cell Contact","KEGG: hsa04514"
"NK cells","Gamma-delta Cytotoxic T cells","PTPRC","CD22",0.124844173935991,0,"PTPRC_CD22","PTPRC - CD22","CD45","Cell-Cell Contact","PMID: 12115612"
"Regulatory / Activated CD4 T cells","Monocytes","MIF","CD74_CD44",0.124584928420228,0,"MIF_CD74_CD44","MIF - (CD74+CD44)","MIF","Secreted Signaling","PMID: 29637711; PMID: 26175090"
"C1Q+ Monocytes","Gamma-delta Cytotoxic T cells","ADGRE5","CD55",0.123816115911229,0,"ADGRE5_CD55","ADGRE5 - CD55","ADGRE5","Cell-Cell Contact","PMID: 11297558"
"Gamma-delta Cytotoxic T cells","MAIT / CD161-like T cells","CLEC2B","KLRB1",0.123709401991612,0,"CLEC2B_KLRB1","CLEC2B - KLRB1","CLEC","Cell-Cell Contact","PMID: 24223577"
"Naive CD4 T cells","NK cells","CD69","KLRB1",0.123673415410571,0,"CLEC2C_KLRB1","CLEC2C - KLRB1","CLEC","Cell-Cell Contact","PMID: 24223577"
"Monocytes","MAIT / CD161-like T cells","CLEC2B","KLRB1",0.123602295842406,0,"CLEC2B_KLRB1","CLEC2B - KLRB1","CLEC","Cell-Cell Contact","PMID: 24223577"
"Classical Monocytes","NK cells","HLA-E","KLRK1",0.12349128248045,0,"HLA-E_KLRK1","HLA-E - KLRK1","MHC-I","Cell-Cell Contact","PMID: 28484462"
"MAIT / CD161-like T cells","Gamma-delta Cytotoxic T cells","MIF","CD74_CD44",0.122782081269315,0,"MIF_CD74_CD44","MIF - (CD74+CD44)","MIF","Secreted Signaling","PMID: 29637711; PMID: 26175090"
"Monocytes","Conventional Dendritic Cells","APP","CD74",0.12258892287643,0,"APP_CD74","APP - CD74","APP","Cell-Cell Contact","PMID: 19849849"
"Monocytes","Myeloid cells","NAMPT","ITGA5_ITGB1",0.12205971931974,0,"NAMPT_ITGA5_ITGB1","NAMPT - (ITGA5+ITGB1)","VISFATIN","Secreted Signaling","PMID: 28490838"
"Platelets","Classical Monocytes","THBS1","CD36",0.1220595652179,0,"THBS1_CD36","THBS1 - CD36","THBS","ECM-Receptor","KEGG: hsa04512"
"Conventional Dendritic Cells","Gamma-delta Cytotoxic T cells","MIF","CD74_CXCR4",0.121989203144199,0,"MIF_CD74_CXCR4","MIF - (CD74+CXCR4)","MIF","Secreted Signaling","PMID: 29637711; PMID: 24760155"
"NK cells","Gamma-delta Cytotoxic T cells","MIF","CD74_CXCR4",0.121958538593073,0,"MIF_CD74_CXCR4","MIF - (CD74+CXCR4)","MIF","Secreted Signaling","PMID: 29637711; PMID: 24760155"
"Conventional Dendritic Cells","Conventional Dendritic Cells","MIF","CD74_CD44",0.121908537187574,0,"MIF_CD74_CD44","MIF - (CD74+CD44)","MIF","Secreted Signaling","PMID: 29637711; PMID: 26175090"
"NK cells","Conventional Dendritic Cells","MIF","CD74_CD44",0.121877890098841,0,"MIF_CD74_CD44","MIF - (CD74+CD44)","MIF","Secreted Signaling","PMID: 29637711; PMID: 26175090"
"NK-like cells","C1Q+ Monocytes","ADGRE5","CD55",0.121601485820867,0,"ADGRE5_CD55","ADGRE5 - CD55","ADGRE5","Cell-Cell Contact","PMID: 11297558"
"Regulatory / Activated CD4 T cells","C1Q+ Monocytes","MIF","CD74_CD44",0.121583835795993,0,"MIF_CD74_CD44","MIF - (CD74+CD44)","MIF","Secreted Signaling","PMID: 29637711; PMID: 26175090"
"Regulatory / Activated CD4 T cells","Naive B cells","HLA-E","KLRK1",0.121499060106036,0,"HLA-E_KLRK1","HLA-E - KLRK1","MHC-I","Cell-Cell Contact","PMID: 28484462"
"MAIT / CD161-like T cells","Monocytes","MIF","CD74_CD44",0.121298877481366,0,"MIF_CD74_CD44","MIF - (CD74+CD44)","MIF","Secreted Signaling","PMID: 29637711; PMID: 26175090"
"Regulatory / Activated CD4 T cells","Plasma cells","MIF","CD74_CD44",0.121212967488933,0,"MIF_CD74_CD44","MIF - (CD74+CD44)","MIF","Secreted Signaling","PMID: 29637711; PMID: 26175090"
"Myeloid cells","Gamma-delta Cytotoxic T cells","APP","CD74",0.120816660694287,0,"APP_CD74","APP - CD74","APP","Cell-Cell Contact","PMID: 19849849"
"Regulatory / Activated CD4 T cells","NK cells","CLEC2D","KLRB1",0.120675349658592,0,"CLEC2D_KLRB1","CLEC2D - KLRB1","CLEC","Cell-Cell Contact","PMID: 24223577"
"NK cells","MAIT / CD161-like T cells","HLA-B","CD8A",0.120600744472677,0,"HLA-B_CD8A","HLA-B - CD8A","MHC-I","Cell-Cell Contact","KEGG: hsa04514"
"Conventional Dendritic Cells","C1Q+ Monocytes","HLA-DRA","CD4",0.120521336175789,0,"HLA-DRA_CD4","HLA-DRA - CD4","MHC-II","Cell-Cell Contact","KEGG: hsa04514"
"Naive B cells","Gamma-delta Cytotoxic T cells","MIF","CD74_CXCR4",0.120073340002697,0,"MIF_CD74_CXCR4","MIF - (CD74+CXCR4)","MIF","Secreted Signaling","PMID: 29637711; PMID: 24760155"
"Naive B cells","Conventional Dendritic Cells","MIF","CD74_CD44",0.119993767782009,0,"MIF_CD74_CD44","MIF - (CD74+CD44)","MIF","Secreted Signaling","PMID: 29637711; PMID: 26175090"
"Classical Monocytes","Platelets","ITGB2","CD226",0.119821351346784,0,"ITGB2_CD226","ITGB2 - CD226","ITGB2","Cell-Cell Contact","KEGG: hsa04514"
"NK-like cells","Myeloid cells","ADGRE5","CD55",0.119387644118202,0,"ADGRE5_CD55","ADGRE5 - CD55","ADGRE5","Cell-Cell Contact","PMID: 11297558"
"Naive B cells","MAIT / CD161-like T cells","HLA-B","CD8A",0.118608314944126,0,"HLA-B_CD8A","HLA-B - CD8A","MHC-I","Cell-Cell Contact","KEGG: hsa04514"
"Myeloid cells","Plasma cells","APP","CD74",0.118382597137816,0,"APP_CD74","APP - CD74","APP","Cell-Cell Contact","PMID: 19849849"
"MAIT / CD161-like T cells","C1Q+ Monocytes","MIF","CD74_CD44",0.118366238735479,0,"MIF_CD74_CD44","MIF - (CD74+CD44)","MIF","Secreted Signaling","PMID: 29637711; PMID: 26175090"
"Gamma-delta Cytotoxic T cells","MAIT / CD161-like T cells","CLEC2D","KLRB1",0.118320367631433,0,"CLEC2D_KLRB1","CLEC2D - KLRB1","CLEC","Cell-Cell Contact","PMID: 24223577"
"Naive CD4 T cells","Gamma-delta Cytotoxic T cells","MIF","CD74_CXCR4",0.118246690720762,0,"MIF_CD74_CXCR4","MIF - (CD74+CXCR4)","MIF","Secreted Signaling","PMID: 29637711; PMID: 24760155"
"Naive CD4 T cells","Conventional Dendritic Cells","MIF","CD74_CD44",0.118168166450858,0,"MIF_CD74_CD44","MIF - (CD74+CD44)","MIF","Secreted Signaling","PMID: 29637711; PMID: 26175090"
"MAIT / CD161-like T cells","Plasma cells","MIF","CD74_CD44",0.118003866621053,0,"MIF_CD74_CD44","MIF - (CD74+CD44)","MIF","Secreted Signaling","PMID: 29637711; PMID: 26175090"
"C1Q+ Monocytes","Platelets","ITGB2","CD226",0.117980341852102,0,"ITGB2_CD226","ITGB2 - CD226","ITGB2","Cell-Cell Contact","KEGG: hsa04514"
"C1Q+ Monocytes","C1Q+ Monocytes","ADGRE5","CD55",0.11770805575974,0,"ADGRE5_CD55","ADGRE5 - CD55","ADGRE5","Cell-Cell Contact","PMID: 11297558"
"Plasma cells","NK cells","CD69","KLRB1",0.117633515789735,0,"CLEC2C_KLRB1","CLEC2C - KLRB1","CLEC","Cell-Cell Contact","PMID: 24223577"
"Regulatory / Activated CD4 T cells","Classical Monocytes","MIF","CD74_CD44",0.117536322014951,0,"MIF_CD74_CD44","MIF - (CD74+CD44)","MIF","Secreted Signaling","PMID: 29637711; PMID: 26175090"
"Classical Monocytes","Classical Monocytes","NAMPT","ITGA5_ITGB1",0.117390454617648,0,"NAMPT_ITGA5_ITGB1","NAMPT - (ITGA5+ITGB1)","VISFATIN","Secreted Signaling","PMID: 28490838"
"MAIT / CD161-like T cells","MAIT / CD161-like T cells","HLA-B","CD8A",0.117297845669111,0,"HLA-B_CD8A","HLA-B - CD8A","MHC-I","Cell-Cell Contact","KEGG: hsa04514"
"Conventional Dendritic Cells","C1Q+ Monocytes","HLA-DRB1","CD4",0.117110614934834,0,"HLA-DRB1_CD4","HLA-DRB1 - CD4","MHC-II","Cell-Cell Contact","KEGG: hsa04514"
"Gamma-delta Cytotoxic T cells","MAIT / CD161-like T cells","CD22","PTPRC",0.117017891226645,0,"CD22_PTPRC","CD22 - PTPRC","CD22","Cell-Cell Contact","KEGG: hsa04514"
"MAIT / CD161-like T cells","Gamma-delta Cytotoxic T cells","PTPRC","CD22",0.117017891226645,0,"PTPRC_CD22","PTPRC - CD22","CD45","Cell-Cell Contact","PMID: 12115612"
"Conventional Dendritic Cells","Conventional Dendritic Cells","MIF","CD74_CXCR4",0.116948641518208,0,"MIF_CD74_CXCR4","MIF - (CD74+CXCR4)","MIF","Secreted Signaling","PMID: 29637711; PMID: 24760155"
"Platelets","MAIT / CD161-like T cells","CD99","CD99",0.116924998808497,0,"CD99_CD99","CD99 - CD99","CD99","Cell-Cell Contact","KEGG: hsa04514"
"MAIT / CD161-like T cells","Platelets","CD99","CD99",0.116924998808497,0,"CD99_CD99","CD99 - CD99","CD99","Cell-Cell Contact","KEGG: hsa04514"
"NK cells","Conventional Dendritic Cells","MIF","CD74_CXCR4",0.116919075293141,0,"MIF_CD74_CXCR4","MIF - (CD74+CXCR4)","MIF","Secreted Signaling","PMID: 29637711; PMID: 24760155"
"Gamma-delta Cytotoxic T cells","Regulatory / Activated CD4 T cells","CD22","PTPRC",0.116510801279074,0,"CD22_PTPRC","CD22 - PTPRC","CD22","Cell-Cell Contact","KEGG: hsa04514"
"Regulatory / Activated CD4 T cells","Gamma-delta Cytotoxic T cells","PTPRC","CD22",0.116510801279074,0,"PTPRC_CD22","PTPRC - CD22","CD45","Cell-Cell Contact","PMID: 12115612"
"NK cells","MAIT / CD161-like T cells","HLA-C","CD8A",0.116408117766267,0,"HLA-C_CD8A","HLA-C - CD8A","MHC-I","Cell-Cell Contact","KEGG: hsa04514"
"Myeloid cells","Classical Monocytes","NAMPT","ITGA5_ITGB1",0.116294220544182,0,"NAMPT_ITGA5_ITGB1","NAMPT - (ITGA5+ITGB1)","VISFATIN","Secreted Signaling","PMID: 28490838"
"Plasma cells","Gamma-delta Cytotoxic T cells","MIF","CD74_CXCR4",0.116249964060683,0,"MIF_CD74_CXCR4","MIF - (CD74+CXCR4)","MIF","Secreted Signaling","PMID: 29637711; PMID: 24760155"
"Plasma cells","Conventional Dendritic Cells","MIF","CD74_CD44",0.116172591061386,0,"MIF_CD74_CD44","MIF - (CD74+CD44)","MIF","Secreted Signaling","PMID: 29637711; PMID: 26175090"
"NK cells","NK cells","HLA-E","CD94:NKG2E",0.115972692959403,0,"HLA-E_CD94:NKG2E","HLA-E - CD94:NKG2E","MHC-I","Cell-Cell Contact","PMID: 28484462"
"Monocytes","Gamma-delta Cytotoxic T cells","APP","CD74",0.115729290947355,0,"APP_CD74","APP - CD74","APP","Cell-Cell Contact","PMID: 19849849"
"C1Q+ Monocytes","Myeloid cells","ADGRE5","CD55",0.115555771913237,0,"ADGRE5_CD55","ADGRE5 - CD55","ADGRE5","Cell-Cell Contact","PMID: 11297558"
"Plasma cells","Naive B cells","HLA-E","KLRK1",0.115254200604892,0,"HLA-E_KLRK1","HLA-E - KLRK1","MHC-I","Cell-Cell Contact","PMID: 28484462"
"Conventional Dendritic Cells","Monocytes","HLA-DRA","CD4",0.115130151476873,0,"HLA-DRA_CD4","HLA-DRA - CD4","MHC-II","Cell-Cell Contact","KEGG: hsa04514"
"Naive B cells","Conventional Dendritic Cells","MIF","CD74_CXCR4",0.115101563580971,0,"MIF_CD74_CXCR4","MIF - (CD74+CXCR4)","MIF","Secreted Signaling","PMID: 29637711; PMID: 24760155"
"Naive CD4 T cells","Naive B cells","HLA-E","KLRK1",0.115024781975476,0,"HLA-E_KLRK1","HLA-E - KLRK1","MHC-I","Cell-Cell Contact","PMID: 28484462"
"MAIT / CD161-like T cells","Classical Monocytes","MIF","CD74_CD44",0.114411887130251,0,"MIF_CD74_CD44","MIF - (CD74+CD44)","MIF","Secreted Signaling","PMID: 29637711; PMID: 26175090"
"Conventional Dendritic Cells","Gamma-delta Cytotoxic T cells","MIF","CD74_CD44",0.114196232309782,0,"MIF_CD74_CD44","MIF - (CD74+CD44)","MIF","Secreted Signaling","PMID: 29637711; PMID: 26175090"
"NK cells","Gamma-delta Cytotoxic T cells","MIF","CD74_CD44",0.114167271967494,0,"MIF_CD74_CD44","MIF - (CD74+CD44)","MIF","Secreted Signaling","PMID: 29637711; PMID: 26175090"
"Regulatory / Activated CD4 T cells","Plasma cells","MIF","CD74_CXCR4",0.113888758038122,0,"MIF_CD74_CXCR4","MIF - (CD74+CXCR4)","MIF","Secreted Signaling","PMID: 29637711; PMID: 24760155"
"Monocytes","Plasma cells","APP","CD74",0.113384503168478,0,"APP_CD74","APP - CD74","APP","Cell-Cell Contact","PMID: 19849849"
"Naive CD4 T cells","Conventional Dendritic Cells","MIF","CD74_CXCR4",0.113340806572776,0,"MIF_CD74_CXCR4","MIF - (CD74+CXCR4)","MIF","Secreted Signaling","PMID: 29637711; PMID: 24760155"
"Gamma-delta Cytotoxic T cells","Gamma-delta Cytotoxic T cells","CD22","PTPRC",0.112927904618631,0,"CD22_PTPRC","CD22 - PTPRC","CD22","Cell-Cell Contact","KEGG: hsa04514"
"Gamma-delta Cytotoxic T cells","Gamma-delta Cytotoxic T cells","PTPRC","CD22",0.112927904618631,0,"PTPRC_CD22","PTPRC - CD22","CD45","Cell-Cell Contact","PMID: 12115612"
"Conventional Dendritic Cells","Monocytes","MIF","CD74_CD44",0.112803408141106,0,"MIF_CD74_CD44","MIF - (CD74+CD44)","MIF","Secreted Signaling","PMID: 29637711; PMID: 26175090"
"NK cells","Monocytes","MIF","CD74_CD44",0.112774756051226,0,"MIF_CD74_CD44","MIF - (CD74+CD44)","MIF","Secreted Signaling","PMID: 29637711; PMID: 26175090"
"Platelets","Naive B cells","HLA-E","CD94:NKG2E",0.112743217075657,0,"HLA-E_CD94:NKG2E","HLA-E - CD94:NKG2E","MHC-I","Cell-Cell Contact","PMID: 28484462"
"NK-like cells","NK cells","HLA-E","KLRK1",0.112707749711259,0,"HLA-E_KLRK1","HLA-E - KLRK1","MHC-I","Cell-Cell Contact","PMID: 28484462"
"Platelets","Naive B cells","APP","CD74",0.112477932180521,0,"APP_CD74","APP - CD74","APP","Cell-Cell Contact","PMID: 19849849"
"Naive B cells","Gamma-delta Cytotoxic T cells","MIF","CD74_CD44",0.112387093059887,0,"MIF_CD74_CD44","MIF - (CD74+CD44)","MIF","Secreted Signaling","PMID: 29637711; PMID: 26175090"
"Gamma-delta Cytotoxic T cells","Naive CD4 T cells","CD22","PTPRC",0.112221465347815,0,"CD22_PTPRC","CD22 - PTPRC","CD22","Cell-Cell Contact","KEGG: hsa04514"
"Naive CD4 T cells","Gamma-delta Cytotoxic T cells","PTPRC","CD22",0.112221465347815,0,"PTPRC_CD22","PTPRC - CD22","CD45","Cell-Cell Contact","PMID: 12115612"
"Platelets","Classical Monocytes","CD99","CD99",0.112192580232596,0,"CD99_CD99","CD99 - CD99","CD99","Cell-Cell Contact","KEGG: hsa04514"
"Classical Monocytes","Platelets","CD99","CD99",0.112192580232596,0,"CD99_CD99","CD99 - CD99","CD99","Cell-Cell Contact","KEGG: hsa04514"
"C1Q+ Monocytes","NK-like cells","LGALS9","PTPRC",0.11211314571382,0,"LGALS9_CD45","LGALS9 - CD45","GALECTIN","Secreted Signaling","PMID: 30120235"
"Monocytes","MAIT / CD161-like T cells","HLA-B","CD8A",0.111915920918863,0,"HLA-B_CD8A","HLA-B - CD8A","MHC-I","Cell-Cell Contact","KEGG: hsa04514"
"Conventional Dendritic Cells","Monocytes","HLA-DRB1","CD4",0.111852595484962,0,"HLA-DRB1_CD4","HLA-DRB1 - CD4","MHC-II","Cell-Cell Contact","KEGG: hsa04514"
"Platelets","Classical Monocytes","TGFB1","ACVR1B_TGFbR2",0.111741573453759,0,"TGFB1_ACVR1B_TGFBR2","TGFB1 - (ACVR1B+TGFBR2)","TGFb","Secreted Signaling","PMID: 27449815"
"Platelets","MAIT / CD161-like T cells","HLA-C","CD8A",0.111651128785912,0,"HLA-C_CD8A","HLA-C - CD8A","MHC-I","Cell-Cell Contact","KEGG: hsa04514"
"Conventional Dendritic Cells","NK cells","HLA-E","KLRK1",0.111519639685734,0,"HLA-E_KLRK1","HLA-E - KLRK1","MHC-I","Cell-Cell Contact","PMID: 28484462"
"NK-like cells","Classical Monocytes","ADGRE5","CD55",0.111459989739212,0,"ADGRE5_CD55","ADGRE5 - CD55","ADGRE5","Cell-Cell Contact","PMID: 11297558"
"Plasma cells","Conventional Dendritic Cells","MIF","CD74_CXCR4",0.111416453564689,0,"MIF_CD74_CXCR4","MIF - (CD74+CXCR4)","MIF","Secreted Signaling","PMID: 29637711; PMID: 24760155"
"Platelets","Plasma cells","THBS1","CD47",0.111300086077261,0,"THBS1_CD47","THBS1 - CD47","THBS","ECM-Receptor","KEGG: hsa04512"
"Naive B cells","Monocytes","MIF","CD74_CD44",0.111013569148987,0,"MIF_CD74_CD44","MIF - (CD74+CD44)","MIF","Secreted Signaling","PMID: 29637711; PMID: 26175090"
"MAIT / CD161-like T cells","Plasma cells","MIF","CD74_CXCR4",0.11084910558764,0,"MIF_CD74_CXCR4","MIF - (CD74+CXCR4)","MIF","Secreted Signaling","PMID: 29637711; PMID: 24760155"
"Naive CD4 T cells","Gamma-delta Cytotoxic T cells","MIF","CD74_CD44",0.110662667535541,0,"MIF_CD74_CD44","MIF - (CD74+CD44)","MIF","Secreted Signaling","PMID: 29637711; PMID: 26175090"
"C1Q+ Monocytes","MAIT / CD161-like T cells","HLA-B","CD8A",0.11024393506438,0,"HLA-B_CD8A","HLA-B - CD8A","MHC-I","Cell-Cell Contact","KEGG: hsa04514"
"Conventional Dendritic Cells","C1Q+ Monocytes","MIF","CD74_CD44",0.110050439987366,0,"MIF_CD74_CD44","MIF - (CD74+CD44)","MIF","Secreted Signaling","PMID: 29637711; PMID: 26175090"
"C1Q+ Monocytes","Classical Monocytes","NAMPT","ITGA5_ITGB1",0.110049602790306,0,"NAMPT_ITGA5_ITGB1","NAMPT - (ITGA5+ITGB1)","VISFATIN","Secreted Signaling","PMID: 28490838"
"NK cells","C1Q+ Monocytes","MIF","CD74_CD44",0.11002240043653,0,"MIF_CD74_CD44","MIF - (CD74+CD44)","MIF","Secreted Signaling","PMID: 29637711; PMID: 26175090"
"Naive B cells","MAIT / CD161-like T cells","HLA-C","CD8A",0.109814256101215,0,"HLA-C_CD8A","HLA-C - CD8A","MHC-I","Cell-Cell Contact","KEGG: hsa04514"
"C1Q+ Monocytes","C1Q+ Monocytes","LGALS9","PTPRC",0.109753615954706,0,"LGALS9_CD45","LGALS9 - CD45","GALECTIN","Secreted Signaling","PMID: 30120235"
"Conventional Dendritic Cells","Plasma cells","MIF","CD74_CD44",0.109710358222966,0,"MIF_CD74_CD44","MIF - (CD74+CD44)","MIF","Secreted Signaling","PMID: 29637711; PMID: 26175090"
"NK cells","Plasma cells","MIF","CD74_CD44",0.109682394641855,0,"MIF_CD74_CD44","MIF - (CD74+CD44)","MIF","Secreted Signaling","PMID: 29637711; PMID: 26175090"
"NK-like cells","Naive CD4 T cells","ADGRE5","CD55",0.109422461182141,0,"ADGRE5_CD55","ADGRE5 - CD55","ADGRE5","Cell-Cell Contact","PMID: 11297558"
"Naive CD4 T cells","Monocytes","MIF","CD74_CD44",0.109307623140908,0,"MIF_CD74_CD44","MIF - (CD74+CD44)","MIF","Secreted Signaling","PMID: 29637711; PMID: 26175090"
"Classical Monocytes","MAIT / CD161-like T cells","CLEC2B","KLRB1",0.108976883951236,0,"CLEC2B_KLRB1","CLEC2B - KLRB1","CLEC","Cell-Cell Contact","PMID: 24223577"
"Monocytes","Naive B cells","HLA-E","KLRK1",0.108828014508217,0,"HLA-E_KLRK1","HLA-E - KLRK1","MHC-I","Cell-Cell Contact","PMID: 28484462"
"Plasma cells","Gamma-delta Cytotoxic T cells","MIF","CD74_CD44",0.108778206728494,0,"MIF_CD74_CD44","MIF - (CD74+CD44)","MIF","Secreted Signaling","PMID: 29637711; PMID: 26175090"
"Conventional Dendritic Cells","Platelets","ITGB2","CD226",0.108674964644682,0,"ITGB2_CD226","ITGB2 - CD226","ITGB2","Cell-Cell Contact","KEGG: hsa04514"
"Classical Monocytes","Monocytes","APP","CD74",0.10848224129387,0,"APP_CD74","APP - CD74","APP","Cell-Cell Contact","PMID: 19849849"
"NK-like cells","Plasma cells","ADGRE5","CD55",0.108305731891153,0,"ADGRE5_CD55","ADGRE5 - CD55","ADGRE5","Cell-Cell Contact","PMID: 11297558"
"Naive B cells","C1Q+ Monocytes","MIF","CD74_CD44",0.108298949943319,0,"MIF_CD74_CD44","MIF - (CD74+CD44)","MIF","Secreted Signaling","PMID: 29637711; PMID: 26175090"
"Conventional Dendritic Cells","NK-like cells","LGALS9","PTPRC",0.108148929486923,0,"LGALS9_CD45","LGALS9 - CD45","GALECTIN","Secreted Signaling","PMID: 30120235"
"Naive B cells","Plasma cells","MIF","CD74_CD44",0.107963624079689,0,"MIF_CD74_CD44","MIF - (CD74+CD44)","MIF","Secreted Signaling","PMID: 29637711; PMID: 26175090"
"C1Q+ Monocytes","Naive B cells","LGALS9","PTPRC",0.107963299495249,0,"LGALS9_CD45","LGALS9 - CD45","GALECTIN","Secreted Signaling","PMID: 30120235"
"Platelets","MAIT / CD161-like T cells","HLA-A","CD8A",0.107871027121006,0,"HLA-A_CD8A","HLA-A - CD8A","MHC-I","Cell-Cell Contact","KEGG: hsa04514"
"C1Q+ Monocytes","Classical Monocytes","ADGRE5","CD55",0.107851401089186,0,"ADGRE5_CD55","ADGRE5 - CD55","ADGRE5","Cell-Cell Contact","PMID: 11297558"
"NK cells","C1Q+ Monocytes","CD99","PILRA",0.10760592273543,0,"CD99_PILRA","CD99 - PILRA","CD99","Cell-Cell Contact","PMID: 18234675"
"Plasma cells","Monocytes","MIF","CD74_CD44",0.107443449472205,0,"MIF_CD74_CD44","MIF - (CD74+CD44)","MIF","Secreted Signaling","PMID: 29637711; PMID: 26175090"
"NK cells","MAIT / CD161-like T cells","HLA-A","CD8A",0.107386487766155,0,"HLA-A_CD8A","HLA-A - CD8A","MHC-I","Cell-Cell Contact","KEGG: hsa04514"
"Gamma-delta Cytotoxic T cells","Conventional Dendritic Cells","CD22","PTPRC",0.107365583275213,0,"CD22_PTPRC","CD22 - PTPRC","CD22","Cell-Cell Contact","KEGG: hsa04514"
"Conventional Dendritic Cells","Gamma-delta Cytotoxic T cells","PTPRC","CD22",0.107365583275213,0,"PTPRC_CD22","PTPRC - CD22","CD45","Cell-Cell Contact","PMID: 12115612"
"Gamma-delta Cytotoxic T cells","Classical Monocytes","CD22","PTPRC",0.10714705343021,0,"CD22_PTPRC","CD22 - PTPRC","CD22","Cell-Cell Contact","KEGG: hsa04514"
"Classical Monocytes","Gamma-delta Cytotoxic T cells","PTPRC","CD22",0.10714705343021,0,"PTPRC_CD22","PTPRC - CD22","CD45","Cell-Cell Contact","PMID: 12115612"
"Conventional Dendritic Cells","NK cells","CLEC2B","KLRB1",0.107119679209676,0,"CLEC2B_KLRB1","CLEC2B - KLRB1","CLEC","Cell-Cell Contact","PMID: 24223577"
"Regulatory / Activated CD4 T cells","MAIT / CD161-like T cells","HLA-B","CD8A",0.107044745638586,0,"HLA-B_CD8A","HLA-B - CD8A","MHC-I","Cell-Cell Contact","KEGG: hsa04514"
"Platelets","NK cells","APP","CD74",0.107014563845805,0,"APP_CD74","APP - CD74","APP","Cell-Cell Contact","PMID: 19849849"
"Gamma-delta Cytotoxic T cells","Naive B cells","HLA-E","KLRK1",0.106947828373246,0,"HLA-E_KLRK1","HLA-E - KLRK1","MHC-I","Cell-Cell Contact","PMID: 28484462"
"Classical Monocytes","Monocytes","NAMPT","ITGA5_ITGB1",0.106862416791833,0,"NAMPT_ITGA5_ITGB1","NAMPT - (ITGA5+ITGB1)","VISFATIN","Secreted Signaling","PMID: 28490838"
"Gamma-delta Cytotoxic T cells","Monocytes","CD22","PTPRC",0.106822691208366,0,"CD22_PTPRC","CD22 - PTPRC","CD22","Cell-Cell Contact","KEGG: hsa04514"
"Monocytes","Gamma-delta Cytotoxic T cells","PTPRC","CD22",0.106822691208366,0,"PTPRC_CD22","PTPRC - CD22","CD45","Cell-Cell Contact","PMID: 12115612"
"Platelets","Gamma-delta Cytotoxic T cells","THBS1","CD47",0.106821423539096,0,"THBS1_CD47","THBS1 - CD47","THBS","ECM-Receptor","KEGG: hsa04512"
"Classical Monocytes","MAIT / CD161-like T cells","HLA-B","CD8A",0.106815304612146,0,"HLA-B_CD8A","HLA-B - CD8A","MHC-I","Cell-Cell Contact","KEGG: hsa04514"
"Naive B cells","C1Q+ Monocytes","CD99","PILRA",0.106749615454157,0,"CD99_PILRA","CD99 - PILRA","CD99","Cell-Cell Contact","PMID: 18234675"
"Naive CD4 T cells","C1Q+ Monocytes","MIF","CD74_CD44",0.106629715915905,0,"MIF_CD74_CD44","MIF - (CD74+CD44)","MIF","Secreted Signaling","PMID: 29637711; PMID: 26175090"
"Conventional Dendritic Cells","Myeloid cells","NAMPT","ITGA5_ITGB1",0.106492474187905,0,"NAMPT_ITGA5_ITGB1","NAMPT - (ITGA5+ITGB1)","VISFATIN","Secreted Signaling","PMID: 28490838"
"Conventional Dendritic Cells","Classical Monocytes","MIF","CD74_CD44",0.106340391642264,0,"MIF_CD74_CD44","MIF - (CD74+CD44)","MIF","Secreted Signaling","PMID: 29637711; PMID: 26175090"
"NK cells","Classical Monocytes","MIF","CD74_CD44",0.106313184445355,0,"MIF_CD74_CD44","MIF - (CD74+CD44)","MIF","Secreted Signaling","PMID: 29637711; PMID: 26175090"
"Naive CD4 T cells","Plasma cells","MIF","CD74_CD44",0.106298942372661,0,"MIF_CD74_CD44","MIF - (CD74+CD44)","MIF","Secreted Signaling","PMID: 29637711; PMID: 26175090"
"Platelets","Classical Monocytes","TGFB1","TGFbR1_R2",0.106109708215637,0,"TGFB1_TGFBR1_TGFBR2","TGFB1 - (TGFBR1+TGFBR2)","TGFb","Secreted Signaling","KEGG: hsa04350"
"C1Q+ Monocytes","Naive CD4 T cells","ADGRE5","CD55",0.105871978761079,0,"ADGRE5_CD55","ADGRE5 - CD55","ADGRE5","Cell-Cell Contact","PMID: 11297558"
"Conventional Dendritic Cells","C1Q+ Monocytes","LGALS9","PTPRC",0.105862883035234,0,"LGALS9_CD45","LGALS9 - CD45","GALECTIN","Secreted Signaling","PMID: 30120235"
"Myeloid cells","Monocytes","NAMPT","ITGA5_ITGB1",0.105852706285254,0,"NAMPT_ITGA5_ITGB1","NAMPT - (ITGA5+ITGB1)","VISFATIN","Secreted Signaling","PMID: 28490838"
"MAIT / CD161-like T cells","MAIT / CD161-like T cells","HLA-C","CD8A",0.105809946853414,0,"HLA-C_CD8A","HLA-C - CD8A","MHC-I","Cell-Cell Contact","KEGG: hsa04514"
"C1Q+ Monocytes","NK cells","LGALS9","PTPRC",0.10580299505991,0,"LGALS9_CD45","LGALS9 - CD45","GALECTIN","Secreted Signaling","PMID: 30120235"
"Gamma-delta Cytotoxic T cells","Myeloid cells","CD22","PTPRC",0.105653101394715,0,"CD22_PTPRC","CD22 - PTPRC","CD22","Cell-Cell Contact","KEGG: hsa04514"
"Myeloid cells","Gamma-delta Cytotoxic T cells","PTPRC","CD22",0.105653101394715,0,"PTPRC_CD22","PTPRC - CD22","CD45","Cell-Cell Contact","PMID: 12115612"
"Platelets","Naive B cells","HLA-E","CD94:NKG2C",0.105645062389234,0,"HLA-E_CD94:NKG2C","HLA-E - CD94:NKG2C","MHC-I","Cell-Cell Contact","PMID: 28484462"
"Gamma-delta Cytotoxic T cells","Plasma cells","CD22","PTPRC",0.105549435053201,0,"CD22_PTPRC","CD22 - PTPRC","CD22","Cell-Cell Contact","KEGG: hsa04514"
"Plasma cells","Gamma-delta Cytotoxic T cells","PTPRC","CD22",0.105549435053201,0,"PTPRC_CD22","PTPRC - CD22","CD45","Cell-Cell Contact","PMID: 12115612"
"Naive B cells","NK cells","HLA-E","CD94:NKG2E",0.105432538056019,0,"HLA-E_CD94:NKG2E","HLA-E - CD94:NKG2E","MHC-I","Cell-Cell Contact","PMID: 28484462"
"Naive B cells","NK cells","CLEC2D","KLRB1",0.105007058455893,0,"CLEC2D_KLRB1","CLEC2D - KLRB1","CLEC","Cell-Cell Contact","PMID: 24223577"
"Plasma cells","C1Q+ Monocytes","MIF","CD74_CD44",0.104805838397703,0,"MIF_CD74_CD44","MIF - (CD74+CD44)","MIF","Secreted Signaling","PMID: 29637711; PMID: 26175090"
"C1Q+ Monocytes","Plasma cells","ADGRE5","CD55",0.104787221022989,0,"ADGRE5_CD55","ADGRE5 - CD55","ADGRE5","Cell-Cell Contact","PMID: 11297558"
"Naive B cells","Classical Monocytes","MIF","CD74_CD44",0.104641005517731,0,"MIF_CD74_CD44","MIF - (CD74+CD44)","MIF","Secreted Signaling","PMID: 29637711; PMID: 26175090"
"Plasma cells","Plasma cells","MIF","CD74_CD44",0.104480060978987,0,"MIF_CD74_CD44","MIF - (CD74+CD44)","MIF","Secreted Signaling","PMID: 29637711; PMID: 26175090"
"NK-like cells","Monocytes","ADGRE5","CD55",0.104185884376696,0,"ADGRE5_CD55","ADGRE5 - CD55","ADGRE5","Cell-Cell Contact","PMID: 11297558"
"Conventional Dendritic Cells","Naive B cells","LGALS9","PTPRC",0.104128609370478,0,"LGALS9_CD45","LGALS9 - CD45","GALECTIN","Secreted Signaling","PMID: 30120235"
"Classical Monocytes","Naive B cells","HLA-E","KLRK1",0.104119305654732,0,"HLA-E_KLRK1","HLA-E - KLRK1","MHC-I","Cell-Cell Contact","PMID: 28484462"
"C1Q+ Monocytes","NK cells","HLA-E","CD94:NKG2E",0.103967919747343,0,"HLA-E_CD94:NKG2E","HLA-E - CD94:NKG2E","MHC-I","Cell-Cell Contact","PMID: 28484462"
"NK cells","NK-like cells","HLA-E","KLRK1",0.103878224796394,0,"HLA-E_KLRK1","HLA-E - KLRK1","MHC-I","Cell-Cell Contact","PMID: 28484462"
"Naive B cells","MAIT / CD161-like T cells","HLA-A","CD8A",0.103757327510664,0,"HLA-A_CD8A","HLA-A - CD8A","MHC-I","Cell-Cell Contact","KEGG: hsa04514"
"Regulatory / Activated CD4 T cells","NK cells","CD99","CD99",0.103614693557967,0,"CD99_CD99","CD99 - CD99","CD99","Cell-Cell Contact","KEGG: hsa04514"
"NK cells","Regulatory / Activated CD4 T cells","CD99","CD99",0.103614693557967,0,"CD99_CD99","CD99 - CD99","CD99","Cell-Cell Contact","KEGG: hsa04514"
"Monocytes","Classical Monocytes","NAMPT","ITGA5_ITGB1",0.103500174446727,0,"NAMPT_ITGA5_ITGB1","NAMPT - (ITGA5+ITGB1)","VISFATIN","Secreted Signaling","PMID: 28490838"
"NK cells","Monocytes","CD99","CD99",0.103426985699618,0,"CD99_CD99","CD99 - CD99","CD99","Cell-Cell Contact","KEGG: hsa04514"
"Monocytes","NK cells","CD99","CD99",0.103426985699618,0,"CD99_CD99","CD99 - CD99","CD99","Cell-Cell Contact","KEGG: hsa04514"
"NK cells","Gamma-delta Cytotoxic T cells","ADGRE5","CD55",0.103317704289609,0,"ADGRE5_CD55","ADGRE5 - CD55","ADGRE5","Cell-Cell Contact","PMID: 11297558"
"Naive CD4 T cells","Classical Monocytes","MIF","CD74_CD44",0.103021638268764,0,"MIF_CD74_CD44","MIF - (CD74+CD44)","MIF","Secreted Signaling","PMID: 29637711; PMID: 26175090"
"Conventional Dendritic Cells","Plasma cells","MIF","CD74_CXCR4",0.102999722944828,0,"MIF_CD74_CXCR4","MIF - (CD74+CXCR4)","MIF","Secreted Signaling","PMID: 29637711; PMID: 24760155"
"NK cells","Plasma cells","MIF","CD74_CXCR4",0.102973271972965,0,"MIF_CD74_CXCR4","MIF - (CD74+CXCR4)","MIF","Secreted Signaling","PMID: 29637711; PMID: 24760155"
"Plasma cells","MAIT / CD161-like T cells","HLA-B","CD8A",0.102945066353351,0,"HLA-B_CD8A","HLA-B - CD8A","MHC-I","Cell-Cell Contact","KEGG: hsa04514"
"Conventional Dendritic Cells","MAIT / CD161-like T cells","HLA-B","CD8A",0.10287202639905,0,"HLA-B_CD8A","HLA-B - CD8A","MHC-I","Cell-Cell Contact","KEGG: hsa04514"
"Regulatory / Activated CD4 T cells","Naive B cells","CD99","CD99",0.102786489411107,0,"CD99_CD99","CD99 - CD99","CD99","Cell-Cell Contact","KEGG: hsa04514"
"Naive B cells","Regulatory / Activated CD4 T cells","CD99","CD99",0.102786489411107,0,"CD99_CD99","CD99 - CD99","CD99","Cell-Cell Contact","KEGG: hsa04514"
"Platelets","NK cells","THBS1","CD47",0.102617124484314,0,"THBS1_CD47","THBS1 - CD47","THBS","ECM-Receptor","KEGG: hsa04512"
"Naive B cells","Monocytes","CD99","CD99",0.102600110191081,0,"CD99_CD99","CD99 - CD99","CD99","Cell-Cell Contact","KEGG: hsa04514"
"Monocytes","Naive B cells","CD99","CD99",0.102600110191081,0,"CD99_CD99","CD99 - CD99","CD99","Cell-Cell Contact","KEGG: hsa04514"
"Monocytes","Gamma-delta Cytotoxic T cells","MIF","CD74_CXCR4",0.102421873114789,0,"MIF_CD74_CXCR4","MIF - (CD74+CXCR4)","MIF","Secreted Signaling","PMID: 29637711; PMID: 24760155"
"Classical Monocytes","C1Q+ Monocytes","APP","CD74",0.102409887239889,0,"APP_CD74","APP - CD74","APP","Cell-Cell Contact","PMID: 19849849"
"Conventional Dendritic Cells","Conventional Dendritic Cells","HLA-DRA","CD4",0.102392043049867,0,"HLA-DRA_CD4","HLA-DRA - CD4","MHC-II","Cell-Cell Contact","KEGG: hsa04514"
"Monocytes","Conventional Dendritic Cells","MIF","CD74_CD44",0.102352637809366,0,"MIF_CD74_CD44","MIF - (CD74+CD44)","MIF","Secreted Signaling","PMID: 29637711; PMID: 26175090"
"Conventional Dendritic Cells","NK cells","LGALS9","PTPRC",0.102036258726929,0,"LGALS9_CD45","LGALS9 - CD45","GALECTIN","Secreted Signaling","PMID: 30120235"
"Plasma cells","NK-like cells","CD22","PTPRC",0.10191125061495,0,"CD22_PTPRC","CD22 - PTPRC","CD22","Cell-Cell Contact","KEGG: hsa04514"
"NK-like cells","Plasma cells","PTPRC","CD22",0.10191125061495,0,"PTPRC_CD22","PTPRC - CD22","CD45","Cell-Cell Contact","PMID: 12115612"
"Platelets","NK cells","CLEC1B","KLRB1",0.101478775547661,0,"CLEC1B_KLRB1","CLEC1B - KLRB1","CLEC","Cell-Cell Contact","PMID: 24223577"
"Naive B cells","Plasma cells","MIF","CD74_CXCR4",0.101347668431857,0,"MIF_CD74_CXCR4","MIF - (CD74+CXCR4)","MIF","Secreted Signaling","PMID: 29637711; PMID: 24760155"
"Plasma cells","Classical Monocytes","MIF","CD74_CD44",0.101252481440511,0,"MIF_CD74_CD44","MIF - (CD74+CD44)","MIF","Secreted Signaling","PMID: 29637711; PMID: 26175090"
"C1Q+ Monocytes","NK cells","CLEC2B","KLRB1",0.101196732990349,0,"CLEC2B_KLRB1","CLEC2B - KLRB1","CLEC","Cell-Cell Contact","PMID: 24223577"
"MAIT / CD161-like T cells","MAIT / CD161-like T cells","HLA-A","CD8A",0.100917296575625,0,"HLA-A_CD8A","HLA-A - CD8A","MHC-I","Cell-Cell Contact","KEGG: hsa04514"
"C1Q+ Monocytes","Monocytes","ADGRE5","CD55",0.100786086620686,0,"ADGRE5_CD55","ADGRE5 - CD55","ADGRE5","Cell-Cell Contact","PMID: 11297558"
"C1Q+ Monocytes","Monocytes","NAMPT","ITGA5_ITGB1",0.100105250888162,0,"NAMPT_ITGA5_ITGB1","NAMPT - (ITGA5+ITGB1)","VISFATIN","Secreted Signaling","PMID: 28490838"
"Naive CD4 T cells","Plasma cells","MIF","CD74_CXCR4",0.0997735877332013,0,"MIF_CD74_CXCR4","MIF - (CD74+CXCR4)","MIF","Secreted Signaling","PMID: 29637711; PMID: 24760155"
"Plasma cells","C1Q+ Monocytes","CD22","PTPRC",0.0997423099395041,0,"CD22_PTPRC","CD22 - PTPRC","CD22","Cell-Cell Contact","KEGG: hsa04514"
"C1Q+ Monocytes","Plasma cells","PTPRC","CD22",0.0997423099395041,0,"PTPRC_CD22","PTPRC - CD22","CD45","Cell-Cell Contact","PMID: 12115612"
"Monocytes","MAIT / CD161-like T cells","HLA-C","CD8A",0.099579079877973,0,"HLA-C_CD8A","HLA-C - CD8A","MHC-I","Cell-Cell Contact","KEGG: hsa04514"
"MAIT / CD161-like T cells","NK cells","CLEC2B","KLRB1",0.0995140043945066,0,"CLEC2B_KLRB1","CLEC2B - KLRB1","CLEC","Cell-Cell Contact","PMID: 24223577"
"Regulatory / Activated CD4 T cells","Monocytes","MIF","CD74_CXCR4",0.0994743398713714,0,"MIF_CD74_CXCR4","MIF - (CD74+CXCR4)","MIF","Secreted Signaling","PMID: 29637711; PMID: 24760155"
"Platelets","Conventional Dendritic Cells","CD99","CD99",0.0994456426117217,0,"CD99_CD99","CD99 - CD99","CD99","Cell-Cell Contact","KEGG: hsa04514"
"Conventional Dendritic Cells","Platelets","CD99","CD99",0.0994456426117217,0,"CD99_CD99","CD99 - CD99","CD99","Cell-Cell Contact","KEGG: hsa04514"
"Conventional Dendritic Cells","Conventional Dendritic Cells","HLA-DRB1","CD4",0.0994363685438702,0,"HLA-DRB1_CD4","HLA-DRB1 - CD4","MHC-II","Cell-Cell Contact","KEGG: hsa04514"
"Platelets","NK-like cells","TGFB1","TGFbR1_R2",0.0993025852439915,0,"TGFB1_TGFBR1_TGFBR2","TGFB1 - (TGFBR1+TGFBR2)","TGFb","Secreted Signaling","KEGG: hsa04350"
"NK cells","MAIT / CD161-like T cells","HLA-E","CD8A",0.0992439754022675,0,"HLA-E_CD8A","HLA-E - CD8A","MHC-I","Cell-Cell Contact","KEGG: hsa04514"
"NK cells","Platelets","GZMA","F2R",0.0991899576377759,0,"GZMA_F2R","GZMA - F2R","PARs","Secreted Signaling","KEGG: hsa04080"
"C1Q+ Monocytes","MAIT / CD161-like T cells","LGALS9","PTPRC",0.0990352952363875,0,"LGALS9_CD45","LGALS9 - CD45","GALECTIN","Secreted Signaling","PMID: 30120235"
"C1Q+ Monocytes","MAIT / CD161-like T cells","HLA-C","CD8A",0.0990179978531392,0,"HLA-C_CD8A","HLA-C - CD8A","MHC-I","Cell-Cell Contact","KEGG: hsa04514"
"C1Q+ Monocytes","Regulatory / Activated CD4 T cells","LGALS9","PTPRC",0.0985974301859675,0,"LGALS9_CD45","LGALS9 - CD45","GALECTIN","Secreted Signaling","PMID: 30120235"
"MAIT / CD161-like T cells","NK cells","HLA-E","CD94:NKG2E",0.098485060817476,0,"HLA-E_CD94:NKG2E","HLA-E - CD94:NKG2E","MHC-I","Cell-Cell Contact","PMID: 28484462"
"Regulatory / Activated CD4 T cells","MAIT / CD161-like T cells","HLA-C","CD8A",0.0983936779496023,0,"HLA-C_CD8A","HLA-C - CD8A","MHC-I","Cell-Cell Contact","KEGG: hsa04514"
"NK cells","C1Q+ Monocytes","ADGRE5","CD55",0.098107637725201,0,"ADGRE5_CD55","ADGRE5 - CD55","ADGRE5","Cell-Cell Contact","PMID: 11297558"
"Monocytes","Conventional Dendritic Cells","MIF","CD74_CXCR4",0.0980994934005253,0,"MIF_CD74_CXCR4","MIF - (CD74+CXCR4)","MIF","Secreted Signaling","PMID: 29637711; PMID: 24760155"
"Plasma cells","Naive B cells","CD22","PTPRC",0.0980973044518278,0,"CD22_PTPRC","CD22 - PTPRC","CD22","Cell-Cell Contact","KEGG: hsa04514"
"Naive B cells","Plasma cells","PTPRC","CD22",0.0980973044518278,0,"PTPRC_CD22","PTPRC - CD22","CD45","Cell-Cell Contact","PMID: 12115612"
"Plasma cells","Plasma cells","MIF","CD74_CXCR4",0.0980541112148535,0,"MIF_CD74_CXCR4","MIF - (CD74+CXCR4)","MIF","Secreted Signaling","PMID: 29637711; PMID: 24760155"
"C1Q+ Monocytes","Myeloid cells","LGALS9","CD44",0.0974373967220007,0,"LGALS9_CD44","LGALS9 - CD44","GALECTIN","Secreted Signaling","PMID: 25065622"
"C1Q+ Monocytes","Gamma-delta Cytotoxic T cells","MIF","CD74_CXCR4",0.0971419426832556,0,"MIF_CD74_CXCR4","MIF - (CD74+CXCR4)","MIF","Secreted Signaling","PMID: 29637711; PMID: 24760155"
"Platelets","NK cells","HLA-E","CD94:NKG2C",0.0971375668320978,0,"HLA-E_CD94:NKG2C","HLA-E - CD94:NKG2C","MHC-I","Cell-Cell Contact","PMID: 28484462"
"C1Q+ Monocytes","Conventional Dendritic Cells","MIF","CD74_CD44",0.0970758905005902,0,"MIF_CD74_CD44","MIF - (CD74+CD44)","MIF","Secreted Signaling","PMID: 29637711; PMID: 26175090"
"Platelets","Regulatory / Activated CD4 T cells","THBS1","CD47",0.0968114999504518,0,"THBS1_CD47","THBS1 - CD47","THBS","ECM-Receptor","KEGG: hsa04512"
"MAIT / CD161-like T cells","Monocytes","MIF","CD74_CXCR4",0.0967773862922124,0,"MIF_CD74_CXCR4","MIF - (CD74+CXCR4)","MIF","Secreted Signaling","PMID: 29637711; PMID: 24760155"
"NK-like cells","NK cells","CLEC2B","KLRB1",0.0965326069769535,0,"CLEC2B_KLRB1","CLEC2B - KLRB1","CLEC","Cell-Cell Contact","PMID: 24223577"
"Conventional Dendritic Cells","C1Q+ Monocytes","HLA-DPB1","CD4",0.0964402324700826,0,"HLA-DPB1_CD4","HLA-DPB1 - CD4","MHC-II","Cell-Cell Contact","KEGG: hsa04514"
"NK cells","Myeloid cells","ADGRE5","CD55",0.0962746388580453,0,"ADGRE5_CD55","ADGRE5 - CD55","ADGRE5","Cell-Cell Contact","PMID: 11297558"
"Myeloid cells","Monocytes","APP","CD74",0.0961537789172842,0,"APP_CD74","APP - CD74","APP","Cell-Cell Contact","PMID: 19849849"
"Plasma cells","NK cells","CD22","PTPRC",0.0961131442123383,0,"CD22_PTPRC","CD22 - PTPRC","CD22","Cell-Cell Contact","KEGG: hsa04514"
"NK cells","Plasma cells","PTPRC","CD22",0.0961131442123383,0,"PTPRC_CD22","PTPRC - CD22","CD45","Cell-Cell Contact","PMID: 12115612"
"Platelets","Platelets","THBS1","CD47",0.0957737848619684,0,"THBS1_CD47","THBS1 - CD47","THBS","ECM-Receptor","KEGG: hsa04512"
"Monocytes","Gamma-delta Cytotoxic T cells","MIF","CD74_CD44",0.0957426043890476,0,"MIF_CD74_CD44","MIF - (CD74+CD44)","MIF","Secreted Signaling","PMID: 29637711; PMID: 26175090"
"Platelets","C1Q+ Monocytes","PECAM1","PECAM1",0.0956012241798697,0,"PECAM1_PECAM1","PECAM1 - PECAM1","PECAM1","Cell-Cell Contact","KEGG: hsa04514"
"C1Q+ Monocytes","Platelets","PECAM1","PECAM1",0.0956012241798697,0,"PECAM1_PECAM1","PECAM1 - PECAM1","PECAM1","Cell-Cell Contact","KEGG: hsa04514"
"C1Q+ Monocytes","Gamma-delta Cytotoxic T cells","LGALS9","PTPRC",0.0955058498701554,0,"LGALS9_CD45","LGALS9 - CD45","GALECTIN","Secreted Signaling","PMID: 30120235"
"Regulatory / Activated CD4 T cells","NK cells","HLA-E","CD94:NKG2E",0.0954990663586971,0,"HLA-E_CD94:NKG2E","HLA-E - CD94:NKG2E","MHC-I","Cell-Cell Contact","PMID: 28484462"
"Conventional Dendritic Cells","MAIT / CD161-like T cells","LGALS9","PTPRC",0.0954837706720535,0,"LGALS9_CD45","LGALS9 - CD45","GALECTIN","Secreted Signaling","PMID: 30120235"
"Platelets","Naive B cells","THBS1","CD47",0.0954695463470762,0,"THBS1_CD47","THBS1 - CD47","THBS","ECM-Receptor","KEGG: hsa04512"
"Conventional Dendritic Cells","C1Q+ Monocytes","HLA-DPA1","CD4",0.0953538484043275,0,"HLA-DPA1_CD4","HLA-DPA1 - CD4","MHC-II","Cell-Cell Contact","KEGG: hsa04514"
"Naive CD4 T cells","MAIT / CD161-like T cells","HLA-B","CD8A",0.0951209686883861,0,"HLA-B_CD8A","HLA-B - CD8A","MHC-I","Cell-Cell Contact","KEGG: hsa04514"
"Conventional Dendritic Cells","Regulatory / Activated CD4 T cells","LGALS9","PTPRC",0.0950599512458136,0,"LGALS9_CD45","LGALS9 - CD45","GALECTIN","Secreted Signaling","PMID: 30120235"
"C1Q+ Monocytes","Naive CD4 T cells","LGALS9","PTPRC",0.0948967380501296,0,"LGALS9_CD45","LGALS9 - CD45","GALECTIN","Secreted Signaling","PMID: 30120235"
"NK-like cells","Naive B cells","HLA-E","KLRK1",0.0948443335751407,0,"HLA-E_KLRK1","HLA-E - KLRK1","MHC-I","Cell-Cell Contact","PMID: 28484462"
"Regulatory / Activated CD4 T cells","C1Q+ Monocytes","MIF","CD74_CXCR4",0.0947728800812582,0,"MIF_CD74_CXCR4","MIF - (CD74+CXCR4)","MIF","Secreted Signaling","PMID: 29637711; PMID: 24760155"
"Naive CD4 T cells","NK cells","CLEC2B","KLRB1",0.0946248595770222,0,"CLEC2B_KLRB1","CLEC2B - KLRB1","CLEC","Cell-Cell Contact","PMID: 24223577"
"Monocytes","Monocytes","MIF","CD74_CD44",0.0945508302264628,0,"MIF_CD74_CD44","MIF - (CD74+CD44)","MIF","Secreted Signaling","PMID: 29637711; PMID: 26175090"
"Naive B cells","Platelets","ITGB2","CD226",0.0944613864701882,0,"ITGB2_CD226","ITGB2 - CD226","ITGB2","Cell-Cell Contact","KEGG: hsa04514"
"MAIT / CD161-like T cells","MAIT / CD161-like T cells","CLEC2D","KLRB1",0.0944153218460836,0,"CLEC2D_KLRB1","CLEC2D - KLRB1","CLEC","Cell-Cell Contact","PMID: 24223577"
"NK cells","MAIT / CD161-like T cells","CD99","CD99",0.0943382053845751,0,"CD99_CD99","CD99 - CD99","CD99","Cell-Cell Contact","KEGG: hsa04514"
"MAIT / CD161-like T cells","NK cells","CD99","CD99",0.0943382053845751,0,"CD99_CD99","CD99 - CD99","CD99","Cell-Cell Contact","KEGG: hsa04514"
"Naive B cells","NK-like cells","HLA-E","KLRK1",0.0943199953195926,0,"HLA-E_KLRK1","HLA-E - KLRK1","MHC-I","Cell-Cell Contact","PMID: 28484462"
"NK-like cells","MAIT / CD161-like T cells","CLEC2D","KLRB1",0.0941253102566962,0,"CLEC2D_KLRB1","CLEC2D - KLRB1","CLEC","Cell-Cell Contact","PMID: 24223577"
"Monocytes","Monocytes","NAMPT","ITGA5_ITGB1",0.0940850777997894,0,"NAMPT_ITGA5_ITGB1","NAMPT - (ITGA5+ITGB1)","VISFATIN","Secreted Signaling","PMID: 28490838"
"Conventional Dendritic Cells","Myeloid cells","LGALS9","CD44",0.0939372001850158,0,"LGALS9_CD44","LGALS9 - CD44","GALECTIN","Secreted Signaling","PMID: 25065622"
"Gamma-delta Cytotoxic T cells","C1Q+ Monocytes","HLA-DRA","CD4",0.0938578735066383,0,"HLA-DRA_CD4","HLA-DRA - CD4","MHC-II","Cell-Cell Contact","KEGG: hsa04514"
"Gamma-delta Cytotoxic T cells","MAIT / CD161-like T cells","HLA-B","CD8A",0.0938258544066607,0,"HLA-B_CD8A","HLA-B - CD8A","MHC-I","Cell-Cell Contact","KEGG: hsa04514"
"Conventional Dendritic Cells","Naive B cells","HLA-E","KLRK1",0.0938246188332319,0,"HLA-E_KLRK1","HLA-E - KLRK1","MHC-I","Cell-Cell Contact","PMID: 28484462"
"Plasma cells","C1Q+ Monocytes","HLA-DRA","CD4",0.0938044016221735,0,"HLA-DRA_CD4","HLA-DRA - CD4","MHC-II","Cell-Cell Contact","KEGG: hsa04514"
"Regulatory / Activated CD4 T cells","MAIT / CD161-like T cells","HLA-A","CD8A",0.0937444936098917,0,"HLA-A_CD8A","HLA-A - CD8A","MHC-I","Cell-Cell Contact","KEGG: hsa04514"
"Naive B cells","MAIT / CD161-like T cells","CD99","CD99",0.0935764087325707,0,"CD99_CD99","CD99 - CD99","CD99","Cell-Cell Contact","KEGG: hsa04514"
"MAIT / CD161-like T cells","Naive B cells","CD99","CD99",0.0935764087325707,0,"CD99_CD99","CD99 - CD99","CD99","Cell-Cell Contact","KEGG: hsa04514"
"Naive B cells","Gamma-delta Cytotoxic T cells","ADGRE5","CD55",0.0934323816272514,0,"ADGRE5_CD55","ADGRE5 - CD55","ADGRE5","Cell-Cell Contact","PMID: 11297558"
"Platelets","Classical Monocytes","CD99","PILRA",0.0932923133909713,0,"CD99_PILRA","CD99 - PILRA","CD99","Cell-Cell Contact","PMID: 18234675"
"Classical Monocytes","MAIT / CD161-like T cells","HLA-C","CD8A",0.0932272034092113,0,"HLA-C_CD8A","HLA-C - CD8A","MHC-I","Cell-Cell Contact","KEGG: hsa04514"
"C1Q+ Monocytes","Conventional Dendritic Cells","MIF","CD74_CXCR4",0.0930192932667148,0,"MIF_CD74_CXCR4","MIF - (CD74+CXCR4)","MIF","Secreted Signaling","PMID: 29637711; PMID: 24760155"
"C1Q+ Monocytes","NK-like cells","HLA-E","KLRK1",0.0929936997681041,0,"HLA-E_KLRK1","HLA-E - KLRK1","MHC-I","Cell-Cell Contact","PMID: 28484462"
"Monocytes","MAIT / CD161-like T cells","HLA-A","CD8A",0.0923698846432432,0,"HLA-A_CD8A","HLA-A - CD8A","MHC-I","Cell-Cell Contact","KEGG: hsa04514"
"Monocytes","C1Q+ Monocytes","MIF","CD74_CD44",0.0921970250051589,0,"MIF_CD74_CD44","MIF - (CD74+CD44)","MIF","Secreted Signaling","PMID: 29637711; PMID: 26175090"
"MAIT / CD161-like T cells","C1Q+ Monocytes","MIF","CD74_CXCR4",0.0921903435117378,0,"MIF_CD74_CXCR4","MIF - (CD74+CXCR4)","MIF","Secreted Signaling","PMID: 29637711; PMID: 24760155"
"Conventional Dendritic Cells","Gamma-delta Cytotoxic T cells","LGALS9","PTPRC",0.0920679614776871,0,"LGALS9_CD45","LGALS9 - CD45","GALECTIN","Secreted Signaling","PMID: 30120235"
"Conventional Dendritic Cells","Monocytes","HLA-DPB1","CD4",0.0920135487582903,0,"HLA-DPB1_CD4","HLA-DPB1 - CD4","MHC-II","Cell-Cell Contact","KEGG: hsa04514"
"Monocytes","Monocytes","APP","CD74",0.091996250421337,0,"APP_CD74","APP - CD74","APP","Cell-Cell Contact","PMID: 19849849"
"Monocytes","NK-like cells","LGALS9","PTPRC",0.0919372508865769,0,"LGALS9_CD45","LGALS9 - CD45","GALECTIN","Secreted Signaling","PMID: 30120235"
"Monocytes","Plasma cells","MIF","CD74_CD44",0.0919064168779024,0,"MIF_CD74_CD44","MIF - (CD74+CD44)","MIF","Secreted Signaling","PMID: 29637711; PMID: 26175090"
"Regulatory / Activated CD4 T cells","NK cells","CLEC2B","KLRB1",0.0918230057288462,0,"CLEC2B_KLRB1","CLEC2B - KLRB1","CLEC","Cell-Cell Contact","PMID: 24223577"
"Conventional Dendritic Cells","C1Q+ Monocytes","HLA-DQA1","CD4",0.0915091330423719,0,"HLA-DQA1_CD4","HLA-DQA1 - CD4","MHC-II","Cell-Cell Contact","KEGG: hsa04514"
"Conventional Dendritic Cells","Naive CD4 T cells","LGALS9","PTPRC",0.0914785580835929,0,"LGALS9_CD45","LGALS9 - CD45","GALECTIN","Secreted Signaling","PMID: 30120235"
"Conventional Dendritic Cells","Conventional Dendritic Cells","APP","CD74",0.0914244494856466,0,"APP_CD74","APP - CD74","APP","Cell-Cell Contact","PMID: 19849849"
"Conventional Dendritic Cells","Monocytes","HLA-DPA1","CD4",0.0909720100015585,0,"HLA-DPA1_CD4","HLA-DPA1 - CD4","MHC-II","Cell-Cell Contact","KEGG: hsa04514"
"NK-like cells","Conventional Dendritic Cells","ADGRE5","CD55",0.0907960722761199,0,"ADGRE5_CD55","ADGRE5 - CD55","ADGRE5","Cell-Cell Contact","PMID: 11297558"
"C1Q+ Monocytes","Gamma-delta Cytotoxic T cells","MIF","CD74_CD44",0.090772174372717,0,"MIF_CD74_CD44","MIF - (CD74+CD44)","MIF","Secreted Signaling","PMID: 29637711; PMID: 26175090"
"Platelets","Monocytes","CD99","PILRA",0.0907576417282344,0,"CD99_PILRA","CD99 - PILRA","CD99","Cell-Cell Contact","PMID: 18234675"
"C1Q+ Monocytes","Conventional Dendritic Cells","LGALS9","PTPRC",0.0907139062427804,0,"LGALS9_CD45","LGALS9 - CD45","GALECTIN","Secreted Signaling","PMID: 30120235"
"Myeloid cells","C1Q+ Monocytes","APP","CD74",0.090701308735688,0,"APP_CD74","APP - CD74","APP","Cell-Cell Contact","PMID: 19849849"
"Platelets","Myeloid cells","APP","CD74",0.0906475022890856,0,"APP_CD74","APP - CD74","APP","Cell-Cell Contact","PMID: 19849849"
"Plasma cells","MAIT / CD161-like T cells","HLA-C","CD8A",0.0906258831519575,0,"HLA-C_CD8A","HLA-C - CD8A","MHC-I","Cell-Cell Contact","KEGG: hsa04514"
"C1Q+ Monocytes","Classical Monocytes","LGALS9","PTPRC",0.090525831719094,0,"LGALS9_CD45","LGALS9 - CD45","GALECTIN","Secreted Signaling","PMID: 30120235"
"Plasma cells","NK cells","HLA-E","CD94:NKG2E",0.0904529701094304,0,"HLA-E_CD94:NKG2E","HLA-E - CD94:NKG2E","MHC-I","Cell-Cell Contact","PMID: 28484462"
"NK cells","Classical Monocytes","CD99","CD99",0.0904263527536702,0,"CD99_CD99","CD99 - CD99","CD99","Cell-Cell Contact","KEGG: hsa04514"
"Classical Monocytes","NK cells","CD99","CD99",0.0904263527536702,0,"CD99_CD99","CD99 - CD99","CD99","Cell-Cell Contact","KEGG: hsa04514"
"Naive CD4 T cells","NK cells","HLA-E","CD94:NKG2E",0.0902678825758988,0,"HLA-E_CD94:NKG2E","HLA-E - CD94:NKG2E","MHC-I","Cell-Cell Contact","PMID: 28484462"
"C1Q+ Monocytes","Monocytes","LGALS9","PTPRC",0.0902467004333405,0,"LGALS9_CD45","LGALS9 - CD45","GALECTIN","Secreted Signaling","PMID: 30120235"
"Platelets","Monocytes","CCL5","CCR1",0.0901902225657377,0,"CCL5_CCR1","CCL5 - CCR1","CCL","Secreted Signaling","KEGG: hsa04060"
"Platelets","NK-like cells","HLA-E","CD94:NKG2E",0.0901364290122658,0,"HLA-E_CD94:NKG2E","HLA-E - CD94:NKG2E","MHC-I","Cell-Cell Contact","PMID: 28484462"
"Naive B cells","MAIT / CD161-like T cells","HLA-E","CD8A",0.0900693017834173,0,"HLA-E_CD8A","HLA-E - CD8A","MHC-I","Cell-Cell Contact","KEGG: hsa04514"
"Conventional Dendritic Cells","Classical Monocytes","NAMPT","ITGA5_ITGB1",0.0900571690843259,0,"NAMPT_ITGA5_ITGB1","NAMPT - (ITGA5+ITGB1)","VISFATIN","Secreted Signaling","PMID: 28490838"
"NK-like cells","NK cells","CD69","KLRB1",0.0900364523607041,0,"CLEC2C_KLRB1","CLEC2C - KLRB1","CLEC","Cell-Cell Contact","PMID: 24223577"
"Monocytes","C1Q+ Monocytes","LGALS9","PTPRC",0.0899593204118081,0,"LGALS9_CD45","LGALS9 - CD45","GALECTIN","Secreted Signaling","PMID: 30120235"
"Plasma cells","MAIT / CD161-like T cells","CD22","PTPRC",0.0899029405365039,0,"CD22_PTPRC","CD22 - PTPRC","CD22","Cell-Cell Contact","KEGG: hsa04514"
"MAIT / CD161-like T cells","Plasma cells","PTPRC","CD22",0.0899029405365039,0,"PTPRC_CD22","PTPRC - CD22","CD45","Cell-Cell Contact","PMID: 12115612"
"Classical Monocytes","Classical Monocytes","APP","CD74",0.0898827370513388,0,"APP_CD74","APP - CD74","APP","Cell-Cell Contact","PMID: 19849849"
"Conventional Dendritic Cells","Monocytes","MIF","CD74_CXCR4",0.0898237799043773,0,"MIF_CD74_CXCR4","MIF - (CD74+CXCR4)","MIF","Secreted Signaling","PMID: 29637711; PMID: 24760155"
"NK cells","Monocytes","MIF","CD74_CXCR4",0.0898003738519737,0,"MIF_CD74_CXCR4","MIF - (CD74+CXCR4)","MIF","Secreted Signaling","PMID: 29637711; PMID: 24760155"
"MAIT / CD161-like T cells","Gamma-delta Cytotoxic T cells","ADGRE5","CD55",0.0897868419197284,0,"ADGRE5_CD55","ADGRE5 - CD55","ADGRE5","Cell-Cell Contact","PMID: 11297558"
"NK cells","Classical Monocytes","ADGRE5","CD55",0.0897253722045777,0,"ADGRE5_CD55","ADGRE5 - CD55","ADGRE5","Cell-Cell Contact","PMID: 11297558"
"Naive B cells","Classical Monocytes","CD99","CD99",0.0896930165297922,0,"CD99_CD99","CD99 - CD99","CD99","Cell-Cell Contact","KEGG: hsa04514"
"Classical Monocytes","Naive B cells","CD99","CD99",0.0896930165297922,0,"CD99_CD99","CD99 - CD99","CD99","Cell-Cell Contact","KEGG: hsa04514"
"C1Q+ Monocytes","Classical Monocytes","LGALS9","CD44",0.0896633723131676,0,"LGALS9_CD44","LGALS9 - CD44","GALECTIN","Secreted Signaling","PMID: 25065622"
"C1Q+ Monocytes","Monocytes","MIF","CD74_CD44",0.0896361375659338,0,"MIF_CD74_CD44","MIF - (CD74+CD44)","MIF","Secreted Signaling","PMID: 29637711; PMID: 26175090"
"Platelets","MAIT / CD161-like T cells","APP","CD74",0.0895627235193521,0,"APP_CD74","APP - CD74","APP","Cell-Cell Contact","PMID: 19849849"
"Gamma-delta Cytotoxic T cells","Monocytes","HLA-DRA","CD4",0.0895379762086164,0,"HLA-DRA_CD4","HLA-DRA - CD4","MHC-II","Cell-Cell Contact","KEGG: hsa04514"
"Plasma cells","Regulatory / Activated CD4 T cells","CD22","PTPRC",0.0895014413691432,0,"CD22_PTPRC","CD22 - PTPRC","CD22","Cell-Cell Contact","KEGG: hsa04514"
"Regulatory / Activated CD4 T cells","Plasma cells","PTPRC","CD22",0.0895014413691432,0,"PTPRC_CD22","PTPRC - CD22","CD45","Cell-Cell Contact","PMID: 12115612"
"Plasma cells","Monocytes","HLA-DRA","CD4",0.0894867223710289,0,"HLA-DRA_CD4","HLA-DRA - CD4","MHC-II","Cell-Cell Contact","KEGG: hsa04514"
"C1Q+ Monocytes","Myeloid cells","LGALS9","PTPRC",0.0892404661376936,0,"LGALS9_CD45","LGALS9 - CD45","GALECTIN","Secreted Signaling","PMID: 30120235"
"C1Q+ Monocytes","Plasma cells","LGALS9","PTPRC",0.0891512985016629,0,"LGALS9_CD45","LGALS9 - CD45","GALECTIN","Secreted Signaling","PMID: 30120235"
"Gamma-delta Cytotoxic T cells","NK cells","CLEC2B","KLRB1",0.0890968369187905,0,"CLEC2B_KLRB1","CLEC2B - KLRB1","CLEC","Cell-Cell Contact","PMID: 24223577"
"Monocytes","Classical Monocytes","MIF","CD74_CD44",0.0890286448447262,0,"MIF_CD74_CD44","MIF - (CD74+CD44)","MIF","Secreted Signaling","PMID: 29637711; PMID: 26175090"
"Monocytes","NK cells","CLEC2B","KLRB1",0.0890166537545849,0,"CLEC2B_KLRB1","CLEC2B - KLRB1","CLEC","Cell-Cell Contact","PMID: 24223577"
"Platelets","Platelets","THBS1","CD36",0.088860302793356,0,"THBS1_CD36","THBS1 - CD36","THBS","ECM-Receptor","KEGG: hsa04512"
"C1Q+ Monocytes","MAIT / CD161-like T cells","HLA-E","CD8A",0.0887969177376668,0,"HLA-E_CD8A","HLA-E - CD8A","MHC-I","Cell-Cell Contact","KEGG: hsa04514"
"Conventional Dendritic Cells","MAIT / CD161-like T cells","HLA-C","CD8A",0.088710261825984,0,"HLA-C_CD8A","HLA-C - CD8A","MHC-I","Cell-Cell Contact","KEGG: hsa04514"
"Naive B cells","C1Q+ Monocytes","ADGRE5","CD55",0.088671513188077,0,"ADGRE5_CD55","ADGRE5 - CD55","ADGRE5","Cell-Cell Contact","PMID: 11297558"
"Monocytes","Naive B cells","LGALS9","PTPRC",0.088459807419385,0,"LGALS9_CD45","LGALS9 - CD45","GALECTIN","Secreted Signaling","PMID: 30120235"
"Platelets","Naive CD4 T cells","THBS1","CD47",0.0884345489016412,0,"THBS1_CD47","THBS1 - CD47","THBS","ECM-Receptor","KEGG: hsa04512"
"Naive B cells","Monocytes","MIF","CD74_CXCR4",0.0883622414612645,0,"MIF_CD74_CXCR4","MIF - (CD74+CXCR4)","MIF","Secreted Signaling","PMID: 29637711; PMID: 24760155"
"NK cells","Naive CD4 T cells","ADGRE5","CD55",0.0880457899824087,0,"ADGRE5_CD55","ADGRE5 - CD55","ADGRE5","Cell-Cell Contact","PMID: 11297558"
"MAIT / CD161-like T cells","NK-like cells","HLA-E","KLRK1",0.088032718656056,0,"HLA-E_KLRK1","HLA-E - KLRK1","MHC-I","Cell-Cell Contact","PMID: 28484462"
"Regulatory / Activated CD4 T cells","Myeloid cells","MIF","CD74_CD44",0.0879488787924611,0,"MIF_CD74_CD44","MIF - (CD74+CD44)","MIF","Secreted Signaling","PMID: 29637711; PMID: 26175090"
"C1Q+ Monocytes","Conventional Dendritic Cells","ADGRE5","CD55",0.0877903912709326,0,"ADGRE5_CD55","ADGRE5 - CD55","ADGRE5","Cell-Cell Contact","PMID: 11297558"
"Platelets","NK cells","GP1BA","ITGAM_ITGB2",0.0877129145856937,0,"GP1BA_ITGAM_ITGB2","GP1BA - (ITGAM+ITGB2)","GP1BA","Cell-Cell Contact","PMC2194217"
"Naive CD4 T cells","MAIT / CD161-like T cells","HLA-C","CD8A",0.0876897787473041,0,"HLA-C_CD8A","HLA-C - CD8A","MHC-I","Cell-Cell Contact","KEGG: hsa04514"
"Platelets","Myeloid cells","TGFB1","TGFbR1_R2",0.0876750112362563,0,"TGFB1_TGFBR1_TGFBR2","TGFB1 - (TGFBR1+TGFBR2)","TGFb","Secreted Signaling","KEGG: hsa04350"
"Conventional Dendritic Cells","Conventional Dendritic Cells","LGALS9","PTPRC",0.0874318377487228,0,"LGALS9_CD45","LGALS9 - CD45","GALECTIN","Secreted Signaling","PMID: 30120235"
"C1Q+ Monocytes","C1Q+ Monocytes","MIF","CD74_CD44",0.087392872649221,0,"MIF_CD74_CD44","MIF - (CD74+CD44)","MIF","Secreted Signaling","PMID: 29637711; PMID: 26175090"
"Conventional Dendritic Cells","Monocytes","HLA-DQA1","CD4",0.0872869253895162,0,"HLA-DQA1_CD4","HLA-DQA1 - CD4","MHC-II","Cell-Cell Contact","KEGG: hsa04514"
"Conventional Dendritic Cells","Classical Monocytes","LGALS9","PTPRC",0.0872499149105423,0,"LGALS9_CD45","LGALS9 - CD45","GALECTIN","Secreted Signaling","PMID: 30120235"
"Platelets","Myeloid cells","TGFB1","ACVR1B_TGFbR2",0.0872145425532557,0,"TGFB1_ACVR1B_TGFBR2","TGFB1 - (ACVR1B+TGFBR2)","TGFb","Secreted Signaling","PMID: 27449815"
"NK cells","Plasma cells","ADGRE5","CD55",0.0871258808237944,0,"ADGRE5_CD55","ADGRE5 - CD55","ADGRE5","Cell-Cell Contact","PMID: 11297558"
"C1Q+ Monocytes","Plasma cells","MIF","CD74_CD44",0.0871159542110128,0,"MIF_CD74_CD44","MIF - (CD74+CD44)","MIF","Secreted Signaling","PMID: 29637711; PMID: 26175090"
"Naive B cells","Myeloid cells","ADGRE5","CD55",0.0869978084420298,0,"ADGRE5_CD55","ADGRE5 - CD55","ADGRE5","Cell-Cell Contact","PMID: 11297558"
"Conventional Dendritic Cells","Monocytes","LGALS9","PTPRC",0.0869799186838329,0,"LGALS9_CD45","LGALS9 - CD45","GALECTIN","Secreted Signaling","PMID: 30120235"
"Naive CD4 T cells","Monocytes","MIF","CD74_CXCR4",0.086970325234421,0,"MIF_CD74_CXCR4","MIF - (CD74+CXCR4)","MIF","Secreted Signaling","PMID: 29637711; PMID: 24760155"
"Regulatory / Activated CD4 T cells","C1Q+ Monocytes","CD99","PILRA",0.0869648544991486,0,"CD99_PILRA","CD99 - PILRA","CD99","Cell-Cell Contact","PMID: 18234675"
"Monocytes","C1Q+ Monocytes","CD99","PILRA",0.0868043884961037,0,"CD99_PILRA","CD99 - PILRA","CD99","Cell-Cell Contact","PMID: 18234675"
"Monocytes","C1Q+ Monocytes","APP","CD74",0.0867569065965628,0,"APP_CD74","APP - CD74","APP","Cell-Cell Contact","PMID: 19849849"
"Myeloid cells","Regulatory / Activated CD4 T cells","CD86","CD28",0.0867278362732206,0,"CD86_CD28","CD86 - CD28","CD86","Cell-Cell Contact","PMID: 23954143"
"Plasma cells","Gamma-delta Cytotoxic T cells","CD22","PTPRC",0.0866676488739212,0,"CD22_PTPRC","CD22 - PTPRC","CD22","Cell-Cell Contact","KEGG: hsa04514"
"Gamma-delta Cytotoxic T cells","Plasma cells","PTPRC","CD22",0.0866676488739212,0,"PTPRC_CD22","PTPRC - CD22","CD45","Cell-Cell Contact","PMID: 12115612"
"Monocytes","NK cells","LGALS9","PTPRC",0.08665185107253,0,"LGALS9_CD45","LGALS9 - CD45","GALECTIN","Secreted Signaling","PMID: 30120235"
"Classical Monocytes","MAIT / CD161-like T cells","HLA-A","CD8A",0.0864375975204007,0,"HLA-A_CD8A","HLA-A - CD8A","MHC-I","Cell-Cell Contact","KEGG: hsa04514"
"Conventional Dendritic Cells","Classical Monocytes","LGALS9","CD44",0.0864157003578746,0,"LGALS9_CD44","LGALS9 - CD44","GALECTIN","Secreted Signaling","PMID: 25065622"
"Monocytes","Plasma cells","MIF","CD74_CXCR4",0.0861793768955108,0,"MIF_CD74_CXCR4","MIF - (CD74+CXCR4)","MIF","Secreted Signaling","PMID: 29637711; PMID: 24760155"
"Conventional Dendritic Cells","Gamma-delta Cytotoxic T cells","APP","CD74",0.0861374706859249,0,"APP_CD74","APP - CD74","APP","Cell-Cell Contact","PMID: 19849849"
"Plasma cells","Naive CD4 T cells","CD22","PTPRC",0.0861095385152058,0,"CD22_PTPRC","CD22 - PTPRC","CD22","Cell-Cell Contact","KEGG: hsa04514"
"Naive CD4 T cells","Plasma cells","PTPRC","CD22",0.0861095385152058,0,"PTPRC_CD22","PTPRC - CD22","CD45","Cell-Cell Contact","PMID: 12115612"
"Platelets","C1Q+ Monocytes","THBS1","CD47",0.0860291720039907,0,"THBS1_CD47","THBS1 - CD47","THBS","ECM-Receptor","KEGG: hsa04512"
"Conventional Dendritic Cells","Myeloid cells","LGALS9","PTPRC",0.0860066649399872,0,"LGALS9_CD45","LGALS9 - CD45","GALECTIN","Secreted Signaling","PMID: 30120235"
"Conventional Dendritic Cells","Plasma cells","LGALS9","PTPRC",0.0859204236404235,0,"LGALS9_CD45","LGALS9 - CD45","GALECTIN","Secreted Signaling","PMID: 30120235"
"Conventional Dendritic Cells","Regulatory / Activated CD4 T cells","HLA-DRA","CD4",0.085901520307667,0,"HLA-DRA_CD4","HLA-DRA - CD4","MHC-II","Cell-Cell Contact","KEGG: hsa04514"
"Naive B cells","Monocytes","CCL5","CCR1",0.0857858290615148,0,"CCL5_CCR1","CCL5 - CCR1","CCL","Secreted Signaling","KEGG: hsa04060"
"Conventional Dendritic Cells","C1Q+ Monocytes","MIF","CD74_CXCR4",0.0855351115268134,0,"MIF_CD74_CXCR4","MIF - (CD74+CXCR4)","MIF","Secreted Signaling","PMID: 29637711; PMID: 24760155"
"MAIT / CD161-like T cells","Myeloid cells","MIF","CD74_CD44",0.0855347239079143,0,"MIF_CD74_CD44","MIF - (CD74+CD44)","MIF","Secreted Signaling","PMID: 29637711; PMID: 26175090"
"NK cells","C1Q+ Monocytes","MIF","CD74_CXCR4",0.0855127180107082,0,"MIF_CD74_CXCR4","MIF - (CD74+CXCR4)","MIF","Secreted Signaling","PMID: 29637711; PMID: 24760155"
"Plasma cells","Monocytes","MIF","CD74_CXCR4",0.0854505531520913,0,"MIF_CD74_CXCR4","MIF - (CD74+CXCR4)","MIF","Secreted Signaling","PMID: 29637711; PMID: 24760155"
"Regulatory / Activated CD4 T cells","NK-like cells","HLA-E","KLRK1",0.0853336343871877,0,"HLA-E_KLRK1","HLA-E - KLRK1","MHC-I","Cell-Cell Contact","PMID: 28484462"
"Monocytes","NK cells","HLA-E","CD94:NKG2E",0.0852763325673143,0,"HLA-E_CD94:NKG2E","HLA-E - CD94:NKG2E","MHC-I","Cell-Cell Contact","PMID: 28484462"
"MAIT / CD161-like T cells","C1Q+ Monocytes","ADGRE5","CD55",0.0851942761464806,0,"ADGRE5_CD55","ADGRE5 - CD55","ADGRE5","Cell-Cell Contact","PMID: 11297558"
"Gamma-delta Cytotoxic T cells","NK cells","CLEC2D","KLRB1",0.0850692218185673,0,"CLEC2D_KLRB1","CLEC2D - KLRB1","CLEC","Cell-Cell Contact","PMID: 24223577"
"Platelets","Plasma cells","CD99","CD99",0.0849930470584303,0,"CD99_CD99","CD99 - CD99","CD99","Cell-Cell Contact","KEGG: hsa04514"
"Plasma cells","Platelets","CD99","CD99",0.0849930470584303,0,"CD99_CD99","CD99 - CD99","CD99","Cell-Cell Contact","KEGG: hsa04514"
"C1Q+ Monocytes","Classical Monocytes","MIF","CD74_CD44",0.0843742441208073,0,"MIF_CD74_CD44","MIF - (CD74+CD44)","MIF","Secreted Signaling","PMID: 29637711; PMID: 26175090"
"Myeloid cells","Monocytes","THBS1","CD36",0.0843451935752112,0,"THBS1_CD36","THBS1 - CD36","THBS","ECM-Receptor","KEGG: hsa04512"
"Conventional Dendritic Cells","Plasma cells","APP","CD74",0.0843350605029791,0,"APP_CD74","APP - CD74","APP","Cell-Cell Contact","PMID: 19849849"
"C1Q+ Monocytes","C1Q+ Monocytes","LGALS9","CD44",0.0843096571525878,0,"LGALS9_CD44","LGALS9 - CD44","GALECTIN","Secreted Signaling","PMID: 25065622"
"Platelets","Monocytes","TGFB1","TGFbR1_R2",0.0841977017860235,0,"TGFB1_TGFBR1_TGFBR2","TGFB1 - (TGFBR1+TGFBR2)","TGFb","Secreted Signaling","KEGG: hsa04350"
"Naive B cells","C1Q+ Monocytes","MIF","CD74_CXCR4",0.0841369041230891,0,"MIF_CD74_CXCR4","MIF - (CD74+CXCR4)","MIF","Secreted Signaling","PMID: 29637711; PMID: 24760155"
"MAIT / CD161-like T cells","MAIT / CD161-like T cells","HLA-E","CD8A",0.0840390800149143,0,"HLA-E_CD8A","HLA-E - CD8A","MHC-I","Cell-Cell Contact","KEGG: hsa04514"
"Conventional Dendritic Cells","C1Q+ Monocytes","HLA-DQB1","CD4",0.0838517544546257,0,"HLA-DQB1_CD4","HLA-DQB1 - CD4","MHC-II","Cell-Cell Contact","KEGG: hsa04514"
"Platelets","Classical Monocytes","CCL5","CCR1",0.0838415475531123,0,"CCL5_CCR1","CCL5 - CCR1","CCL","Secreted Signaling","KEGG: hsa04060"
"Gamma-delta Cytotoxic T cells","NK cells","HLA-E","CD94:NKG2E",0.0837647955122623,0,"HLA-E_CD94:NKG2E","HLA-E - CD94:NKG2E","MHC-I","Cell-Cell Contact","PMID: 28484462"
"NK cells","Monocytes","ADGRE5","CD55",0.0837360378084419,0,"ADGRE5_CD55","ADGRE5 - CD55","ADGRE5","Cell-Cell Contact","PMID: 11297558"
"Regulatory / Activated CD4 T cells","Regulatory / Activated CD4 T cells","CD99","CD99",0.0836674467750083,0,"CD99_CD99","CD99 - CD99","CD99","Cell-Cell Contact","KEGG: hsa04514"
"C1Q+ Monocytes","Monocytes","LGALS9","CD44",0.0836343347256385,0,"LGALS9_CD44","LGALS9 - CD44","GALECTIN","Secreted Signaling","PMID: 25065622"
"MAIT / CD161-like T cells","Myeloid cells","ADGRE5","CD55",0.0835801859651441,0,"ADGRE5_CD55","ADGRE5 - CD55","ADGRE5","Cell-Cell Contact","PMID: 11297558"
"Regulatory / Activated CD4 T cells","Monocytes","CD99","CD99",0.0835125085762492,0,"CD99_CD99","CD99 - CD99","CD99","Cell-Cell Contact","KEGG: hsa04514"
"Monocytes","Regulatory / Activated CD4 T cells","CD99","CD99",0.0835125085762492,0,"CD99_CD99","CD99 - CD99","CD99","Cell-Cell Contact","KEGG: hsa04514"
"Naive CD4 T cells","MAIT / CD161-like T cells","HLA-A","CD8A",0.0834099258064589,0,"HLA-A_CD8A","HLA-A - CD8A","MHC-I","Cell-Cell Contact","KEGG: hsa04514"
"Conventional Dendritic Cells","Regulatory / Activated CD4 T cells","HLA-DRB1","CD4",0.0833776485381212,0,"HLA-DRB1_CD4","HLA-DRB1 - CD4","MHC-II","Cell-Cell Contact","KEGG: hsa04514"
"Gamma-delta Cytotoxic T cells","C1Q+ Monocytes","HLA-DRB1","CD4",0.0833692991153175,0,"HLA-DRB1_CD4","HLA-DRB1 - CD4","MHC-II","Cell-Cell Contact","KEGG: hsa04514"
"Monocytes","Monocytes","CD99","CD99",0.0833578311964726,0,"CD99_CD99","CD99 - CD99","CD99","Cell-Cell Contact","KEGG: hsa04514"
"Monocytes","C1Q+ Monocytes","HLA-DRA","CD4",0.0832992959687805,0,"HLA-DRA_CD4","HLA-DRA - CD4","MHC-II","Cell-Cell Contact","KEGG: hsa04514"
"Platelets","NK-like cells","HLA-E","CD94:NKG2C",0.082989375550488,0,"HLA-E_CD94:NKG2C","HLA-E - CD94:NKG2C","MHC-I","Cell-Cell Contact","PMID: 28484462"
"Naive CD4 T cells","C1Q+ Monocytes","MIF","CD74_CXCR4",0.0828055013724296,0,"MIF_CD74_CXCR4","MIF - (CD74+CXCR4)","MIF","Secreted Signaling","PMID: 29637711; PMID: 24760155"
"Platelets","Classical Monocytes","GP1BA","ITGAM_ITGB2",0.082791678919496,0,"GP1BA_ITGAM_ITGB2","GP1BA - (ITGAM+ITGB2)","GP1BA","Cell-Cell Contact","PMC2194217"
"Platelets","Conventional Dendritic Cells","THBS1","CD36",0.0827840823024682,0,"THBS1_CD36","THBS1 - CD36","THBS","ECM-Receptor","KEGG: hsa04512"
"NK-like cells","Regulatory / Activated CD4 T cells","ADGRE5","CD55",0.0827394139150586,0,"ADGRE5_CD55","ADGRE5 - CD55","ADGRE5","Cell-Cell Contact","PMID: 11297558"
"MAIT / CD161-like T cells","Classical Monocytes","TGFB1","ACVR1B_TGFbR2",0.0826201752745985,0,"TGFB1_ACVR1B_TGFBR2","TGFB1 - (ACVR1B+TGFBR2)","TGFb","Secreted Signaling","PMID: 27449815"
"Plasma cells","Conventional Dendritic Cells","CD22","PTPRC",0.0822788169525734,0,"CD22_PTPRC","CD22 - PTPRC","CD22","Cell-Cell Contact","KEGG: hsa04514"
"Conventional Dendritic Cells","Plasma cells","PTPRC","CD22",0.0822788169525734,0,"PTPRC_CD22","PTPRC - CD22","CD45","Cell-Cell Contact","PMID: 12115612"
"C1Q+ Monocytes","MAIT / CD161-like T cells","HLA-A","CD8A",0.0822611156180446,0,"HLA-A_CD8A","HLA-A - CD8A","MHC-I","Cell-Cell Contact","KEGG: hsa04514"
"Plasma cells","Classical Monocytes","CD22","PTPRC",0.0821066515053611,0,"CD22_PTPRC","CD22 - PTPRC","CD22","Cell-Cell Contact","KEGG: hsa04514"
"Classical Monocytes","Plasma cells","PTPRC","CD22",0.0821066515053611,0,"PTPRC_CD22","PTPRC - CD22","CD45","Cell-Cell Contact","PMID: 12115612"
"Regulatory / Activated CD4 T cells","Classical Monocytes","MIF","CD74_CXCR4",0.0820339064955928,0,"MIF_CD74_CXCR4","MIF - (CD74+CXCR4)","MIF","Secreted Signaling","PMID: 29637711; PMID: 24760155"
"Plasma cells","MAIT / CD161-like T cells","HLA-A","CD8A",0.0819713146559388,0,"HLA-A_CD8A","HLA-A - CD8A","MHC-I","Cell-Cell Contact","KEGG: hsa04514"
"Regulatory / Activated CD4 T cells","Naive B cells","MIF","CD74_CXCR4",0.0819446294571231,0,"MIF_CD74_CXCR4","MIF - (CD74+CXCR4)","MIF","Secreted Signaling","PMID: 29637711; PMID: 24760155"
"Plasma cells","Monocytes","CD22","PTPRC",0.0818511439236957,0,"CD22_PTPRC","CD22 - PTPRC","CD22","Cell-Cell Contact","KEGG: hsa04514"
"Monocytes","Plasma cells","PTPRC","CD22",0.0818511439236957,0,"PTPRC_CD22","PTPRC - CD22","CD45","Cell-Cell Contact","PMID: 12115612"
"Conventional Dendritic Cells","Monocytes","NAMPT","ITGA5_ITGB1",0.0817534261713802,0,"NAMPT_ITGA5_ITGB1","NAMPT - (ITGA5+ITGB1)","VISFATIN","Secreted Signaling","PMID: 28490838"
"Regulatory / Activated CD4 T cells","MAIT / CD161-like T cells","MIF","CD74_CXCR4",0.0816894947106562,0,"MIF_CD74_CXCR4","MIF - (CD74+CXCR4)","MIF","Secreted Signaling","PMID: 29637711; PMID: 24760155"
"C1Q+ Monocytes","Plasma cells","MIF","CD74_CXCR4",0.0816605824780856,0,"MIF_CD74_CXCR4","MIF - (CD74+CXCR4)","MIF","Secreted Signaling","PMID: 29637711; PMID: 24760155"
"Conventional Dendritic Cells","Conventional Dendritic Cells","HLA-DPB1","CD4",0.0815972330192188,0,"HLA-DPB1_CD4","HLA-DPB1 - CD4","MHC-II","Cell-Cell Contact","KEGG: hsa04514"
"Classical Monocytes","NK cells","HLA-E","CD94:NKG2E",0.0814934599088794,0,"HLA-E_CD94:NKG2E","HLA-E - CD94:NKG2E","MHC-I","Cell-Cell Contact","PMID: 28484462"
"C1Q+ Monocytes","Regulatory / Activated CD4 T cells","CD86","CD28",0.0814874269306159,0,"CD86_CD28","CD86 - CD28","CD86","Cell-Cell Contact","PMID: 23954143"
"Regulatory / Activated CD4 T cells","MAIT / CD161-like T cells","HLA-E","CD8A",0.0814515046957075,0,"HLA-E_CD8A","HLA-E - CD8A","MHC-I","Cell-Cell Contact","KEGG: hsa04514"
"Plasma cells","C1Q+ Monocytes","MIF","CD74_CXCR4",0.0813520232781645,0,"MIF_CD74_CXCR4","MIF - (CD74+CXCR4)","MIF","Secreted Signaling","PMID: 29637711; PMID: 24760155"
"Platelets","NK-like cells","THBS1","CD47",0.0812996221596806,0,"THBS1_CD47","THBS1 - CD47","THBS","ECM-Receptor","KEGG: hsa04512"
"Conventional Dendritic Cells","C1Q+ Monocytes","LGALS9","CD44",0.0812385955730563,0,"LGALS9_CD44","LGALS9 - CD44","GALECTIN","Secreted Signaling","PMID: 25065622"
"Naive B cells","Classical Monocytes","ADGRE5","CD55",0.0810230373088063,0,"ADGRE5_CD55","ADGRE5 - CD55","ADGRE5","Cell-Cell Contact","PMID: 11297558"
"Monocytes","MAIT / CD161-like T cells","LGALS9","PTPRC",0.0809981927558468,0,"LGALS9_CD45","LGALS9 - CD45","GALECTIN","Secreted Signaling","PMID: 30120235"
"Plasma cells","Myeloid cells","CD22","PTPRC",0.0809301912563545,0,"CD22_PTPRC","CD22 - PTPRC","CD22","Cell-Cell Contact","KEGG: hsa04514"
"Myeloid cells","Plasma cells","PTPRC","CD22",0.0809301912563545,0,"PTPRC_CD22","PTPRC - CD22","CD45","Cell-Cell Contact","PMID: 12115612"
"Plasma cells","Plasma cells","CD22","PTPRC",0.0808485900077961,0,"CD22_PTPRC","CD22 - PTPRC","CD22","Cell-Cell Contact","KEGG: hsa04514"
"Plasma cells","Plasma cells","PTPRC","CD22",0.0808485900077961,0,"PTPRC_CD22","PTPRC - CD22","CD45","Cell-Cell Contact","PMID: 12115612"
"Plasma cells","NK-like cells","HLA-E","KLRK1",0.0807767027877363,0,"HLA-E_KLRK1","HLA-E - KLRK1","MHC-I","Cell-Cell Contact","PMID: 28484462"
"Platelets","NK cells","TGFB1","TGFbR1_R2",0.0807672322493049,0,"TGFB1_TGFBR1_TGFBR2","TGFB1 - (TGFBR1+TGFBR2)","TGFb","Secreted Signaling","KEGG: hsa04350"
"Conventional Dendritic Cells","Regulatory / Activated CD4 T cells","CD86","CD28",0.0806815166899472,0,"CD86_CD28","CD86 - CD28","CD86","Cell-Cell Contact","PMID: 23954143"
"Conventional Dendritic Cells","Conventional Dendritic Cells","HLA-DPA1","CD4",0.0806631262698639,0,"HLA-DPA1_CD4","HLA-DPA1 - CD4","MHC-II","Cell-Cell Contact","KEGG: hsa04514"
"Monocytes","Regulatory / Activated CD4 T cells","LGALS9","PTPRC",0.0806329381015265,0,"LGALS9_CD45","LGALS9 - CD45","GALECTIN","Secreted Signaling","PMID: 30120235"
"Naive CD4 T cells","NK-like cells","HLA-E","KLRK1",0.0806096603317496,0,"HLA-E_KLRK1","HLA-E - KLRK1","MHC-I","Cell-Cell Contact","PMID: 28484462"
"Conventional Dendritic Cells","Monocytes","LGALS9","CD44",0.0805857075551681,0,"LGALS9_CD44","LGALS9 - CD44","GALECTIN","Secreted Signaling","PMID: 25065622"
"Monocytes","C1Q+ Monocytes","HLA-DRB1","CD4",0.0805765925058732,0,"HLA-DRB1_CD4","HLA-DRB1 - CD4","MHC-II","Cell-Cell Contact","KEGG: hsa04514"
"Myeloid cells","NK cells","HLA-E","KLRK1",0.0800793447970457,0,"HLA-E_KLRK1","HLA-E - KLRK1","MHC-I","Cell-Cell Contact","PMID: 28484462"
"C1Q+ Monocytes","Regulatory / Activated CD4 T cells","ADGRE5","CD55",0.0799769773252489,0,"ADGRE5_CD55","ADGRE5 - CD55","ADGRE5","Cell-Cell Contact","PMID: 11297558"
"Conventional Dendritic Cells","Monocytes","HLA-DQB1","CD4",0.0799517632541458,0,"HLA-DQB1_CD4","HLA-DQB1 - CD4","MHC-II","Cell-Cell Contact","KEGG: hsa04514"
"NK cells","Conventional Dendritic Cells","CD99","CD99",0.0799297736276936,0,"CD99_CD99","CD99 - CD99","CD99","Cell-Cell Contact","KEGG: hsa04514"
"Conventional Dendritic Cells","NK cells","CD99","CD99",0.0799297736276936,0,"CD99_CD99","CD99 - CD99","CD99","Cell-Cell Contact","KEGG: hsa04514"
"MAIT / CD161-like T cells","Classical Monocytes","MIF","CD74_CXCR4",0.0797679145170509,0,"MIF_CD74_CXCR4","MIF - (CD74+CXCR4)","MIF","Secreted Signaling","PMID: 29637711; PMID: 24760155"
"Naive B cells","Classical Monocytes","CCL5","CCR1",0.0797200222998607,0,"CCL5_CCR1","CCL5 - CCR1","CCL","Secreted Signaling","KEGG: hsa04060"
"MAIT / CD161-like T cells","Naive B cells","MIF","CD74_CXCR4",0.0796808894864865,0,"MIF_CD74_CXCR4","MIF - (CD74+CXCR4)","MIF","Secreted Signaling","PMID: 29637711; PMID: 24760155"
"Monocytes","Myeloid cells","LGALS9","CD44",0.0796655834264491,0,"LGALS9_CD44","LGALS9 - CD44","GALECTIN","Secreted Signaling","PMID: 25065622"
"Gamma-delta Cytotoxic T cells","Classical Monocytes","FCER2","ITGAX_ITGB2",0.079660524365151,0,"FCER2A_ITGAX_ITGB2","FCER2A - (ITGAX+ITGB2)","CD23","Cell-Cell Contact","PMID: 7621072"
"Naive B cells","Naive CD4 T cells","ADGRE5","CD55",0.0794921296576371,0,"ADGRE5_CD55","ADGRE5 - CD55","ADGRE5","Cell-Cell Contact","PMID: 11297558"
"Gamma-delta Cytotoxic T cells","Monocytes","HLA-DRB1","CD4",0.0794898002304141,0,"HLA-DRB1_CD4","HLA-DRB1 - CD4","MHC-II","Cell-Cell Contact","KEGG: hsa04514"
"Myeloid cells","Classical Monocytes","APP","CD74",0.0794795732384732,0,"APP_CD74","APP - CD74","APP","Cell-Cell Contact","PMID: 19849849"
"MAIT / CD161-like T cells","MAIT / CD161-like T cells","MIF","CD74_CXCR4",0.0794321930760193,0,"MIF_CD74_CXCR4","MIF - (CD74+CXCR4)","MIF","Secreted Signaling","PMID: 29637711; PMID: 24760155"
"Monocytes","Monocytes","HLA-DRA","CD4",0.0794227723510858,0,"HLA-DRA_CD4","HLA-DRA - CD4","MHC-II","Cell-Cell Contact","KEGG: hsa04514"
"NK cells","NK-like cells","CD69","KLRB1",0.0793786820130189,0,"CLEC2C_KLRB1","CLEC2C - KLRB1","CLEC","Cell-Cell Contact","PMID: 24223577"
"Gamma-delta Cytotoxic T cells","Conventional Dendritic Cells","HLA-DRA","CD4",0.0793774061545521,0,"HLA-DRA_CD4","HLA-DRA - CD4","MHC-II","Cell-Cell Contact","KEGG: hsa04514"
"Conventional Dendritic Cells","Classical Monocytes","HLA-DRA","CD4",0.0793653664445843,0,"HLA-DRA_CD4","HLA-DRA - CD4","MHC-II","Cell-Cell Contact","KEGG: hsa04514"
"Plasma cells","Conventional Dendritic Cells","HLA-DRA","CD4",0.0793314617066966,0,"HLA-DRA_CD4","HLA-DRA - CD4","MHC-II","Cell-Cell Contact","KEGG: hsa04514"
"Conventional Dendritic Cells","Myeloid cells","MIF","CD74_CD44",0.0793179818367924,0.01,"MIF_CD74_CD44","MIF - (CD74+CD44)","MIF","Secreted Signaling","PMID: 29637711; PMID: 26175090"
"NK cells","Myeloid cells","MIF","CD74_CD44",0.0792970748535139,0,"MIF_CD74_CD44","MIF - (CD74+CD44)","MIF","Secreted Signaling","PMID: 29637711; PMID: 26175090"
"Naive B cells","Conventional Dendritic Cells","CD99","CD99",0.0792741430930384,0,"CD99_CD99","CD99 - CD99","CD99","Cell-Cell Contact","KEGG: hsa04514"
"Conventional Dendritic Cells","Naive B cells","CD99","CD99",0.0792741430930384,0,"CD99_CD99","CD99 - CD99","CD99","Cell-Cell Contact","KEGG: hsa04514"
"MAIT / CD161-like T cells","C1Q+ Monocytes","CD99","PILRA",0.0790475530345006,0,"CD99_PILRA","CD99 - PILRA","CD99","Cell-Cell Contact","PMID: 18234675"
"Conventional Dendritic Cells","MAIT / CD161-like T cells","HLA-A","CD8A",0.0790093433781092,0,"HLA-A_CD8A","HLA-A - CD8A","MHC-I","Cell-Cell Contact","KEGG: hsa04514"
"Regulatory / Activated CD4 T cells","Naive B cells","MIF","CD74_CD44",0.0789262038745756,0,"MIF_CD74_CD44","MIF - (CD74+CD44)","MIF","Secreted Signaling","PMID: 29637711; PMID: 26175090"
"Platelets","Regulatory / Activated CD4 T cells","APP","CD74",0.0788341085830269,0,"APP_CD74","APP - CD74","APP","Cell-Cell Contact","PMID: 19849849"
"Naive B cells","Plasma cells","ADGRE5","CD55",0.078653881907908,0,"ADGRE5_CD55","ADGRE5 - CD55","ADGRE5","Cell-Cell Contact","PMID: 11297558"
"Classical Monocytes","Gamma-delta Cytotoxic T cells","MIF","CD74_CXCR4",0.0786141675574119,0,"MIF_CD74_CXCR4","MIF - (CD74+CXCR4)","MIF","Secreted Signaling","PMID: 29637711; PMID: 24760155"
"Classical Monocytes","Conventional Dendritic Cells","MIF","CD74_CD44",0.0785596172501752,0,"MIF_CD74_CD44","MIF - (CD74+CD44)","MIF","Secreted Signaling","PMID: 29637711; PMID: 26175090"
"MAIT / CD161-like T cells","Classical Monocytes","TGFB1","TGFbR1_R2",0.078337208665725,0,"TGFB1_TGFBR1_TGFBR2","TGFB1 - (TGFBR1+TGFBR2)","TGFb","Secreted Signaling","KEGG: hsa04350"
"Gamma-delta Cytotoxic T cells","MAIT / CD161-like T cells","HLA-C","CD8A",0.0782981144372745,0,"HLA-C_CD8A","HLA-C - CD8A","MHC-I","Cell-Cell Contact","KEGG: hsa04514"
"Classical Monocytes","NK cells","CLEC2B","KLRB1",0.0781188547338465,0,"CLEC2B_KLRB1","CLEC2B - KLRB1","CLEC","Cell-Cell Contact","PMID: 24223577"
"Monocytes","Gamma-delta Cytotoxic T cells","LGALS9","PTPRC",0.0780558678078973,0,"LGALS9_CD45","LGALS9 - CD45","GALECTIN","Secreted Signaling","PMID: 30120235"
"NK cells","NK-like cells","ITGB2","CD226",0.0780513262532311,0,"ITGB2_CD226","ITGB2 - CD226","ITGB2","Cell-Cell Contact","KEGG: hsa04514"
"Naive B cells","Myeloid cells","MIF","CD74_CD44",0.0780127333741091,0,"MIF_CD74_CD44","MIF - (CD74+CD44)","MIF","Secreted Signaling","PMID: 29637711; PMID: 26175090"
"Platelets","Monocytes","TGFB1","ACVR1B_TGFbR2",0.0778357044372368,0,"TGFB1_ACVR1B_TGFBR2","TGFB1 - (ACVR1B+TGFBR2)","TGFb","Secreted Signaling","PMID: 27449815"
"MAIT / CD161-like T cells","Classical Monocytes","ADGRE5","CD55",0.0778201219243929,0,"ADGRE5_CD55","ADGRE5 - CD55","ADGRE5","Cell-Cell Contact","PMID: 11297558"
"Plasma cells","C1Q+ Monocytes","HLA-DRB1","CD4",0.0776255970161672,0,"HLA-DRB1_CD4","HLA-DRB1 - CD4","MHC-II","Cell-Cell Contact","KEGG: hsa04514"
"Monocytes","Naive CD4 T cells","LGALS9","PTPRC",0.077548505711957,0,"LGALS9_CD45","LGALS9 - CD45","GALECTIN","Secreted Signaling","PMID: 30120235"
"Monocytes","NK-like cells","ITGB2","CD226",0.0773987875062198,0,"ITGB2_CD226","ITGB2 - CD226","ITGB2","Cell-Cell Contact","KEGG: hsa04514"
"C1Q+ Monocytes","Classical Monocytes","ANXA1","FPR1",0.0773779850899297,0,"ANXA1_FPR1","ANXA1 - FPR1","ANNEXIN","Secreted Signaling","PMID: 23230437"
"Gamma-delta Cytotoxic T cells","Gamma-delta Cytotoxic T cells","MIF","CD74_CXCR4",0.077368505260803,0,"MIF_CD74_CXCR4","MIF - (CD74+CXCR4)","MIF","Secreted Signaling","PMID: 29637711; PMID: 24760155"
"Conventional Dendritic Cells","Conventional Dendritic Cells","HLA-DQA1","CD4",0.0773600949935469,0,"HLA-DQA1_CD4","HLA-DQA1 - CD4","MHC-II","Cell-Cell Contact","KEGG: hsa04514"
"Gamma-delta Cytotoxic T cells","Conventional Dendritic Cells","MIF","CD74_CD44",0.077314746787654,0.01,"MIF_CD74_CD44","MIF - (CD74+CD44)","MIF","Secreted Signaling","PMID: 29637711; PMID: 26175090"
"Plasma cells","MAIT / CD161-like T cells","HLA-E","CD8A",0.0770844127393396,0,"HLA-E_CD8A","HLA-E - CD8A","MHC-I","Cell-Cell Contact","KEGG: hsa04514"
"Conventional Dendritic Cells","Classical Monocytes","HLA-DRB1","CD4",0.0770173531352855,0,"HLA-DRB1_CD4","HLA-DRB1 - CD4","MHC-II","Cell-Cell Contact","KEGG: hsa04514"
"Naive CD4 T cells","MAIT / CD161-like T cells","HLA-E","CD8A",0.0769243667985388,0,"HLA-E_CD8A","HLA-E - CD8A","MHC-I","Cell-Cell Contact","KEGG: hsa04514"
"Monocytes","Monocytes","HLA-DRB1","CD4",0.0768161585302628,0,"HLA-DRB1_CD4","HLA-DRB1 - CD4","MHC-II","Cell-Cell Contact","KEGG: hsa04514"
"Naive CD4 T cells","Myeloid cells","MIF","CD74_CD44",0.0767701176966273,0,"MIF_CD74_CD44","MIF - (CD74+CD44)","MIF","Secreted Signaling","PMID: 29637711; PMID: 26175090"
"MAIT / CD161-like T cells","Naive B cells","MIF","CD74_CD44",0.0767388786269548,0.02,"MIF_CD74_CD44","MIF - (CD74+CD44)","MIF","Secreted Signaling","PMID: 29637711; PMID: 26175090"
"Platelets","Monocytes","GP1BA","ITGAM_ITGB2",0.0765831214518906,0,"GP1BA_ITGAM_ITGB2","GP1BA - (ITGAM+ITGB2)","GP1BA","Cell-Cell Contact","PMC2194217"
"Gamma-delta Cytotoxic T cells","Monocytes","FCER2","ITGAX_ITGB2",0.0764340379124103,0,"FCER2A_ITGAX_ITGB2","FCER2A - (ITGAX+ITGB2)","CD23","Cell-Cell Contact","PMID: 7621072"
"MAIT / CD161-like T cells","Naive CD4 T cells","ADGRE5","CD55",0.0763447048700592,0,"ADGRE5_CD55","ADGRE5 - CD55","ADGRE5","Cell-Cell Contact","PMID: 11297558"
"Monocytes","NK-like cells","HLA-E","KLRK1",0.076107501763036,0,"HLA-E_KLRK1","HLA-E - KLRK1","MHC-I","Cell-Cell Contact","PMID: 28484462"
"Regulatory / Activated CD4 T cells","MAIT / CD161-like T cells","CD99","CD99",0.076025345738749,0,"CD99_CD99","CD99 - CD99","CD99","Cell-Cell Contact","KEGG: hsa04514"
"MAIT / CD161-like T cells","Regulatory / Activated CD4 T cells","CD99","CD99",0.076025345738749,0,"CD99_CD99","CD99 - CD99","CD99","Cell-Cell Contact","KEGG: hsa04514"
"Monocytes","Classical Monocytes","APP","CD74",0.0759824011380414,0,"APP_CD74","APP - CD74","APP","Cell-Cell Contact","PMID: 19849849"
"Monocytes","MAIT / CD161-like T cells","CD99","CD99",0.0758833874923018,0,"CD99_CD99","CD99 - CD99","CD99","Cell-Cell Contact","KEGG: hsa04514"
"MAIT / CD161-like T cells","Monocytes","CD99","CD99",0.0758833874923018,0,"CD99_CD99","CD99 - CD99","CD99","Cell-Cell Contact","KEGG: hsa04514"
"Regulatory / Activated CD4 T cells","NK cells","MIF","CD74_CXCR4",0.0757417312864087,0,"MIF_CD74_CXCR4","MIF - (CD74+CXCR4)","MIF","Secreted Signaling","PMID: 29637711; PMID: 24760155"
"Classical Monocytes","C1Q+ Monocytes","CD99","PILRA",0.0757167379330572,0,"CD99_PILRA","CD99 - PILRA","CD99","Cell-Cell Contact","PMID: 18234675"
"Naive B cells","Monocytes","ADGRE5","CD55",0.0755663767343629,0,"ADGRE5_CD55","ADGRE5 - CD55","ADGRE5","Cell-Cell Contact","PMID: 11297558"
"MAIT / CD161-like T cells","Plasma cells","ADGRE5","CD55",0.0755369232927374,0,"ADGRE5_CD55","ADGRE5 - CD55","ADGRE5","Cell-Cell Contact","PMID: 11297558"
"Monocytes","Classical Monocytes","ANXA1","FPR1",0.075469948828609,0,"ANXA1_FPR1","ANXA1 - FPR1","ANNEXIN","Secreted Signaling","PMID: 23230437"
"NK cells","Monocytes","CCL5","CCR1",0.0754179050480966,0,"CCL5_CCR1","CCL5 - CCR1","CCL","Secreted Signaling","KEGG: hsa04060"
"Plasma cells","Myeloid cells","MIF","CD74_CD44",0.0754138676737105,0.03,"MIF_CD74_CD44","MIF - (CD74+CD44)","MIF","Secreted Signaling","PMID: 29637711; PMID: 26175090"
"Classical Monocytes","Conventional Dendritic Cells","MIF","CD74_CXCR4",0.0752123233125294,0,"MIF_CD74_CXCR4","MIF - (CD74+CXCR4)","MIF","Secreted Signaling","PMID: 29637711; PMID: 24760155"
"Gamma-delta Cytotoxic T cells","C1Q+ Monocytes","FCER2","ITGAX_ITGB2",0.0751301386513727,0,"FCER2A_ITGAX_ITGB2","FCER2A - (ITGAX+ITGB2)","CD23","Cell-Cell Contact","PMID: 7621072"
"Classical Monocytes","Regulatory / Activated CD4 T cells","CD86","CD28",0.0750396674145022,0,"CD86_CD28","CD86 - CD28","CD86","Cell-Cell Contact","PMID: 23954143"
"Monocytes","Monocytes","MIF","CD74_CXCR4",0.0749752799998288,0,"MIF_CD74_CXCR4","MIF - (CD74+CXCR4)","MIF","Secreted Signaling","PMID: 29637711; PMID: 24760155"
"NK cells","Classical Monocytes","CD99","PILRA",0.074883601528595,0,"CD99_PILRA","CD99 - PILRA","CD99","Cell-Cell Contact","PMID: 18234675"
"NK cells","Naive B cells","HLA-E","CD94:NKG2E",0.0748306838004036,0,"HLA-E_CD94:NKG2E","HLA-E - CD94:NKG2E","MHC-I","Cell-Cell Contact","PMID: 28484462"
"C1Q+ Monocytes","C1Q+ Monocytes","HLA-DRA","CD4",0.0748243691731729,0,"HLA-DRA_CD4","HLA-DRA - CD4","MHC-II","Cell-Cell Contact","KEGG: hsa04514"
"Naive B cells","Platelets","GZMA","F2R",0.0747839124205777,0,"GZMA_F2R","GZMA - F2R","PARs","Secreted Signaling","KEGG: hsa04080"
"Gamma-delta Cytotoxic T cells","NK-like cells","HLA-E","KLRK1",0.0747452037585433,0,"HLA-E_KLRK1","HLA-E - KLRK1","MHC-I","Cell-Cell Contact","PMID: 28484462"
"Naive B cells","Classical Monocytes","CD99","PILRA",0.0742660215939562,0,"CD99_PILRA","CD99 - PILRA","CD99","Cell-Cell Contact","PMID: 18234675"
"Monocytes","Conventional Dendritic Cells","LGALS9","PTPRC",0.074067768758733,0,"LGALS9_CD45","LGALS9 - CD45","GALECTIN","Secreted Signaling","PMID: 30120235"
"NK-like cells","NK cells","HLA-E","CD94:NKG2E",0.0740673697265201,0,"HLA-E_CD94:NKG2E","HLA-E - CD94:NKG2E","MHC-I","Cell-Cell Contact","PMID: 28484462"
"Gamma-delta Cytotoxic T cells","Conventional Dendritic Cells","MIF","CD74_CXCR4",0.0740162340240713,0,"MIF_CD74_CXCR4","MIF - (CD74+CXCR4)","MIF","Secreted Signaling","PMID: 29637711; PMID: 24760155"
"Plasma cells","Monocytes","HLA-DRB1","CD4",0.0739918000191445,0,"HLA-DRB1_CD4","HLA-DRB1 - CD4","MHC-II","Cell-Cell Contact","KEGG: hsa04514"
"Gamma-delta Cytotoxic T cells","NK-like cells","CD69","KLRB1",0.0739725674070244,0,"CLEC2C_KLRB1","CLEC2C - KLRB1","CLEC","Cell-Cell Contact","PMID: 24223577"
"Conventional Dendritic Cells","Classical Monocytes","MIF","CD74_CXCR4",0.0739364213359636,0,"MIF_CD74_CXCR4","MIF - (CD74+CXCR4)","MIF","Secreted Signaling","PMID: 29637711; PMID: 24760155"
"NK cells","Classical Monocytes","MIF","CD74_CXCR4",0.0739168189644279,0,"MIF_CD74_CXCR4","MIF - (CD74+CXCR4)","MIF","Secreted Signaling","PMID: 29637711; PMID: 24760155"
"Monocytes","Classical Monocytes","LGALS9","PTPRC",0.0739114008840199,0,"LGALS9_CD45","LGALS9 - CD45","GALECTIN","Secreted Signaling","PMID: 30120235"
"Conventional Dendritic Cells","Naive B cells","MIF","CD74_CXCR4",0.0738552477367866,0,"MIF_CD74_CXCR4","MIF - (CD74+CXCR4)","MIF","Secreted Signaling","PMID: 29637711; PMID: 24760155"
"NK cells","Naive B cells","MIF","CD74_CXCR4",0.0738356651704833,0,"MIF_CD74_CXCR4","MIF - (CD74+CXCR4)","MIF","Secreted Signaling","PMID: 29637711; PMID: 24760155"
"Conventional Dendritic Cells","Classical Monocytes","ANXA1","FPR1",0.0737512025958834,0,"ANXA1_FPR1","ANXA1 - FPR1","ANNEXIN","Secreted Signaling","PMID: 23230437"
"MAIT / CD161-like T cells","NK-like cells","TGFB1","TGFbR1_R2",0.0736853410282494,0,"TGFB1_TGFBR1_TGFBR2","TGFB1 - (TGFBR1+TGFBR2)","TGFb","Secreted Signaling","KEGG: hsa04350"
"Monocytes","Monocytes","LGALS9","PTPRC",0.0736793489817511,0,"LGALS9_CD45","LGALS9 - CD45","GALECTIN","Secreted Signaling","PMID: 30120235"
"MAIT / CD161-like T cells","NK cells","MIF","CD74_CXCR4",0.0736356036535299,0,"MIF_CD74_CXCR4","MIF - (CD74+CXCR4)","MIF","Secreted Signaling","PMID: 29637711; PMID: 24760155"
"Conventional Dendritic Cells","MAIT / CD161-like T cells","MIF","CD74_CXCR4",0.0736232794834235,0,"MIF_CD74_CXCR4","MIF - (CD74+CXCR4)","MIF","Secreted Signaling","PMID: 29637711; PMID: 24760155"
"NK cells","MAIT / CD161-like T cells","MIF","CD74_CXCR4",0.0736037535349479,0,"MIF_CD74_CXCR4","MIF - (CD74+CXCR4)","MIF","Secreted Signaling","PMID: 29637711; PMID: 24760155"
"Plasma cells","Gamma-delta Cytotoxic T cells","ADGRE5","CD55",0.073527336804043,0,"ADGRE5_CD55","ADGRE5 - CD55","ADGRE5","Cell-Cell Contact","PMID: 11297558"
"Classical Monocytes","Gamma-delta Cytotoxic T cells","MIF","CD74_CD44",0.0733605830399957,0,"MIF_CD74_CD44","MIF - (CD74+CD44)","MIF","Secreted Signaling","PMID: 29637711; PMID: 26175090"
"Regulatory / Activated CD4 T cells","MAIT / CD161-like T cells","MIF","CD74_CD44",0.0732908420608595,0.01,"MIF_CD74_CD44","MIF - (CD74+CD44)","MIF","Secreted Signaling","PMID: 29637711; PMID: 26175090"
"Conventional Dendritic Cells","NK cells","HLA-E","CD94:NKG2E",0.0732529595730024,0,"HLA-E_CD94:NKG2E","HLA-E - CD94:NKG2E","MHC-I","Cell-Cell Contact","PMID: 28484462"
"Monocytes","Classical Monocytes","LGALS9","CD44",0.0731944916697685,0,"LGALS9_CD44","LGALS9 - CD44","GALECTIN","Secreted Signaling","PMID: 25065622"
"C1Q+ Monocytes","Conventional Dendritic Cells","LGALS9","CD44",0.0731389648738312,0,"LGALS9_CD44","LGALS9 - CD44","GALECTIN","Secreted Signaling","PMID: 25065622"
"Monocytes","Myeloid cells","LGALS9","PTPRC",0.0728430470571293,0,"LGALS9_CD45","LGALS9 - CD45","GALECTIN","Secreted Signaling","PMID: 30120235"
"Regulatory / Activated CD4 T cells","Classical Monocytes","CD99","CD99",0.0728118087613842,0,"CD99_CD99","CD99 - CD99","CD99","Cell-Cell Contact","KEGG: hsa04514"
"Classical Monocytes","Regulatory / Activated CD4 T cells","CD99","CD99",0.0728118087613842,0,"CD99_CD99","CD99 - CD99","CD99","Cell-Cell Contact","KEGG: hsa04514"
"NK cells","Monocytes","CD99","PILRA",0.0728089165745059,0,"CD99_PILRA","CD99 - PILRA","CD99","Cell-Cell Contact","PMID: 18234675"
"Monocytes","Plasma cells","LGALS9","PTPRC",0.0727689543866896,0,"LGALS9_CD45","LGALS9 - CD45","GALECTIN","Secreted Signaling","PMID: 30120235"
"NK cells","Conventional Dendritic Cells","ADGRE5","CD55",0.0727609394166474,0,"ADGRE5_CD55","ADGRE5 - CD55","ADGRE5","Cell-Cell Contact","PMID: 11297558"
"Platelets","Naive B cells","HLA-E","CD8A",0.0727340565611449,0,"HLA-E_CD8A","HLA-E - CD8A","MHC-I","Cell-Cell Contact","KEGG: hsa04514"
"Naive B cells","Classical Monocytes","MIF","CD74_CXCR4",0.0727127371933976,0,"MIF_CD74_CXCR4","MIF - (CD74+CXCR4)","MIF","Secreted Signaling","PMID: 29637711; PMID: 24760155"
"Classical Monocytes","NK-like cells","HLA-E","KLRK1",0.0726990344552644,0,"HLA-E_KLRK1","HLA-E - KLRK1","MHC-I","Cell-Cell Contact","PMID: 28484462"
"Monocytes","Classical Monocytes","CD99","CD99",0.0726753790202243,0,"CD99_CD99","CD99 - CD99","CD99","Cell-Cell Contact","KEGG: hsa04514"
"Classical Monocytes","Monocytes","CD99","CD99",0.0726753790202243,0,"CD99_CD99","CD99 - CD99","CD99","Cell-Cell Contact","KEGG: hsa04514"
"Classical Monocytes","Monocytes","THBS1","CD36",0.0726504673829836,0,"THBS1_CD36","THBS1 - CD36","THBS","ECM-Receptor","KEGG: hsa04512"
"Naive B cells","Naive B cells","MIF","CD74_CXCR4",0.0726328016870414,0,"MIF_CD74_CXCR4","MIF - (CD74+CXCR4)","MIF","Secreted Signaling","PMID: 29637711; PMID: 24760155"
"Monocytes","MAIT / CD161-like T cells","HLA-E","CD8A",0.0726117808870308,0,"HLA-E_CD8A","HLA-E - CD8A","MHC-I","Cell-Cell Contact","KEGG: hsa04514"
"C1Q+ Monocytes","Regulatory / Activated CD4 T cells","LGALS9","CD44",0.0725823986024173,0,"LGALS9_CD44","LGALS9 - CD44","GALECTIN","Secreted Signaling","PMID: 25065622"
"MAIT / CD161-like T cells","Monocytes","ADGRE5","CD55",0.0725621360306088,0,"ADGRE5_CD55","ADGRE5 - CD55","ADGRE5","Cell-Cell Contact","PMID: 11297558"
"Classical Monocytes","NK-like cells","ITGB2","CD226",0.0725335745704125,0,"ITGB2_CD226","ITGB2 - CD226","ITGB2","Cell-Cell Contact","KEGG: hsa04514"
"Classical Monocytes","Monocytes","MIF","CD74_CD44",0.0724250989259383,0,"MIF_CD74_CD44","MIF - (CD74+CD44)","MIF","Secreted Signaling","PMID: 29637711; PMID: 26175090"
"Naive B cells","MAIT / CD161-like T cells","MIF","CD74_CXCR4",0.0724043727864151,0,"MIF_CD74_CXCR4","MIF - (CD74+CXCR4)","MIF","Secreted Signaling","PMID: 29637711; PMID: 24760155"
"NK-like cells","MAIT / CD161-like T cells","HLA-B","CD8A",0.0723827583138515,0,"HLA-B_CD8A","HLA-B - CD8A","MHC-I","Cell-Cell Contact","KEGG: hsa04514"
"Naive B cells","Monocytes","CD99","PILRA",0.0722071114839345,0,"CD99_PILRA","CD99 - PILRA","CD99","Cell-Cell Contact","PMID: 18234675"
"Gamma-delta Cytotoxic T cells","Gamma-delta Cytotoxic T cells","MIF","CD74_CD44",0.0721916428831491,0,"MIF_CD74_CD44","MIF - (CD74+CD44)","MIF","Secreted Signaling","PMID: 29637711; PMID: 26175090"
"Monocytes","Regulatory / Activated CD4 T cells","CD86","CD28",0.0716386103968063,0,"CD86_CD28","CD86 - CD28","CD86","Cell-Cell Contact","PMID: 23954143"
"Naive CD4 T cells","Classical Monocytes","MIF","CD74_CXCR4",0.0715479906376433,0,"MIF_CD74_CXCR4","MIF - (CD74+CXCR4)","MIF","Secreted Signaling","PMID: 29637711; PMID: 24760155"
"Naive CD4 T cells","Naive B cells","MIF","CD74_CXCR4",0.0714692368872628,0,"MIF_CD74_CXCR4","MIF - (CD74+CXCR4)","MIF","Secreted Signaling","PMID: 29637711; PMID: 24760155"
"Myeloid cells","Classical Monocytes","THBS1","CD36",0.0714358505693018,0,"THBS1_CD36","THBS1 - CD36","THBS","ECM-Receptor","KEGG: hsa04512"
"Platelets","Platelets","PECAM1","PECAM1",0.0714061672707677,0,"PECAM1_PECAM1","PECAM1 - PECAM1","PECAM1","Cell-Cell Contact","KEGG: hsa04514"
"C1Q+ Monocytes","NK-like cells","ITGB2","CD226",0.0713602182542783,0,"ITGB2_CD226","ITGB2 - CD226","ITGB2","Cell-Cell Contact","KEGG: hsa04514"
"Monocytes","C1Q+ Monocytes","MIF","CD74_CXCR4",0.0713399909864408,0,"MIF_CD74_CXCR4","MIF - (CD74+CXCR4)","MIF","Secreted Signaling","PMID: 29637711; PMID: 24760155"
"C1Q+ Monocytes","Monocytes","HLA-DRA","CD4",0.0713115646977447,0,"HLA-DRA_CD4","HLA-DRA - CD4","MHC-II","Cell-Cell Contact","KEGG: hsa04514"
"Gamma-delta Cytotoxic T cells","MAIT / CD161-like T cells","HLA-E","CD8A",0.0713072256756806,0,"HLA-E_CD8A","HLA-E - CD8A","MHC-I","Cell-Cell Contact","KEGG: hsa04514"
"Gamma-delta Cytotoxic T cells","Monocytes","MIF","CD74_CD44",0.0712699184673633,0.01,"MIF_CD74_CD44","MIF - (CD74+CD44)","MIF","Secreted Signaling","PMID: 29637711; PMID: 26175090"
"Naive CD4 T cells","MAIT / CD161-like T cells","MIF","CD74_CXCR4",0.0712441862481667,0,"MIF_CD74_CXCR4","MIF - (CD74+CXCR4)","MIF","Secreted Signaling","PMID: 29637711; PMID: 24760155"
"NK cells","NK cells","HLA-C","KIR2DS4",0.0711301191831043,0,"HLA-C_KIR2DS4","HLA-C - KIR2DS4","MHC-I","Cell-Cell Contact","PMID: 28484462"
"C1Q+ Monocytes","Monocytes","MIF","CD74_CXCR4",0.0709983256934035,0,"MIF_CD74_CXCR4","MIF - (CD74+CXCR4)","MIF","Secreted Signaling","PMID: 29637711; PMID: 24760155"
"Conventional Dendritic Cells","Conventional Dendritic Cells","HLA-DQB1","CD4",0.0707944299432912,0,"HLA-DQB1_CD4","HLA-DQB1 - CD4","MHC-II","Cell-Cell Contact","KEGG: hsa04514"
"Regulatory / Activated CD4 T cells","Regulatory / Activated CD4 T cells","MIF","CD74_CD44",0.070696647439595,0.03,"MIF_CD74_CD44","MIF - (CD74+CD44)","MIF","Secreted Signaling","PMID: 29637711; PMID: 26175090"
"Classical Monocytes","C1Q+ Monocytes","MIF","CD74_CD44",0.0705791695870864,0.04,"MIF_CD74_CD44","MIF - (CD74+CD44)","MIF","Secreted Signaling","PMID: 29637711; PMID: 26175090"
"MAIT / CD161-like T cells","NK-like cells","CD69","KLRB1",0.0704566535876536,0,"CLEC2C_KLRB1","CLEC2C - KLRB1","CLEC","Cell-Cell Contact","PMID: 24223577"
"Conventional Dendritic Cells","Conventional Dendritic Cells","LGALS9","CD44",0.0704435038371246,0,"LGALS9_CD44","LGALS9 - CD44","GALECTIN","Secreted Signaling","PMID: 25065622"
"Gamma-delta Cytotoxic T cells","Conventional Dendritic Cells","HLA-DRB1","CD4",0.0703813306137106,0,"HLA-DRB1_CD4","HLA-DRB1 - CD4","MHC-II","Cell-Cell Contact","KEGG: hsa04514"
"Classical Monocytes","Plasma cells","MIF","CD74_CD44",0.0703514210502991,0.03,"MIF_CD74_CD44","MIF - (CD74+CD44)","MIF","Secreted Signaling","PMID: 29637711; PMID: 26175090"
"Monocytes","Conventional Dendritic Cells","HLA-DRA","CD4",0.0703213964906666,0,"HLA-DRA_CD4","HLA-DRA - CD4","MHC-II","Cell-Cell Contact","KEGG: hsa04514"
"Gamma-delta Cytotoxic T cells","Conventional Dendritic Cells","FCER2","ITGAX_ITGB2",0.0702954910322336,0,"FCER2A_ITGAX_ITGB2","FCER2A - (ITGAX+ITGB2)","CD23","Cell-Cell Contact","PMID: 7621072"
"Plasma cells","Classical Monocytes","MIF","CD74_CXCR4",0.070276974088301,0,"MIF_CD74_CXCR4","MIF - (CD74+CXCR4)","MIF","Secreted Signaling","PMID: 29637711; PMID: 24760155"
"Plasma cells","Naive B cells","MIF","CD74_CXCR4",0.0701995135823702,0,"MIF_CD74_CXCR4","MIF - (CD74+CXCR4)","MIF","Secreted Signaling","PMID: 29637711; PMID: 24760155"
"Plasma cells","MAIT / CD161-like T cells","CLEC2D","KLRB1",0.0700654214952903,0,"CLEC2D_KLRB1","CLEC2D - KLRB1","CLEC","Cell-Cell Contact","PMID: 24223577"
"NK cells","Classical Monocytes","CCL5","CCR1",0.0700290451347558,0,"CCL5_CCR1","CCL5 - CCR1","CCL","Secreted Signaling","KEGG: hsa04060"
"Plasma cells","MAIT / CD161-like T cells","MIF","CD74_CXCR4",0.0699781598697117,0.01,"MIF_CD74_CXCR4","MIF - (CD74+CXCR4)","MIF","Secreted Signaling","PMID: 29637711; PMID: 24760155"
"NK cells","NK cells","ITGB2","CD226",0.0699593034036858,0,"ITGB2_CD226","ITGB2 - CD226","ITGB2","Cell-Cell Contact","KEGG: hsa04514"
"NK cells","Naive B cells","HLA-E","CD94:NKG2C",0.0699313180496752,0,"HLA-E_CD94:NKG2C","HLA-E - CD94:NKG2C","MHC-I","Cell-Cell Contact","PMID: 28484462"
"Naive B cells","Naive B cells","MIF","CD74_CD44",0.0699312492620929,0.04,"MIF_CD74_CD44","MIF - (CD74+CD44)","MIF","Secreted Signaling","PMID: 29637711; PMID: 26175090"
"Conventional Dendritic Cells","Regulatory / Activated CD4 T cells","LGALS9","CD44",0.0699059022052447,0,"LGALS9_CD44","LGALS9 - CD44","GALECTIN","Secreted Signaling","PMID: 25065622"
"Plasma cells","C1Q+ Monocytes","ADGRE5","CD55",0.0697027511847463,0,"ADGRE5_CD55","ADGRE5 - CD55","ADGRE5","Cell-Cell Contact","PMID: 11297558"
"Monocytes","NK cells","ITGB2","CD226",0.0693693267370991,0,"ITGB2_CD226","ITGB2 - CD226","ITGB2","Cell-Cell Contact","KEGG: hsa04514"
"Classical Monocytes","MAIT / CD161-like T cells","HLA-E","CD8A",0.0693481179251723,0,"HLA-E_CD8A","HLA-E - CD8A","MHC-I","Cell-Cell Contact","KEGG: hsa04514"
"Plasma cells","C1Q+ Monocytes","HLA-DPB1","CD4",0.0692182434005979,0,"HLA-DPB1_CD4","HLA-DPB1 - CD4","MHC-II","Cell-Cell Contact","KEGG: hsa04514"
"NK-like cells","MAIT / CD161-like T cells","HLA-C","CD8A",0.0691726493914676,0,"HLA-C_CD8A","HLA-C - CD8A","MHC-I","Cell-Cell Contact","KEGG: hsa04514"
"MAIT / CD161-like T cells","MAIT / CD161-like T cells","CD99","CD99",0.0690286835614262,0,"CD99_CD99","CD99 - CD99","CD99","Cell-Cell Contact","KEGG: hsa04514"
"Platelets","Conventional Dendritic Cells","TGFB1","TGFbR1_R2",0.0689453238471625,0,"TGFB1_TGFBR1_TGFBR2","TGFB1 - (TGFBR1+TGFBR2)","TGFb","Secreted Signaling","KEGG: hsa04350"
"Classical Monocytes","Classical Monocytes","ANXA1","FPR1",0.0688533833598332,0,"ANXA1_FPR1","ANXA1 - FPR1","ANNEXIN","Secreted Signaling","PMID: 23230437"
"Naive CD4 T cells","Naive B cells","MIF","CD74_CD44",0.0688077517383488,0,"MIF_CD74_CD44","MIF - (CD74+CD44)","MIF","Secreted Signaling","PMID: 29637711; PMID: 26175090"
"MAIT / CD161-like T cells","Monocytes","CCL5","CCR1",0.068784032380638,0,"CCL5_CCR1","CCL5 - CCR1","CCL","Secreted Signaling","KEGG: hsa04060"
"Monocytes","C1Q+ Monocytes","LGALS9","CD44",0.06874985453148,0,"LGALS9_CD44","LGALS9 - CD44","GALECTIN","Secreted Signaling","PMID: 25065622"
"C1Q+ Monocytes","MAIT / CD161-like T cells","LGALS9","CD44",0.0685407388170375,0,"LGALS9_CD44","LGALS9 - CD44","GALECTIN","Secreted Signaling","PMID: 25065622"
"Gamma-delta Cytotoxic T cells","MAIT / CD161-like T cells","HLA-A","CD8A",0.0683808471452069,0,"HLA-A_CD8A","HLA-A - CD8A","MHC-I","Cell-Cell Contact","KEGG: hsa04514"
"Plasma cells","Myeloid cells","ADGRE5","CD55",0.0683602309288679,0,"ADGRE5_CD55","ADGRE5 - CD55","ADGRE5","Cell-Cell Contact","PMID: 11297558"
"Regulatory / Activated CD4 T cells","Regulatory / Activated CD4 T cells","MIF","CD74_CXCR4",0.0682505792583476,0,"MIF_CD74_CXCR4","MIF - (CD74+CXCR4)","MIF","Secreted Signaling","PMID: 29637711; PMID: 24760155"
"Conventional Dendritic Cells","NK cells","MIF","CD74_CXCR4",0.0682191834842355,0.02,"MIF_CD74_CXCR4","MIF - (CD74+CXCR4)","MIF","Secreted Signaling","PMID: 29637711; PMID: 24760155"
"Conventional Dendritic Cells","Regulatory / Activated CD4 T cells","HLA-DPB1","CD4",0.0682013064988796,0,"HLA-DPB1_CD4","HLA-DPB1 - CD4","MHC-II","Cell-Cell Contact","KEGG: hsa04514"
"NK cells","NK cells","MIF","CD74_CXCR4",0.0682009852622903,0,"MIF_CD74_CXCR4","MIF - (CD74+CXCR4)","MIF","Secreted Signaling","PMID: 29637711; PMID: 24760155"
"Monocytes","Monocytes","LGALS9","CD44",0.0681898851965737,0,"LGALS9_CD44","LGALS9 - CD44","GALECTIN","Secreted Signaling","PMID: 25065622"
"Plasma cells","NK cells","CD99","CD99",0.0680989748114871,0,"CD99_CD99","CD99 - CD99","CD99","Cell-Cell Contact","KEGG: hsa04514"
"NK cells","Plasma cells","CD99","CD99",0.0680989748114871,0,"CD99_CD99","CD99 - CD99","CD99","Cell-Cell Contact","KEGG: hsa04514"
"Classical Monocytes","Classical Monocytes","MIF","CD74_CD44",0.0680979656557781,0.03,"MIF_CD74_CD44","MIF - (CD74+CD44)","MIF","Secreted Signaling","PMID: 29637711; PMID: 26175090"
"Platelets","NK cells","HLA-C","KIR2DS4",0.0680808406218269,0,"HLA-C_KIR2DS4","HLA-C - KIR2DS4","MHC-I","Cell-Cell Contact","PMID: 28484462"
"Conventional Dendritic Cells","Monocytes","APP","CD74",0.068006227957863,0,"APP_CD74","APP - CD74","APP","Cell-Cell Contact","PMID: 19849849"
"Monocytes","Conventional Dendritic Cells","HLA-DRB1","CD4",0.0679914236855634,0,"HLA-DRB1_CD4","HLA-DRB1 - CD4","MHC-II","Cell-Cell Contact","KEGG: hsa04514"
"Naive B cells","Naive B cells","HLA-E","CD94:NKG2E",0.0677431778243221,0,"HLA-E_CD94:NKG2E","HLA-E - CD94:NKG2E","MHC-I","Cell-Cell Contact","PMID: 28484462"
"C1Q+ Monocytes","Gamma-delta Cytotoxic T cells","LGALS9","CD44",0.0677190463462447,0,"LGALS9_CD44","LGALS9 - CD44","GALECTIN","Secreted Signaling","PMID: 25065622"
"C1Q+ Monocytes","C1Q+ Monocytes","MIF","CD74_CXCR4",0.067541785669533,0,"MIF_CD74_CXCR4","MIF - (CD74+CXCR4)","MIF","Secreted Signaling","PMID: 29637711; PMID: 24760155"
"Plasma cells","Naive B cells","CD99","CD99",0.0675332644009953,0,"CD99_CD99","CD99 - CD99","CD99","Cell-Cell Contact","KEGG: hsa04514"
"Naive B cells","Plasma cells","CD99","CD99",0.0675332644009953,0,"CD99_CD99","CD99 - CD99","CD99","Cell-Cell Contact","KEGG: hsa04514"
"Conventional Dendritic Cells","Regulatory / Activated CD4 T cells","HLA-DPA1","CD4",0.0674092973939549,0,"HLA-DPA1_CD4","HLA-DPA1 - CD4","MHC-II","Cell-Cell Contact","KEGG: hsa04514"
"MAIT / CD161-like T cells","NK cells","CLEC2D","KLRB1",0.067368808826485,0,"CLEC2D_KLRB1","CLEC2D - KLRB1","CLEC","Cell-Cell Contact","PMID: 24223577"
"NK-like cells","NK cells","CLEC2D","KLRB1",0.0671557140647515,0,"CLEC2D_KLRB1","CLEC2D - KLRB1","CLEC","Cell-Cell Contact","PMID: 24223577"
"Naive B cells","NK cells","MIF","CD74_CXCR4",0.0670832680226154,0,"MIF_CD74_CXCR4","MIF - (CD74+CXCR4)","MIF","Secreted Signaling","PMID: 29637711; PMID: 24760155"
"Myeloid cells","Naive B cells","HLA-E","KLRK1",0.0669968343428729,0,"HLA-E_KLRK1","HLA-E - KLRK1","MHC-I","Cell-Cell Contact","PMID: 28484462"
"Naive B cells","NK cells","HLA-C","KIR2DS4",0.0669067942800247,0,"HLA-C_KIR2DS4","HLA-C - KIR2DS4","MHC-I","Cell-Cell Contact","PMID: 28484462"
"C1Q+ Monocytes","C1Q+ Monocytes","HLA-DRB1","CD4",0.0668289311959675,0,"HLA-DRB1_CD4","HLA-DRB1 - CD4","MHC-II","Cell-Cell Contact","KEGG: hsa04514"
"Conventional Dendritic Cells","C1Q+ Monocytes","CD99","PILRA",0.0668022299134703,0,"CD99_PILRA","CD99 - PILRA","CD99","Cell-Cell Contact","PMID: 18234675"
"C1Q+ Monocytes","Naive B cells","HLA-E","CD94:NKG2E",0.0667630477148563,0,"HLA-E_CD94:NKG2E","HLA-E - CD94:NKG2E","MHC-I","Cell-Cell Contact","PMID: 28484462"
"C1Q+ Monocytes","Naive CD4 T cells","LGALS9","CD44",0.0667590985048551,0,"LGALS9_CD44","LGALS9 - CD44","GALECTIN","Secreted Signaling","PMID: 25065622"
"Monocytes","Monocytes","THBS1","CD36",0.066673845867814,0,"THBS1_CD36","THBS1 - CD36","THBS","ECM-Receptor","KEGG: hsa04512"
"NK-like cells","MAIT / CD161-like T cells","HLA-A","CD8A",0.0665089468063377,0,"HLA-A_CD8A","HLA-A - CD8A","MHC-I","Cell-Cell Contact","KEGG: hsa04514"
"MAIT / CD161-like T cells","Regulatory / Activated CD4 T cells","MIF","CD74_CXCR4",0.0663378049980278,0.01,"MIF_CD74_CXCR4","MIF - (CD74+CXCR4)","MIF","Secreted Signaling","PMID: 29637711; PMID: 24760155"
"Gamma-delta Cytotoxic T cells","Regulatory / Activated CD4 T cells","HLA-DRA","CD4",0.0663195952526649,0,"HLA-DRA_CD4","HLA-DRA - CD4","MHC-II","Cell-Cell Contact","KEGG: hsa04514"
"Plasma cells","Regulatory / Activated CD4 T cells","HLA-DRA","CD4",0.0662806646568571,0,"HLA-DRA_CD4","HLA-DRA - CD4","MHC-II","Cell-Cell Contact","KEGG: hsa04514"
"NK cells","Regulatory / Activated CD4 T cells","ADGRE5","CD55",0.0661881025441246,0,"ADGRE5_CD55","ADGRE5 - CD55","ADGRE5","Cell-Cell Contact","PMID: 11297558"
"Platelets","Myeloid cells","CD99","PILRA",0.0661537823200356,0,"CD99_PILRA","CD99 - PILRA","CD99","Cell-Cell Contact","PMID: 18234675"
"MAIT / CD161-like T cells","Classical Monocytes","CD99","CD99",0.0660897366221989,0,"CD99_CD99","CD99 - CD99","CD99","Cell-Cell Contact","KEGG: hsa04514"
"Classical Monocytes","MAIT / CD161-like T cells","CD99","CD99",0.0660897366221989,0,"CD99_CD99","CD99 - CD99","CD99","Cell-Cell Contact","KEGG: hsa04514"
"NK-like cells","NK-like cells","HLA-E","KLRK1",0.066016736908839,0,"HLA-E_KLRK1","HLA-E - KLRK1","MHC-I","Cell-Cell Contact","PMID: 28484462"
"Conventional Dendritic Cells","MAIT / CD161-like T cells","LGALS9","CD44",0.0660026730385657,0,"LGALS9_CD44","LGALS9 - CD44","GALECTIN","Secreted Signaling","PMID: 25065622"
"Naive CD4 T cells","NK cells","MIF","CD74_CXCR4",0.0660022784387964,0,"MIF_CD74_CXCR4","MIF - (CD74+CXCR4)","MIF","Secreted Signaling","PMID: 29637711; PMID: 24760155"
"Plasma cells","Monocytes","HLA-DPB1","CD4",0.0659498702459425,0,"HLA-DPB1_CD4","HLA-DPB1 - CD4","MHC-II","Cell-Cell Contact","KEGG: hsa04514"
"Classical Monocytes","Plasma cells","MIF","CD74_CXCR4",0.0658701257724043,0,"MIF_CD74_CXCR4","MIF - (CD74+CXCR4)","MIF","Secreted Signaling","PMID: 29637711; PMID: 24760155"
"Myeloid cells","Naive CD4 T cells","CD86","CD28",0.0657088881385626,0,"CD86_CD28","CD86 - CD28","CD86","Cell-Cell Contact","PMID: 23954143"
"Monocytes","C1Q+ Monocytes","PECAM1","PECAM1",0.065652150213893,0,"PECAM1_PECAM1","PECAM1 - PECAM1","PECAM1","Cell-Cell Contact","KEGG: hsa04514"
"C1Q+ Monocytes","Monocytes","PECAM1","PECAM1",0.065652150213893,0,"PECAM1_PECAM1","PECAM1 - PECAM1","PECAM1","Cell-Cell Contact","KEGG: hsa04514"
"Naive B cells","Conventional Dendritic Cells","ADGRE5","CD55",0.0655854123522657,0,"ADGRE5_CD55","ADGRE5 - CD55","ADGRE5","Cell-Cell Contact","PMID: 11297558"
"Plasma cells","Conventional Dendritic Cells","HLA-DRB1","CD4",0.0654685211357164,0,"HLA-DRB1_CD4","HLA-DRB1 - CD4","MHC-II","Cell-Cell Contact","KEGG: hsa04514"
"Conventional Dendritic Cells","NK-like cells","ITGB2","CD226",0.0654589852420987,0,"ITGB2_CD226","ITGB2 - CD226","ITGB2","Cell-Cell Contact","KEGG: hsa04514"
"Conventional Dendritic Cells","NK-like cells","HLA-E","KLRK1",0.0652846064105689,0,"HLA-E_KLRK1","HLA-E - KLRK1","MHC-I","Cell-Cell Contact","PMID: 28484462"
"Conventional Dendritic Cells","Gamma-delta Cytotoxic T cells","LGALS9","CD44",0.0652092777227727,0,"LGALS9_CD44","LGALS9 - CD44","GALECTIN","Secreted Signaling","PMID: 25065622"
"NK-like cells","MAIT / CD161-like T cells","ADGRE5","CD55",0.0650843083780976,0,"ADGRE5_CD55","ADGRE5 - CD55","ADGRE5","Cell-Cell Contact","PMID: 11297558"
"Gamma-delta Cytotoxic T cells","C1Q+ Monocytes","HLA-DPB1","CD4",0.0650654574166991,0,"HLA-DPB1_CD4","HLA-DPB1 - CD4","MHC-II","Cell-Cell Contact","KEGG: hsa04514"
"Classical Monocytes","NK cells","ITGB2","CD226",0.06497329323382,0,"ITGB2_CD226","ITGB2 - CD226","ITGB2","Cell-Cell Contact","KEGG: hsa04514"
"Plasma cells","NK cells","MIF","CD74_CXCR4",0.064822900585929,0.04,"MIF_CD74_CXCR4","MIF - (CD74+CXCR4)","MIF","Secreted Signaling","PMID: 29637711; PMID: 24760155"
"Gamma-delta Cytotoxic T cells","Plasma cells","MIF","CD74_CXCR4",0.0648121918252797,0,"MIF_CD74_CXCR4","MIF - (CD74+CXCR4)","MIF","Secreted Signaling","PMID: 29637711; PMID: 24760155"
"Myeloid cells","Plasma cells","THBS1","CD47",0.0648094048934428,0,"THBS1_CD47","THBS1 - CD47","THBS","ECM-Receptor","KEGG: hsa04512"
"Classical Monocytes","C1Q+ Monocytes","PECAM1","PECAM1",0.0647262469288483,0,"PECAM1_PECAM1","PECAM1 - PECAM1","PECAM1","Cell-Cell Contact","KEGG: hsa04514"
"C1Q+ Monocytes","Classical Monocytes","PECAM1","PECAM1",0.0647262469288483,0,"PECAM1_PECAM1","PECAM1 - PECAM1","PECAM1","Cell-Cell Contact","KEGG: hsa04514"
"Conventional Dendritic Cells","C1Q+ Monocytes","HLA-DMA","CD4",0.0646951320750262,0,"HLA-DMA_CD4","HLA-DMA - CD4","MHC-II","Cell-Cell Contact","KEGG: hsa04514"
"Conventional Dendritic Cells","Regulatory / Activated CD4 T cells","HLA-DQA1","CD4",0.0646108475249951,0,"HLA-DQA1_CD4","HLA-DQA1 - CD4","MHC-II","Cell-Cell Contact","KEGG: hsa04514"
"MAIT / CD161-like T cells","Platelets","GZMA","F2R",0.0644014993794484,0,"GZMA_F2R","GZMA - F2R","PARs","Secreted Signaling","KEGG: hsa04080"
"Platelets","Conventional Dendritic Cells","THBS1","CD47",0.0643765354420061,0,"THBS1_CD47","THBS1 - CD47","THBS","ECM-Receptor","KEGG: hsa04512"
"MAIT / CD161-like T cells","Myeloid cells","TGFB1","TGFbR1_R2",0.0643704285486604,0,"TGFB1_TGFBR1_TGFBR2","TGFB1 - (TGFBR1+TGFBR2)","TGFb","Secreted Signaling","KEGG: hsa04350"
"MAIT / CD161-like T cells","NK cells","HLA-C","KIR2DS4",0.0643539704067923,0,"HLA-C_KIR2DS4","HLA-C - KIR2DS4","MHC-I","Cell-Cell Contact","PMID: 28484462"
"Conventional Dendritic Cells","Naive CD4 T cells","LGALS9","CD44",0.0642824538718666,0,"LGALS9_CD44","LGALS9 - CD44","GALECTIN","Secreted Signaling","PMID: 25065622"
"Platelets","Regulatory / Activated CD4 T cells","CCL5","CCR4",0.0642702458371944,0,"CCL5_CCR4","CCL5 - CCR4","CCL","Secreted Signaling","KEGG: hsa04060"
"Regulatory / Activated CD4 T cells","Conventional Dendritic Cells","CD99","CD99",0.0642155508704109,0,"CD99_CD99","CD99 - CD99","CD99","Cell-Cell Contact","KEGG: hsa04514"
"Conventional Dendritic Cells","Regulatory / Activated CD4 T cells","CD99","CD99",0.0642155508704109,0,"CD99_CD99","CD99 - CD99","CD99","Cell-Cell Contact","KEGG: hsa04514"
"Monocytes","Conventional Dendritic Cells","CD99","CD99",0.0640941147636068,0,"CD99_CD99","CD99 - CD99","CD99","Cell-Cell Contact","KEGG: hsa04514"
"Conventional Dendritic Cells","Monocytes","CD99","CD99",0.0640941147636068,0,"CD99_CD99","CD99 - CD99","CD99","Cell-Cell Contact","KEGG: hsa04514"
"NK cells","NK cells","HLA-E","CD94:NKG2C",0.0640937087584156,0,"HLA-E_CD94:NKG2C","HLA-E - CD94:NKG2C","MHC-I","Cell-Cell Contact","PMID: 28484462"
"Conventional Dendritic Cells","C1Q+ Monocytes","APP","CD74",0.0640368008042098,0,"APP_CD74","APP - CD74","APP","Cell-Cell Contact","PMID: 19849849"
"MAIT / CD161-like T cells","Myeloid cells","TGFB1","ACVR1B_TGFbR2",0.0640246665820814,0,"TGFB1_ACVR1B_TGFBR2","TGFB1 - (ACVR1B+TGFBR2)","TGFb","Secreted Signaling","PMID: 27449815"
"C1Q+ Monocytes","NK cells","ITGB2","CD226",0.0639138095601646,0,"ITGB2_CD226","ITGB2 - CD226","ITGB2","Cell-Cell Contact","KEGG: hsa04514"
"MAIT / CD161-like T cells","Classical Monocytes","CCL5","CCR1",0.063836457210296,0,"CCL5_CCR1","CCL5 - CCR1","CCL","Secreted Signaling","KEGG: hsa04060"
"C1Q+ Monocytes","Monocytes","HLA-DRB1","CD4",0.0636656606142836,0,"HLA-DRB1_CD4","HLA-DRB1 - CD4","MHC-II","Cell-Cell Contact","KEGG: hsa04514"
"C1Q+ Monocytes","C1Q+ Monocytes","HLA-DPA1","CD4",0.0636139570946905,0,"HLA-DPA1_CD4","HLA-DPA1 - CD4","MHC-II","Cell-Cell Contact","KEGG: hsa04514"
"C1Q+ Monocytes","Plasma cells","LGALS9","CD44",0.0636016594550704,0,"LGALS9_CD44","LGALS9 - CD44","GALECTIN","Secreted Signaling","PMID: 25065622"
"Plasma cells","Classical Monocytes","ADGRE5","CD55",0.0635763071476833,0.01,"ADGRE5_CD55","ADGRE5 - CD55","ADGRE5","Cell-Cell Contact","PMID: 11297558"
"Plasma cells","C1Q+ Monocytes","HLA-DQA1","CD4",0.0635070451095359,0,"HLA-DQA1_CD4","HLA-DQA1 - CD4","MHC-II","Cell-Cell Contact","KEGG: hsa04514"
"NK-like cells","NK-like cells","ADGRE5","CD55",0.0633897656558845,0.02,"ADGRE5_CD55","ADGRE5 - CD55","ADGRE5","Cell-Cell Contact","PMID: 11297558"
"Naive B cells","Naive B cells","HLA-E","CD94:NKG2C",0.063276112656958,0,"HLA-E_CD94:NKG2C","HLA-E - CD94:NKG2C","MHC-I","Cell-Cell Contact","PMID: 28484462"
"Classical Monocytes","Classical Monocytes","CD99","CD99",0.0632674140097147,0,"CD99_CD99","CD99 - CD99","CD99","Cell-Cell Contact","KEGG: hsa04514"
"MAIT / CD161-like T cells","Naive B cells","HLA-E","CD94:NKG2E",0.0631040485890073,0,"HLA-E_CD94:NKG2E","HLA-E - CD94:NKG2E","MHC-I","Cell-Cell Contact","PMID: 28484462"
"C1Q+ Monocytes","Conventional Dendritic Cells","HLA-DRA","CD4",0.0630759977480459,0,"HLA-DRA_CD4","HLA-DRA - CD4","MHC-II","Cell-Cell Contact","KEGG: hsa04514"
"Naive B cells","NK-like cells","CD69","KLRB1",0.0630681808319438,0,"CLEC2C_KLRB1","CLEC2C - KLRB1","CLEC","Cell-Cell Contact","PMID: 24223577"
"C1Q+ Monocytes","Monocytes","ANXA1","FPR1",0.0630570696781092,0,"ANXA1_FPR1","ANXA1 - FPR1","ANNEXIN","Secreted Signaling","PMID: 23230437"
"NK-like cells","MAIT / CD161-like T cells","HLA-E","CD8A",0.0629529174224124,0,"HLA-E_CD8A","HLA-E - CD8A","MHC-I","Cell-Cell Contact","KEGG: hsa04514"
"MAIT / CD161-like T cells","Conventional Dendritic Cells","ADGRE5","CD55",0.0629509567785372,0,"ADGRE5_CD55","ADGRE5 - CD55","ADGRE5","Cell-Cell Contact","PMID: 11297558"
"Conventional Dendritic Cells","Classical Monocytes","HLA-DPB1","CD4",0.062919240499611,0,"HLA-DPB1_CD4","HLA-DPB1 - CD4","MHC-II","Cell-Cell Contact","KEGG: hsa04514"
"C1Q+ Monocytes","MAIT / CD161-like T cells","ADGRE5","CD55",0.062870923750417,0,"ADGRE5_CD55","ADGRE5 - CD55","ADGRE5","Cell-Cell Contact","PMID: 11297558"
"C1Q+ Monocytes","Naive B cells","LGALS9","CD44",0.0628390024705865,0,"LGALS9_CD44","LGALS9 - CD44","GALECTIN","Secreted Signaling","PMID: 25065622"
"NK-like cells","NK cells","ADGRE5","CD55",0.0628010199316237,0.02,"ADGRE5_CD55","ADGRE5 - CD55","ADGRE5","Cell-Cell Contact","PMID: 11297558"
"Platelets","Naive B cells","HLA-B","CD8A",0.0625783536040695,0,"HLA-B_CD8A","HLA-B - CD8A","MHC-I","Cell-Cell Contact","KEGG: hsa04514"
"C1Q+ Monocytes","Naive B cells","HLA-E","CD94:NKG2C",0.0623562904854914,0,"HLA-E_CD94:NKG2C","HLA-E - CD94:NKG2C","MHC-I","Cell-Cell Contact","PMID: 28484462"
"Plasma cells","Naive CD4 T cells","ADGRE5","CD55",0.0623526837267989,0.02,"ADGRE5_CD55","ADGRE5 - CD55","ADGRE5","Cell-Cell Contact","PMID: 11297558"
"Conventional Dendritic Cells","MAIT / CD161-like T cells","HLA-E","CD8A",0.0622525001847913,0,"HLA-E_CD8A","HLA-E - CD8A","MHC-I","Cell-Cell Contact","KEGG: hsa04514"
"Conventional Dendritic Cells","Classical Monocytes","HLA-DPA1","CD4",0.0621844774857322,0,"HLA-DPA1_CD4","HLA-DPA1 - CD4","MHC-II","Cell-Cell Contact","KEGG: hsa04514"
"Myeloid cells","Gamma-delta Cytotoxic T cells","THBS1","CD47",0.0620708426717504,0,"THBS1_CD47","THBS1 - CD47","THBS","ECM-Receptor","KEGG: hsa04512"
"Gamma-delta Cytotoxic T cells","Monocytes","HLA-DPB1","CD4",0.0619801147264083,0,"HLA-DPB1_CD4","HLA-DPB1 - CD4","MHC-II","Cell-Cell Contact","KEGG: hsa04514"
"MAIT / CD161-like T cells","Monocytes","TGFB1","TGFbR1_R2",0.061815496599231,0,"TGFB1_TGFBR1_TGFBR2","TGFB1 - (TGFBR1+TGFBR2)","TGFb","Secreted Signaling","KEGG: hsa04350"
"Plasma cells","Plasma cells","ADGRE5","CD55",0.0616830610373297,0.03,"ADGRE5_CD55","ADGRE5 - CD55","ADGRE5","Cell-Cell Contact","PMID: 11297558"
"C1Q+ Monocytes","Naive CD4 T cells","CD86","CD28",0.0616527822482631,0,"CD86_CD28","CD86 - CD28","CD86","Cell-Cell Contact","PMID: 23954143"
"Conventional Dendritic Cells","Monocytes","HLA-DMA","CD4",0.061626192364919,0,"HLA-DMA_CD4","HLA-DMA - CD4","MHC-II","Cell-Cell Contact","KEGG: hsa04514"
"Naive CD4 T cells","Gamma-delta Cytotoxic T cells","ADGRE5","CD55",0.0615599737608818,0,"ADGRE5_CD55","ADGRE5 - CD55","ADGRE5","Cell-Cell Contact","PMID: 11297558"
"Monocytes","Classical Monocytes","MIF","CD74_CXCR4",0.0615366505425635,0,"MIF_CD74_CXCR4","MIF - (CD74+CXCR4)","MIF","Secreted Signaling","PMID: 29637711; PMID: 24760155"
"Platelets","C1Q+ Monocytes","TGFB1","ACVR1B_TGFbR2",0.0614794973959451,0,"TGFB1_ACVR1B_TGFBR2","TGFB1 - (ACVR1B+TGFBR2)","TGFb","Secreted Signaling","PMID: 27449815"
"Monocytes","Monocytes","ANXA1","FPR1",0.0614786367842714,0,"ANXA1_FPR1","ANXA1 - FPR1","ANNEXIN","Secreted Signaling","PMID: 23230437"
"Monocytes","Naive B cells","MIF","CD74_CXCR4",0.0614681868437621,0.01,"MIF_CD74_CXCR4","MIF - (CD74+CXCR4)","MIF","Secreted Signaling","PMID: 29637711; PMID: 24760155"
"Classical Monocytes","Classical Monocytes","THBS1","CD36",0.0614109992078577,0,"THBS1_CD36","THBS1 - CD36","THBS","ECM-Receptor","KEGG: hsa04512"
"NK cells","Regulatory / Activated CD4 T cells","MIF","CD74_CXCR4",0.0614060921206325,0.03,"MIF_CD74_CXCR4","MIF - (CD74+CXCR4)","MIF","Secreted Signaling","PMID: 29637711; PMID: 24760155"
"Monocytes","MAIT / CD161-like T cells","MIF","CD74_CXCR4",0.0612725505258477,0.02,"MIF_CD74_CXCR4","MIF - (CD74+CXCR4)","MIF","Secreted Signaling","PMID: 29637711; PMID: 24760155"
"Conventional Dendritic Cells","Plasma cells","LGALS9","CD44",0.0612344644108213,0,"LGALS9_CD44","LGALS9 - CD44","GALECTIN","Secreted Signaling","PMID: 25065622"
"C1Q+ Monocytes","NK-like cells","ADGRE5","CD55",0.0612302347565608,0.03,"ADGRE5_CD55","ADGRE5 - CD55","ADGRE5","Cell-Cell Contact","PMID: 11297558"
"Gamma-delta Cytotoxic T cells","Classical Monocytes","HLA-DRA","CD4",0.0611736966532633,0,"HLA-DRA_CD4","HLA-DRA - CD4","MHC-II","Cell-Cell Contact","KEGG: hsa04514"
"Plasma cells","Classical Monocytes","HLA-DRA","CD4",0.0611375889796622,0,"HLA-DRA_CD4","HLA-DRA - CD4","MHC-II","Cell-Cell Contact","KEGG: hsa04514"
"Regulatory / Activated CD4 T cells","Naive B cells","HLA-E","CD94:NKG2E",0.0611180550496585,0,"HLA-E_CD94:NKG2E","HLA-E - CD94:NKG2E","MHC-I","Cell-Cell Contact","PMID: 28484462"
"Naive B cells","Regulatory / Activated CD4 T cells","CCL5","CCR4",0.0610467088658477,0,"CCL5_CCR4","CCL5 - CCR4","CCL","Secreted Signaling","KEGG: hsa04060"
"NK cells","NK-like cells","CLEC2B","KLRB1",0.0610398250781487,0,"CLEC2B_KLRB1","CLEC2B - KLRB1","CLEC","Cell-Cell Contact","PMID: 24223577"
"Conventional Dendritic Cells","Naive CD4 T cells","CD86","CD28",0.0610300025114756,0,"CD86_CD28","CD86 - CD28","CD86","Cell-Cell Contact","PMID: 23954143"
"Gamma-delta Cytotoxic T cells","C1Q+ Monocytes","HLA-DQA1","CD4",0.0607926558045612,0,"HLA-DQA1_CD4","HLA-DQA1 - CD4","MHC-II","Cell-Cell Contact","KEGG: hsa04514"
"C1Q+ Monocytes","NK cells","ADGRE5","CD55",0.0606602471153335,0.01,"ADGRE5_CD55","ADGRE5 - CD55","ADGRE5","Cell-Cell Contact","PMID: 11297558"
"C1Q+ Monocytes","Monocytes","HLA-DPA1","CD4",0.0605929823982991,0,"HLA-DPA1_CD4","HLA-DPA1 - CD4","MHC-II","Cell-Cell Contact","KEGG: hsa04514"
"Conventional Dendritic Cells","Naive B cells","LGALS9","CD44",0.0604983589060679,0,"LGALS9_CD44","LGALS9 - CD44","GALECTIN","Secreted Signaling","PMID: 25065622"
"Plasma cells","Monocytes","HLA-DQA1","CD4",0.0604908195894878,0,"HLA-DQA1_CD4","HLA-DQA1 - CD4","MHC-II","Cell-Cell Contact","KEGG: hsa04514"
"Monocytes","NK cells","HLA-C","KIR2DS4",0.0603994390792665,0,"HLA-C_KIR2DS4","HLA-C - KIR2DS4","MHC-I","Cell-Cell Contact","PMID: 28484462"
"Naive B cells","Regulatory / Activated CD4 T cells","MIF","CD74_CXCR4",0.060392516057457,0.02,"MIF_CD74_CXCR4","MIF - (CD74+CXCR4)","MIF","Secreted Signaling","PMID: 29637711; PMID: 24760155"
"Regulatory / Activated CD4 T cells","Classical Monocytes","CD99","PILRA",0.0600966579462181,0,"CD99_PILRA","CD99 - PILRA","CD99","Cell-Cell Contact","PMID: 18234675"
"Naive B cells","Classical Monocytes","ANXA1","FPR1",0.0600658153622761,0,"ANXA1_FPR1","ANXA1 - FPR1","ANNEXIN","Secreted Signaling","PMID: 23230437"
"Conventional Dendritic Cells","Monocytes","ANXA1","FPR1",0.0600578287292555,0,"ANXA1_FPR1","ANXA1 - FPR1","ANNEXIN","Secreted Signaling","PMID: 23230437"
"C1Q+ Monocytes","NK cells","HLA-C","KIR2DS4",0.0600443949153368,0,"HLA-C_KIR2DS4","HLA-C - KIR2DS4","MHC-I","Cell-Cell Contact","PMID: 28484462"
"Monocytes","Classical Monocytes","CD99","PILRA",0.0599825116828796,0,"CD99_PILRA","CD99 - PILRA","CD99","Cell-Cell Contact","PMID: 18234675"
"Conventional Dendritic Cells","Naive CD4 T cells","ALCAM","CD6",0.0597690469744055,0,"ALCAM_CD6","ALCAM - CD6","ALCAM","Cell-Cell Contact","KEGG: hsa04514"
"Naive CD4 T cells","Conventional Dendritic Cells","CD6","ALCAM",0.0597690469744055,0,"CD6_ALCAM","CD6 - ALCAM","CD6","Cell-Cell Contact","PMID: 23602662"
"Classical Monocytes","C1Q+ Monocytes","HLA-DRA","CD4",0.0597043268466834,0,"HLA-DRA_CD4","HLA-DRA - CD4","MHC-II","Cell-Cell Contact","KEGG: hsa04514"
"Regulatory / Activated CD4 T cells","NK cells","HLA-C","KIR2DS4",0.059649539311462,0,"HLA-C_KIR2DS4","HLA-C - KIR2DS4","MHC-I","Cell-Cell Contact","PMID: 28484462"
"Naive B cells","Regulatory / Activated CD4 T cells","ADGRE5","CD55",0.059619096953066,0,"ADGRE5_CD55","ADGRE5 - CD55","ADGRE5","Cell-Cell Contact","PMID: 11297558"
"Conventional Dendritic Cells","Classical Monocytes","HLA-DQA1","CD4",0.0595890729580581,0,"HLA-DQA1_CD4","HLA-DQA1 - CD4","MHC-II","Cell-Cell Contact","KEGG: hsa04514"
"MAIT / CD161-like T cells","NK cells","TGFB1","TGFbR1_R2",0.0595560539130441,0,"TGFB1_TGFBR1_TGFBR2","TGFB1 - (TGFBR1+TGFBR2)","TGFb","Secreted Signaling","KEGG: hsa04350"
"Myeloid cells","NK cells","THBS1","CD47",0.059510494328536,0,"THBS1_CD47","THBS1 - CD47","THBS","ECM-Receptor","KEGG: hsa04512"
"Monocytes","Conventional Dendritic Cells","LGALS9","CD44",0.0595067985313615,0,"LGALS9_CD44","LGALS9 - CD44","GALECTIN","Secreted Signaling","PMID: 25065622"
"Naive CD4 T cells","Regulatory / Activated CD4 T cells","MIF","CD74_CXCR4",0.0594124760198584,0,"MIF_CD74_CXCR4","MIF - (CD74+CXCR4)","MIF","Secreted Signaling","PMID: 29637711; PMID: 24760155"
"NK cells","NK-like cells","HLA-E","CD94:NKG2E",0.0593177178016094,0,"HLA-E_CD94:NKG2E","HLA-E - CD94:NKG2E","MHC-I","Cell-Cell Contact","PMID: 28484462"
"Conventional Dendritic Cells","Regulatory / Activated CD4 T cells","HLA-DQB1","CD4",0.0590579682556938,0,"HLA-DQB1_CD4","HLA-DQB1 - CD4","MHC-II","Cell-Cell Contact","KEGG: hsa04514"
"Monocytes","Regulatory / Activated CD4 T cells","LGALS9","CD44",0.0590473603426003,0,"LGALS9_CD44","LGALS9 - CD44","GALECTIN","Secreted Signaling","PMID: 25065622"
"MAIT / CD161-like T cells","Naive B cells","HLA-E","CD94:NKG2C",0.0589235579760895,0,"HLA-E_CD94:NKG2C","HLA-E - CD94:NKG2C","MHC-I","Cell-Cell Contact","PMID: 28484462"
"Gamma-delta Cytotoxic T cells","Regulatory / Activated CD4 T cells","HLA-DRB1","CD4",0.0587090264852688,0,"HLA-DRB1_CD4","HLA-DRB1 - CD4","MHC-II","Cell-Cell Contact","KEGG: hsa04514"
"Naive B cells","Classical Monocytes","TGFB1","ACVR1B_TGFbR2",0.0586680197853687,0,"TGFB1_ACVR1B_TGFBR2","TGFB1 - (ACVR1B+TGFBR2)","TGFb","Secreted Signaling","PMID: 27449815"
"NK cells","Classical Monocytes","TGFB1","ACVR1B_TGFbR2",0.0586610381358678,0,"TGFB1_ACVR1B_TGFBR2","TGFB1 - (ACVR1B+TGFBR2)","TGFb","Secreted Signaling","PMID: 27449815"
"Monocytes","Regulatory / Activated CD4 T cells","HLA-DRA","CD4",0.0586584048728548,0,"HLA-DRA_CD4","HLA-DRA - CD4","MHC-II","Cell-Cell Contact","KEGG: hsa04514"
"Conventional Dendritic Cells","NK cells","ITGB2","CD226",0.0585895163773061,0,"ITGB2_CD226","ITGB2 - CD226","ITGB2","Cell-Cell Contact","KEGG: hsa04514"
"Classical Monocytes","C1Q+ Monocytes","HLA-DRB1","CD4",0.0585683170992291,0,"HLA-DRB1_CD4","HLA-DRB1 - CD4","MHC-II","Cell-Cell Contact","KEGG: hsa04514"
"NK cells","Naive B cells","HLA-B","CD8A",0.058510435123487,0,"HLA-B_CD8A","HLA-B - CD8A","MHC-I","Cell-Cell Contact","KEGG: hsa04514"
"C1Q+ Monocytes","Conventional Dendritic Cells","APP","CD74",0.0584377119157553,0,"APP_CD74","APP - CD74","APP","Cell-Cell Contact","PMID: 19849849"
"Regulatory / Activated CD4 T cells","Monocytes","CD99","PILRA",0.0584057876742688,0,"CD99_PILRA","CD99 - PILRA","CD99","Cell-Cell Contact","PMID: 18234675"
"Naive CD4 T cells","C1Q+ Monocytes","ADGRE5","CD55",0.0583186964500089,0,"ADGRE5_CD55","ADGRE5 - CD55","ADGRE5","Cell-Cell Contact","PMID: 11297558"
"Monocytes","Monocytes","CD99","PILRA",0.0582946538226908,0,"CD99_PILRA","CD99 - PILRA","CD99","Cell-Cell Contact","PMID: 18234675"
"Plasma cells","Conventional Dendritic Cells","HLA-DPB1","CD4",0.0582946417464362,0,"HLA-DPB1_CD4","HLA-DPB1 - CD4","MHC-II","Cell-Cell Contact","KEGG: hsa04514"
"MAIT / CD161-like T cells","Conventional Dendritic Cells","CD99","CD99",0.0582372478669083,0.03,"CD99_CD99","CD99 - CD99","CD99","Cell-Cell Contact","KEGG: hsa04514"
"Conventional Dendritic Cells","MAIT / CD161-like T cells","CD99","CD99",0.0582372478669083,0.03,"CD99_CD99","CD99 - CD99","CD99","Cell-Cell Contact","KEGG: hsa04514"
"Naive B cells","NK cells","HLA-E","CD94:NKG2C",0.0579594348958672,0,"HLA-E_CD94:NKG2C","HLA-E - CD94:NKG2C","MHC-I","Cell-Cell Contact","PMID: 28484462"
"Gamma-delta Cytotoxic T cells","Monocytes","HLA-DQA1","CD4",0.0578973782416589,0,"HLA-DQA1_CD4","HLA-DQA1 - CD4","MHC-II","Cell-Cell Contact","KEGG: hsa04514"
"Platelets","Naive B cells","HLA-E","KLRC2",0.057836345853575,0,"HLA-E_KLRC2","HLA-E - KLRC2","MHC-I","Cell-Cell Contact","PMID: 26697006"
"Plasma cells","Naive B cells","HLA-E","CD94:NKG2E",0.0577725899505779,0,"HLA-E_CD94:NKG2E","HLA-E - CD94:NKG2E","MHC-I","Cell-Cell Contact","PMID: 28484462"
"Naive CD4 T cells","Naive B cells","HLA-E","CD94:NKG2E",0.0576501354310376,0,"HLA-E_CD94:NKG2E","HLA-E - CD94:NKG2E","MHC-I","Cell-Cell Contact","PMID: 28484462"
"NK cells","Classical Monocytes","ANXA1","FPR1",0.0576496310829817,0,"ANXA1_FPR1","ANXA1 - FPR1","ANNEXIN","Secreted Signaling","PMID: 23230437"
"NK cells","MAIT / CD161-like T cells","CLEC2D","KLRB1",0.0576328491584316,0,"CLEC2D_KLRB1","CLEC2D - KLRB1","CLEC","Cell-Cell Contact","PMID: 24223577"
"Naive B cells","Naive B cells","HLA-B","CD8A",0.0574767472227726,0,"HLA-B_CD8A","HLA-B - CD8A","MHC-I","Cell-Cell Contact","KEGG: hsa04514"
"Naive CD4 T cells","Myeloid cells","ADGRE5","CD55",0.0571819631093027,0,"ADGRE5_CD55","ADGRE5 - CD55","ADGRE5","Cell-Cell Contact","PMID: 11297558"
"C1Q+ Monocytes","NK cells","HLA-E","CD94:NKG2C",0.0571121871862516,0,"HLA-E_CD94:NKG2C","HLA-E - CD94:NKG2C","MHC-I","Cell-Cell Contact","PMID: 28484462"
"Regulatory / Activated CD4 T cells","Naive B cells","HLA-E","CD94:NKG2C",0.057061118675735,0,"HLA-E_CD94:NKG2C","HLA-E - CD94:NKG2C","MHC-I","Cell-Cell Contact","PMID: 28484462"
"MAIT / CD161-like T cells","Monocytes","TGFB1","ACVR1B_TGFbR2",0.0570462783428671,0,"TGFB1_ACVR1B_TGFBR2","TGFB1 - (ACVR1B+TGFBR2)","TGFb","Secreted Signaling","PMID: 27449815"
"Platelets","MAIT / CD161-like T cells","THBS1","CD47",0.0568819104020477,0,"THBS1_CD47","THBS1 - CD47","THBS","ECM-Receptor","KEGG: hsa04512"
"Classical Monocytes","Monocytes","HLA-DRA","CD4",0.0568577436241006,0,"HLA-DRA_CD4","HLA-DRA - CD4","MHC-II","Cell-Cell Contact","KEGG: hsa04514"
"Platelets","Plasma cells","TGFB1","TGFbR1_R2",0.0568183372517131,0,"TGFB1_TGFBR1_TGFBR2","TGFB1 - (TGFBR1+TGFBR2)","TGFb","Secreted Signaling","KEGG: hsa04350"
"MAIT / CD161-like T cells","Naive B cells","HLA-B","CD8A",0.0567981777250644,0,"HLA-B_CD8A","HLA-B - CD8A","MHC-I","Cell-Cell Contact","KEGG: hsa04514"
"Plasma cells","C1Q+ Monocytes","CD99","PILRA",0.0567945604419834,0,"CD99_PILRA","CD99 - PILRA","CD99","Cell-Cell Contact","PMID: 18234675"
"Monocytes","Regulatory / Activated CD4 T cells","HLA-DRB1","CD4",0.0566912998585309,0,"HLA-DRB1_CD4","HLA-DRB1 - CD4","MHC-II","Cell-Cell Contact","KEGG: hsa04514"
"Classical Monocytes","Naive CD4 T cells","CD86","CD28",0.0566776120760957,0,"CD86_CD28","CD86 - CD28","CD86","Cell-Cell Contact","PMID: 23954143"
"Classical Monocytes","Naive B cells","APP","CD74",0.0566442060825169,0,"APP_CD74","APP - CD74","APP","Cell-Cell Contact","PMID: 19849849"
"Plasma cells","C1Q+ Monocytes","HLA-DPA1","CD4",0.0565578163326359,0,"HLA-DPA1_CD4","HLA-DPA1 - CD4","MHC-II","Cell-Cell Contact","KEGG: hsa04514"
"Naive B cells","NK-like cells","ITGB2","CD226",0.056539082402789,0,"ITGB2_CD226","ITGB2 - CD226","ITGB2","Cell-Cell Contact","KEGG: hsa04514"
"Classical Monocytes","Naive B cells","NAMPT","ITGA5_ITGB1",0.0564857147831631,0,"NAMPT_ITGA5_ITGB1","NAMPT - (ITGA5+ITGB1)","VISFATIN","Secreted Signaling","PMID: 28490838"
"Classical Monocytes","NK cells","HLA-C","KIR2DS4",0.0563902107100149,0,"HLA-C_KIR2DS4","HLA-C - KIR2DS4","MHC-I","Cell-Cell Contact","PMID: 28484462"
"NK cells","Naive B cells","HLA-C","CD8A",0.0563380628243271,0,"HLA-C_CD8A","HLA-C - CD8A","MHC-I","Cell-Cell Contact","KEGG: hsa04514"
"NK-like cells","Classical Monocytes","TGFB1","ACVR1B_TGFbR2",0.0563061047078813,0,"TGFB1_ACVR1B_TGFBR2","TGFB1 - (ACVR1B+TGFBR2)","TGFb","Secreted Signaling","PMID: 27449815"
"Monocytes","Classical Monocytes","THBS1","CD36",0.0563028601927324,0,"THBS1_CD36","THBS1 - CD36","THBS","ECM-Receptor","KEGG: hsa04512"
"C1Q+ Monocytes","Conventional Dendritic Cells","HLA-DRB1","CD4",0.056259605053857,0,"HLA-DRB1_CD4","HLA-DRB1 - CD4","MHC-II","Cell-Cell Contact","KEGG: hsa04514"
"Plasma cells","C1Q+ Monocytes","HLA-DQB1","CD4",0.0561461446410534,0,"HLA-DQB1_CD4","HLA-DQB1 - CD4","MHC-II","Cell-Cell Contact","KEGG: hsa04514"
"Platelets","Naive CD4 T cells","TGFB1","TGFbR1_R2",0.05608311205465,0,"TGFB1_TGFBR1_TGFBR2","TGFB1 - (TGFBR1+TGFBR2)","TGFb","Secreted Signaling","KEGG: hsa04350"
"Conventional Dendritic Cells","MAIT / CD161-like T cells","ALCAM","CD6",0.0560738799355131,0,"ALCAM_CD6","ALCAM - CD6","ALCAM","Cell-Cell Contact","KEGG: hsa04514"
"MAIT / CD161-like T cells","Conventional Dendritic Cells","CD6","ALCAM",0.0560738799355131,0,"CD6_ALCAM","CD6 - ALCAM","CD6","Cell-Cell Contact","PMID: 23602662"
"Regulatory / Activated CD4 T cells","Classical Monocytes","ANXA1","FPR1",0.0560157815139411,0,"ANXA1_FPR1","ANXA1 - FPR1","ANNEXIN","Secreted Signaling","PMID: 23230437"
"Classical Monocytes","Monocytes","ANXA1","FPR1",0.0560143927007727,0,"ANXA1_FPR1","ANXA1 - FPR1","ANNEXIN","Secreted Signaling","PMID: 23230437"
"Myeloid cells","Regulatory / Activated CD4 T cells","THBS1","CD47",0.0559914869790389,0,"THBS1_CD47","THBS1 - CD47","THBS","ECM-Receptor","KEGG: hsa04512"
"Myeloid cells","Naive B cells","NAMPT","ITGA5_ITGB1",0.0559221949140156,0,"NAMPT_ITGA5_ITGB1","NAMPT - (ITGA5+ITGB1)","VISFATIN","Secreted Signaling","PMID: 28490838"
"Conventional Dendritic Cells","Classical Monocytes","APP","CD74",0.0559111993530329,0,"APP_CD74","APP - CD74","APP","Cell-Cell Contact","PMID: 19849849"
"Classical Monocytes","Monocytes","HLA-DRB1","CD4",0.0557726839512546,0,"HLA-DRB1_CD4","HLA-DRB1 - CD4","MHC-II","Cell-Cell Contact","KEGG: hsa04514"
"Conventional Dendritic Cells","Classical Monocytes","CD99","CD99",0.0557302502205758,0.03,"CD99_CD99","CD99 - CD99","CD99","Cell-Cell Contact","KEGG: hsa04514"
"Classical Monocytes","Conventional Dendritic Cells","CD99","CD99",0.0557302502205758,0.03,"CD99_CD99","CD99 - CD99","CD99","Cell-Cell Contact","KEGG: hsa04514"
"Monocytes","MAIT / CD161-like T cells","LGALS9","CD44",0.05571410516697,0,"LGALS9_CD44","LGALS9 - CD44","GALECTIN","Secreted Signaling","PMID: 25065622"
"Classical Monocytes","Conventional Dendritic Cells","NAMPT","ITGA5_ITGB1",0.0557138255455434,0,"NAMPT_ITGA5_ITGB1","NAMPT - (ITGA5+ITGB1)","VISFATIN","Secreted Signaling","PMID: 28490838"
"Conventional Dendritic Cells","C1Q+ Monocytes","HLA-DMB","CD4",0.0557127654034427,0,"HLA-DMB_CD4","HLA-DMB - CD4","MHC-II","Cell-Cell Contact","KEGG: hsa04514"
"Classical Monocytes","Plasma cells","THBS1","CD47",0.0556587270440648,0,"THBS1_CD47","THBS1 - CD47","THBS","ECM-Receptor","KEGG: hsa04512"
"Monocytes","Classical Monocytes","TGFB1","ACVR1B_TGFbR2",0.0556325358674174,0,"TGFB1_ACVR1B_TGFBR2","TGFB1 - (ACVR1B+TGFBR2)","TGFb","Secreted Signaling","PMID: 27449815"
"Platelets","C1Q+ Monocytes","TGFB1","TGFbR1_R2",0.0556248249950536,0,"TGFB1_TGFBR1_TGFBR2","TGFB1 - (TGFBR1+TGFBR2)","TGFb","Secreted Signaling","KEGG: hsa04350"
"Naive B cells","Classical Monocytes","TGFB1","TGFbR1_R2",0.055568032029366,0,"TGFB1_TGFBR1_TGFBR2","TGFB1 - (TGFBR1+TGFBR2)","TGFb","Secreted Signaling","KEGG: hsa04350"
"NK cells","Classical Monocytes","TGFB1","TGFbR1_R2",0.0555614022017172,0,"TGFB1_TGFBR1_TGFBR2","TGFB1 - (TGFBR1+TGFBR2)","TGFb","Secreted Signaling","KEGG: hsa04350"
"Regulatory / Activated CD4 T cells","NK-like cells","CD69","KLRB1",0.0554829443292554,0,"CLEC2C_KLRB1","CLEC2C - KLRB1","CLEC","Cell-Cell Contact","PMID: 24223577"
"Classical Monocytes","NK-like cells","LGALS9","PTPRC",0.0553875388900275,0,"LGALS9_CD45","LGALS9 - CD45","GALECTIN","Secreted Signaling","PMID: 30120235"
"Myeloid cells","Platelets","THBS1","CD47",0.0553644973549909,0,"THBS1_CD47","THBS1 - CD47","THBS","ECM-Receptor","KEGG: hsa04512"
"Myeloid cells","Naive B cells","THBS1","CD47",0.0551807908967107,0,"THBS1_CD47","THBS1 - CD47","THBS","ECM-Receptor","KEGG: hsa04512"
"Myeloid cells","Conventional Dendritic Cells","NAMPT","ITGA5_ITGB1",0.0551575561187959,0,"NAMPT_ITGA5_ITGB1","NAMPT - (ITGA5+ITGB1)","VISFATIN","Secreted Signaling","PMID: 28490838"
"Monocytes","Gamma-delta Cytotoxic T cells","LGALS9","CD44",0.0550370974279661,0,"LGALS9_CD44","LGALS9 - CD44","GALECTIN","Secreted Signaling","PMID: 25065622"
"Monocytes","Gamma-delta Cytotoxic T cells","ADGRE5","CD55",0.0550035550495702,0.04,"ADGRE5_CD55","ADGRE5 - CD55","ADGRE5","Cell-Cell Contact","PMID: 11297558"
"C1Q+ Monocytes","Gamma-delta Cytotoxic T cells","APP","CD74",0.0549429663189225,0,"APP_CD74","APP - CD74","APP","Cell-Cell Contact","PMID: 19849849"
"Gamma-delta Cytotoxic T cells","Conventional Dendritic Cells","HLA-DPB1","CD4",0.0547586673465948,0,"HLA-DPB1_CD4","HLA-DPB1 - CD4","MHC-II","Cell-Cell Contact","KEGG: hsa04514"
"Plasma cells","NK cells","HLA-C","KIR2DS4",0.0547546870642574,0,"HLA-C_KIR2DS4","HLA-C - KIR2DS4","MHC-I","Cell-Cell Contact","PMID: 28484462"
"Plasma cells","Regulatory / Activated CD4 T cells","HLA-DRB1","CD4",0.0545631542241951,0,"HLA-DRB1_CD4","HLA-DRB1 - CD4","MHC-II","Cell-Cell Contact","KEGG: hsa04514"
"Gamma-delta Cytotoxic T cells","C1Q+ Monocytes","HLA-DPA1","CD4",0.0545481562911264,0,"HLA-DPA1_CD4","HLA-DPA1 - CD4","MHC-II","Cell-Cell Contact","KEGG: hsa04514"
"MAIT / CD161-like T cells","Classical Monocytes","CD99","PILRA",0.0544794891296911,0,"CD99_PILRA","CD99 - PILRA","CD99","Cell-Cell Contact","PMID: 18234675"
"NK cells","NK-like cells","HLA-E","CD94:NKG2C",0.0544680391551985,0,"HLA-E_CD94:NKG2C","HLA-E - CD94:NKG2C","MHC-I","Cell-Cell Contact","PMID: 28484462"
"Gamma-delta Cytotoxic T cells","C1Q+ Monocytes","HLA-DQB1","CD4",0.0544663591589283,0,"HLA-DQB1_CD4","HLA-DQB1 - CD4","MHC-II","Cell-Cell Contact","KEGG: hsa04514"
"Conventional Dendritic Cells","Conventional Dendritic Cells","HLA-DMA","CD4",0.0544435879068791,0,"HLA-DMA_CD4","HLA-DMA - CD4","MHC-II","Cell-Cell Contact","KEGG: hsa04514"
"Conventional Dendritic Cells","Classical Monocytes","HLA-DQB1","CD4",0.0544426624804357,0,"HLA-DQB1_CD4","HLA-DQB1 - CD4","MHC-II","Cell-Cell Contact","KEGG: hsa04514"
"Monocytes","Naive B cells","HLA-E","CD94:NKG2E",0.0543544864149852,0,"HLA-E_CD94:NKG2E","HLA-E - CD94:NKG2E","MHC-I","Cell-Cell Contact","PMID: 28484462"
"Monocytes","Naive CD4 T cells","LGALS9","CD44",0.0542464615193554,0,"LGALS9_CD44","LGALS9 - CD44","GALECTIN","Secreted Signaling","PMID: 25065622"
"NK-like cells","Platelets","ITGB2","CD226",0.0542169813326168,0,"ITGB2_CD226","ITGB2 - CD226","ITGB2","Cell-Cell Contact","KEGG: hsa04514"
"Classical Monocytes","C1Q+ Monocytes","LGALS9","PTPRC",0.054149046117232,0,"LGALS9_CD45","LGALS9 - CD45","GALECTIN","Secreted Signaling","PMID: 30120235"
"Gamma-delta Cytotoxic T cells","Classical Monocytes","HLA-DRB1","CD4",0.05411942163925,0,"HLA-DRB1_CD4","HLA-DRB1 - CD4","MHC-II","Cell-Cell Contact","KEGG: hsa04514"
"Monocytes","Classical Monocytes","HLA-DRA","CD4",0.054072530063134,0,"HLA-DRA_CD4","HLA-DRA - CD4","MHC-II","Cell-Cell Contact","KEGG: hsa04514"
"Monocytes","Naive CD4 T cells","CD86","CD28",0.0540601463113918,0,"CD86_CD28","CD86 - CD28","CD86","Cell-Cell Contact","PMID: 23954143"
"Monocytes","Naive B cells","HLA-B","CD8A",0.0540222457020865,0,"HLA-B_CD8A","HLA-B - CD8A","MHC-I","Cell-Cell Contact","KEGG: hsa04514"
"MAIT / CD161-like T cells","NK cells","HLA-E","CD94:NKG2C",0.0539515330956968,0,"HLA-E_CD94:NKG2C","HLA-E - CD94:NKG2C","MHC-I","Cell-Cell Contact","PMID: 28484462"
"Plasma cells","Naive B cells","HLA-E","CD94:NKG2C",0.0539249666456975,0,"HLA-E_CD94:NKG2C","HLA-E - CD94:NKG2C","MHC-I","Cell-Cell Contact","PMID: 28484462"
"Platelets","Naive B cells","HLA-C","CD8A",0.0538861182553231,0,"HLA-C_CD8A","HLA-C - CD8A","MHC-I","Cell-Cell Contact","KEGG: hsa04514"
"Plasma cells","Monocytes","HLA-DPA1","CD4",0.0538526605401695,0,"HLA-DPA1_CD4","HLA-DPA1 - CD4","MHC-II","Cell-Cell Contact","KEGG: hsa04514"
"Naive CD4 T cells","Naive B cells","HLA-E","CD94:NKG2C",0.0538102017793941,0,"HLA-E_CD94:NKG2C","HLA-E - CD94:NKG2C","MHC-I","Cell-Cell Contact","PMID: 28484462"
"C1Q+ Monocytes","Plasma cells","APP","CD74",0.0537549000161503,0,"APP_CD74","APP - CD74","APP","Cell-Cell Contact","PMID: 19849849"
"Classical Monocytes","NK cells","APP","CD74",0.0537286596477327,0,"APP_CD74","APP - CD74","APP","Cell-Cell Contact","PMID: 19849849"
"Naive B cells","NK-like cells","HLA-E","CD94:NKG2E",0.0536143585261162,0,"HLA-E_CD94:NKG2E","HLA-E - CD94:NKG2E","MHC-I","Cell-Cell Contact","PMID: 28484462"
"Conventional Dendritic Cells","NK cells","HLA-C","KIR2DS4",0.0535526476907568,0,"HLA-C_KIR2DS4","HLA-C - KIR2DS4","MHC-I","Cell-Cell Contact","PMID: 28484462"
"Platelets","NK cells","F11R","ITGAL_ITGB2",0.0535251273423426,0,"JAM1_ITGAL_ITGB2","JAM1 - (ITGAL+ITGB2)","JAM","Cell-Cell Contact","PMID: 11812992"
"C1Q+ Monocytes","Conventional Dendritic Cells","HLA-DPA1","CD4",0.0535239310206531,0,"HLA-DPA1_CD4","HLA-DPA1 - CD4","MHC-II","Cell-Cell Contact","KEGG: hsa04514"
"NK cells","Regulatory / Activated CD4 T cells","CCL5","CCR4",0.0534937605908727,0,"CCL5_CCR4","CCL5 - CCR4","CCL","Secreted Signaling","KEGG: hsa04060"
"Plasma cells","Monocytes","HLA-DQB1","CD4",0.0534595633381248,0,"HLA-DQB1_CD4","HLA-DQB1 - CD4","MHC-II","Cell-Cell Contact","KEGG: hsa04514"
"Plasma cells","Conventional Dendritic Cells","HLA-DQA1","CD4",0.0534330090531032,0,"HLA-DQA1_CD4","HLA-DQA1 - CD4","MHC-II","Cell-Cell Contact","KEGG: hsa04514"
"Gamma-delta Cytotoxic T cells","Naive B cells","HLA-E","CD94:NKG2E",0.0533590718688308,0,"HLA-E_CD94:NKG2E","HLA-E - CD94:NKG2E","MHC-I","Cell-Cell Contact","PMID: 28484462"
"NK-like cells","Classical Monocytes","TGFB1","TGFbR1_R2",0.0533253720531009,0,"TGFB1_TGFBR1_TGFBR2","TGFB1 - (TGFBR1+TGFBR2)","TGFb","Secreted Signaling","KEGG: hsa04350"
"Classical Monocytes","Gamma-delta Cytotoxic T cells","THBS1","CD47",0.0532848011304575,0,"THBS1_CD47","THBS1 - CD47","THBS","ECM-Receptor","KEGG: hsa04512"
"Regulatory / Activated CD4 T cells","Myeloid cells","NAMPT","ITGA5_ITGB1",0.0532401233551757,0,"NAMPT_ITGA5_ITGB1","NAMPT - (ITGA5+ITGB1)","VISFATIN","Secreted Signaling","PMID: 28490838"
"Classical Monocytes","Naive B cells","LGALS9","PTPRC",0.0532115445365776,0,"LGALS9_CD45","LGALS9 - CD45","GALECTIN","Secreted Signaling","PMID: 30120235"
"C1Q+ Monocytes","Naive B cells","HLA-B","CD8A",0.0531633954602573,0,"HLA-B_CD8A","HLA-B - CD8A","MHC-I","Cell-Cell Contact","KEGG: hsa04514"
"Platelets","Naive CD4 T cells","APP","CD74",0.0531237092240937,0.02,"APP_CD74","APP - CD74","APP","Cell-Cell Contact","PMID: 19849849"
"Conventional Dendritic Cells","Monocytes","HLA-DMB","CD4",0.0530457557555374,0,"HLA-DMB_CD4","HLA-DMB - CD4","MHC-II","Cell-Cell Contact","KEGG: hsa04514"
"Naive B cells","Naive B cells","HLA-C","CD8A",0.0529429518061859,0,"HLA-C_CD8A","HLA-C - CD8A","MHC-I","Cell-Cell Contact","KEGG: hsa04514"
"MAIT / CD161-like T cells","Monocytes","CD99","PILRA",0.0529377612198588,0,"CD99_PILRA","CD99 - PILRA","CD99","Cell-Cell Contact","PMID: 18234675"
"Gamma-delta Cytotoxic T cells","NK cells","FCER2","ITGAM_ITGB2",0.0529340517051395,0,"FCER2A_ITGAM_ITGB2","FCER2A - (ITGAM+ITGB2)","CD23","Cell-Cell Contact","PMID: 7621072"
"Naive CD4 T cells","NK cells","HLA-C","KIR2DS4",0.0529131187909881,0,"HLA-C_KIR2DS4","HLA-C - KIR2DS4","MHC-I","Cell-Cell Contact","PMID: 28484462"
"Naive B cells","NK-like cells","CLEC2B","KLRB1",0.0528790030307533,0,"CLEC2B_KLRB1","CLEC2B - KLRB1","CLEC","Cell-Cell Contact","PMID: 24223577"
"C1Q+ Monocytes","NK-like cells","HLA-E","CD94:NKG2E",0.052827065086352,0,"HLA-E_CD94:NKG2E","HLA-E - CD94:NKG2E","MHC-I","Cell-Cell Contact","PMID: 28484462"
"NK cells","Myeloid cells","CD99","PILRA",0.0527883544313433,0,"CD99_PILRA","CD99 - PILRA","CD99","Cell-Cell Contact","PMID: 18234675"
"C1Q+ Monocytes","Naive B cells","NAMPT","ITGA5_ITGB1",0.0527259372604261,0,"NAMPT_ITGA5_ITGB1","NAMPT - (ITGA5+ITGB1)","VISFATIN","Secreted Signaling","PMID: 28490838"
"Platelets","Conventional Dendritic Cells","CD99","PILRA",0.0526853222216977,0,"CD99_PILRA","CD99 - PILRA","CD99","Cell-Cell Contact","PMID: 18234675"
"Monocytes","Classical Monocytes","TGFB1","TGFbR1_R2",0.0526608350962444,0,"TGFB1_TGFBR1_TGFBR2","TGFB1 - (TGFBR1+TGFBR2)","TGFb","Secreted Signaling","KEGG: hsa04350"
"C1Q+ Monocytes","Regulatory / Activated CD4 T cells","HLA-DRA","CD4",0.0525467548585214,0,"HLA-DRA_CD4","HLA-DRA - CD4","MHC-II","Cell-Cell Contact","KEGG: hsa04514"
"Naive B cells","NK-like cells","TGFB1","TGFbR1_R2",0.0524541377054067,0,"TGFB1_TGFBR1_TGFBR2","TGFB1 - (TGFBR1+TGFBR2)","TGFb","Secreted Signaling","KEGG: hsa04350"
"NK cells","NK-like cells","TGFB1","TGFbR1_R2",0.0524479337066535,0,"TGFB1_TGFBR1_TGFBR2","TGFB1 - (TGFBR1+TGFBR2)","TGFb","Secreted Signaling","KEGG: hsa04350"
"Naive B cells","Myeloid cells","CD99","PILRA",0.0523426882384615,0,"CD99_PILRA","CD99 - PILRA","CD99","Cell-Cell Contact","PMID: 18234675"
"Monocytes","Classical Monocytes","HLA-DRB1","CD4",0.0522506758098802,0,"HLA-DRB1_CD4","HLA-DRB1 - CD4","MHC-II","Cell-Cell Contact","KEGG: hsa04514"
"Regulatory / Activated CD4 T cells","NK cells","HLA-E","CD94:NKG2C",0.0522375247967342,0,"HLA-E_CD94:NKG2C","HLA-E - CD94:NKG2C","MHC-I","Cell-Cell Contact","PMID: 28484462"
"Naive CD4 T cells","NK-like cells","CLEC2D","KLRB1",0.0522262596492275,0,"CLEC2D_KLRB1","CLEC2D - KLRB1","CLEC","Cell-Cell Contact","PMID: 24223577"
"NK cells","C1Q+ Monocytes","HLA-F","LILRB1",0.0521890949452285,0,"HLA-F_LILRB1","HLA-F - LILRB1","MHC-I","Cell-Cell Contact","PMID: 28484462"
"Classical Monocytes","Classical Monocytes","CD99","PILRA",0.0521253020982616,0,"CD99_PILRA","CD99 - PILRA","CD99","Cell-Cell Contact","PMID: 18234675"
"Classical Monocytes","NK cells","LGALS9","PTPRC",0.0520828358952208,0,"LGALS9_CD45","LGALS9 - CD45","GALECTIN","Secreted Signaling","PMID: 30120235"
"Platelets","Gamma-delta Cytotoxic T cells","TGFB1","TGFbR1_R2",0.052074190696578,0,"TGFB1_TGFBR1_TGFBR2","TGFB1 - (TGFBR1+TGFBR2)","TGFb","Secreted Signaling","KEGG: hsa04350"
"C1Q+ Monocytes","Conventional Dendritic Cells","NAMPT","ITGA5_ITGB1",0.052002594426917,0,"NAMPT_ITGA5_ITGB1","NAMPT - (ITGA5+ITGB1)","VISFATIN","Secreted Signaling","PMID: 28490838"
"Myeloid cells","NK cells","HLA-E","CD94:NKG2E",0.051969994022991,0,"HLA-E_CD94:NKG2E","HLA-E - CD94:NKG2E","MHC-I","Cell-Cell Contact","PMID: 28484462"
"Platelets","Naive B cells","HLA-A","CD8A",0.0519473671124195,0,"HLA-A_CD8A","HLA-A - CD8A","MHC-I","Cell-Cell Contact","KEGG: hsa04514"
"Gamma-delta Cytotoxic T cells","Monocytes","HLA-DPA1","CD4",0.0519338311380751,0,"HLA-DPA1_CD4","HLA-DPA1 - CD4","MHC-II","Cell-Cell Contact","KEGG: hsa04514"
"Classical Monocytes","Naive B cells","HLA-E","CD94:NKG2E",0.0518655357732569,0,"HLA-E_CD94:NKG2E","HLA-E - CD94:NKG2E","MHC-I","Cell-Cell Contact","PMID: 28484462"
"Gamma-delta Cytotoxic T cells","Monocytes","HLA-DQB1","CD4",0.0518557392724336,0,"HLA-DQB1_CD4","HLA-DQB1 - CD4","MHC-II","Cell-Cell Contact","KEGG: hsa04514"
"NK cells","Naive B cells","HLA-A","CD8A",0.0516994706554808,0,"HLA-A_CD8A","HLA-A - CD8A","MHC-I","Cell-Cell Contact","KEGG: hsa04514"
"Monocytes","Plasma cells","LGALS9","CD44",0.0516480685974124,0,"LGALS9_CD44","LGALS9 - CD44","GALECTIN","Secreted Signaling","PMID: 25065622"
"Regulatory / Activated CD4 T cells","Naive B cells","HLA-B","CD8A",0.0515247149761969,0,"HLA-B_CD8A","HLA-B - CD8A","MHC-I","Cell-Cell Contact","KEGG: hsa04514"
"Classical Monocytes","Naive B cells","HLA-B","CD8A",0.0514074253051371,0,"HLA-B_CD8A","HLA-B - CD8A","MHC-I","Cell-Cell Contact","KEGG: hsa04514"
"Myeloid cells","Platelets","THBS1","CD36",0.0512028049780169,0,"THBS1_CD36","THBS1 - CD36","THBS","ECM-Receptor","KEGG: hsa04512"
"Gamma-delta Cytotoxic T cells","Conventional Dendritic Cells","HLA-DQA1","CD4",0.0511256931014232,0,"HLA-DQA1_CD4","HLA-DQA1 - CD4","MHC-II","Cell-Cell Contact","KEGG: hsa04514"
"C1Q+ Monocytes","NK-like cells","LGALS9","CD44",0.0510739928468997,0,"LGALS9_CD44","LGALS9 - CD44","GALECTIN","Secreted Signaling","PMID: 25065622"
"Classical Monocytes","NK cells","THBS1","CD47",0.0510671343102889,0,"THBS1_CD47","THBS1 - CD47","THBS","ECM-Receptor","KEGG: hsa04512"
"Platelets","Naive B cells","HLA-E","CD8B",0.0510659504161455,0,"HLA-E_CD8B","HLA-E - CD8B","MHC-I","Cell-Cell Contact","KEGG: hsa04514"
"Naive CD4 T cells","NK-like cells","CD69","KLRB1",0.0510439596874794,0,"CLEC2C_KLRB1","CLEC2C - KLRB1","CLEC","Cell-Cell Contact","PMID: 24223577"
"Monocytes","Naive B cells","LGALS9","CD44",0.0510209389762199,0,"LGALS9_CD44","LGALS9 - CD44","GALECTIN","Secreted Signaling","PMID: 25065622"
"MAIT / CD161-like T cells","Myeloid cells","NAMPT","ITGA5_ITGB1",0.0510134331398735,0,"NAMPT_ITGA5_ITGB1","NAMPT - (ITGA5+ITGB1)","VISFATIN","Secreted Signaling","PMID: 28490838"
"Monocytes","Plasma cells","THBS1","CD47",0.051003059211437,0,"THBS1_CD47","THBS1 - CD47","THBS","ECM-Receptor","KEGG: hsa04512"
"Myeloid cells","Naive CD4 T cells","THBS1","CD47",0.0509473896115908,0,"THBS1_CD47","THBS1 - CD47","THBS","ECM-Receptor","KEGG: hsa04512"
"Platelets","NK-like cells","APP","CD74",0.0509363346354178,0.03,"APP_CD74","APP - CD74","APP","Cell-Cell Contact","PMID: 19849849"
"MAIT / CD161-like T cells","Naive B cells","HLA-C","CD8A",0.0508938573074793,0,"HLA-C_CD8A","HLA-C - CD8A","MHC-I","Cell-Cell Contact","KEGG: hsa04514"
"Monocytes","Naive B cells","HLA-E","CD94:NKG2C",0.050722252372348,0,"HLA-E_CD94:NKG2C","HLA-E - CD94:NKG2C","MHC-I","Cell-Cell Contact","PMID: 28484462"
"Platelets","Naive CD4 T cells","HLA-E","CD8B",0.0506570531005598,0,"HLA-E_CD8B","HLA-E - CD8B","MHC-I","Cell-Cell Contact","KEGG: hsa04514"
"Classical Monocytes","Monocytes","CD99","PILRA",0.0506466273039449,0,"CD99_PILRA","CD99 - PILRA","CD99","Cell-Cell Contact","PMID: 18234675"
"MAIT / CD161-like T cells","Conventional Dendritic Cells","TGFB1","TGFbR1_R2",0.0506151537352226,0,"TGFB1_TGFBR1_TGFBR2","TGFB1 - (TGFBR1+TGFBR2)","TGFb","Secreted Signaling","KEGG: hsa04350"
"Naive B cells","NK cells","ITGB2","CD226",0.0505550573650593,0,"ITGB2_CD226","ITGB2 - CD226","ITGB2","Cell-Cell Contact","KEGG: hsa04514"
"MAIT / CD161-like T cells","Platelets","ITGB2","CD226",0.0504985976050287,0,"ITGB2_CD226","ITGB2 - CD226","ITGB2","Cell-Cell Contact","KEGG: hsa04514"
"Conventional Dendritic Cells","Regulatory / Activated CD4 T cells","ALCAM","CD6",0.0503707020917566,0,"ALCAM_CD6","ALCAM - CD6","ALCAM","Cell-Cell Contact","KEGG: hsa04514"
"Regulatory / Activated CD4 T cells","Conventional Dendritic Cells","CD6","ALCAM",0.0503707020917566,0,"CD6_ALCAM","CD6 - ALCAM","CD6","Cell-Cell Contact","PMID: 23602662"
"NK-like cells","NK-like cells","TGFB1","TGFbR1_R2",0.0503547889302937,0,"TGFB1_TGFBR1_TGFBR2","TGFB1 - (TGFBR1+TGFBR2)","TGFb","Secreted Signaling","KEGG: hsa04350"
"Myeloid cells","C1Q+ Monocytes","PECAM1","PECAM1",0.0503525256943497,0,"PECAM1_PECAM1","PECAM1 - PECAM1","PECAM1","Cell-Cell Contact","KEGG: hsa04514"
"C1Q+ Monocytes","Myeloid cells","PECAM1","PECAM1",0.0503525256943497,0,"PECAM1_PECAM1","PECAM1 - PECAM1","PECAM1","Cell-Cell Contact","KEGG: hsa04514"
"Plasma cells","Classical Monocytes","HLA-DRB1","CD4",0.0502803422926869,0,"HLA-DRB1_CD4","HLA-DRB1 - CD4","MHC-II","Cell-Cell Contact","KEGG: hsa04514"
"Classical Monocytes","Conventional Dendritic Cells","HLA-DRA","CD4",0.0502011748963895,0,"HLA-DRA_CD4","HLA-DRA - CD4","MHC-II","Cell-Cell Contact","KEGG: hsa04514"
"MAIT / CD161-like T cells","NK-like cells","HLA-E","CD94:NKG2E",0.0498910066043282,0,"HLA-E_CD94:NKG2E","HLA-E - CD94:NKG2E","MHC-I","Cell-Cell Contact","PMID: 28484462"
"Myeloid cells","Naive B cells","APP","CD74",0.0498772881107449,0,"APP_CD74","APP - CD74","APP","Cell-Cell Contact","PMID: 19849849"
"Gamma-delta Cytotoxic T cells","Classical Monocytes","FCER2","ITGAM_ITGB2",0.049857483668005,0,"FCER2A_ITGAM_ITGB2","FCER2A - (ITGAM+ITGB2)","CD23","Cell-Cell Contact","PMID: 7621072"
"Naive B cells","Naive B cells","HLA-A","CD8A",0.0498471743931664,0,"HLA-A_CD8A","HLA-A - CD8A","MHC-I","Cell-Cell Contact","KEGG: hsa04514"
"Monocytes","NK-like cells","TGFB1","TGFbR1_R2",0.0498120609252756,0,"TGFB1_TGFBR1_TGFBR2","TGFB1 - (TGFBR1+TGFBR2)","TGFb","Secreted Signaling","KEGG: hsa04350"
"Gamma-delta Cytotoxic T cells","Naive B cells","HLA-E","CD94:NKG2C",0.0497898540080852,0,"HLA-E_CD94:NKG2C","HLA-E - CD94:NKG2C","MHC-I","Cell-Cell Contact","PMID: 28484462"
"Regulatory / Activated CD4 T cells","NK-like cells","CLEC2D","KLRB1",0.04970669438093,0,"CLEC2D_KLRB1","CLEC2D - KLRB1","CLEC","Cell-Cell Contact","PMID: 24223577"
"Plasma cells","NK cells","CLEC2D","KLRB1",0.0496121163626342,0,"CLEC2D_KLRB1","CLEC2D - KLRB1","CLEC","Cell-Cell Contact","PMID: 24223577"
"Monocytes","C1Q+ Monocytes","HLA-DPA1","CD4",0.0495188650220797,0,"HLA-DPA1_CD4","HLA-DPA1 - CD4","MHC-II","Cell-Cell Contact","KEGG: hsa04514"
"Myeloid cells","C1Q+ Monocytes","THBS1","CD47",0.0495062699952351,0,"THBS1_CD47","THBS1 - CD47","THBS","ECM-Receptor","KEGG: hsa04512"
"Plasma cells","Naive B cells","HLA-B","CD8A",0.0494336693201048,0,"HLA-B_CD8A","HLA-B - CD8A","MHC-I","Cell-Cell Contact","KEGG: hsa04514"
"Monocytes","Naive B cells","NAMPT","ITGA5_ITGB1",0.0493986719555861,0,"NAMPT_ITGA5_ITGB1","NAMPT - (ITGA5+ITGB1)","VISFATIN","Secreted Signaling","PMID: 28490838"
"Conventional Dendritic Cells","Naive B cells","HLA-B","CD8A",0.0493965052893464,0,"HLA-B_CD8A","HLA-B - CD8A","MHC-I","Cell-Cell Contact","KEGG: hsa04514"
"Myeloid cells","MAIT / CD161-like T cells","HLA-B","CD8A",0.0493883263388917,0,"HLA-B_CD8A","HLA-B - CD8A","MHC-I","Cell-Cell Contact","KEGG: hsa04514"
"Plasma cells","NK cells","HLA-E","CD94:NKG2C",0.0493526079776448,0,"HLA-E_CD94:NKG2C","HLA-E - CD94:NKG2C","MHC-I","Cell-Cell Contact","PMID: 28484462"
"Naive CD4 T cells","NK cells","HLA-E","CD94:NKG2C",0.049247067613161,0,"HLA-E_CD94:NKG2C","HLA-E - CD94:NKG2C","MHC-I","Cell-Cell Contact","PMID: 28484462"
"Classical Monocytes","Conventional Dendritic Cells","HLA-DRB1","CD4",0.0492365159050625,0,"HLA-DRB1_CD4","HLA-DRB1 - CD4","MHC-II","Cell-Cell Contact","KEGG: hsa04514"
"Naive B cells","NK-like cells","HLA-E","CD94:NKG2C",0.0492065817140473,0,"HLA-E_CD94:NKG2C","HLA-E - CD94:NKG2C","MHC-I","Cell-Cell Contact","PMID: 28484462"
"Conventional Dendritic Cells","NK-like cells","LGALS9","CD44",0.049148593042358,0,"LGALS9_CD44","LGALS9 - CD44","GALECTIN","Secreted Signaling","PMID: 25065622"
"Myeloid cells","MAIT / CD161-like T cells","HLA-C","CD8A",0.049042652132547,0,"HLA-C_CD8A","HLA-C - CD8A","MHC-I","Cell-Cell Contact","KEGG: hsa04514"
"Monocytes","Gamma-delta Cytotoxic T cells","THBS1","CD47",0.048817439253743,0,"THBS1_CD47","THBS1 - CD47","THBS","ECM-Receptor","KEGG: hsa04512"
"Naive B cells","Monocytes","ANXA1","FPR1",0.0487795888590517,0,"ANXA1_FPR1","ANXA1 - FPR1","ANNEXIN","Secreted Signaling","PMID: 23230437"
"Monocytes","Conventional Dendritic Cells","NAMPT","ITGA5_ITGB1",0.0487186279893585,0,"NAMPT_ITGA5_ITGB1","NAMPT - (ITGA5+ITGB1)","VISFATIN","Secreted Signaling","PMID: 28490838"
"MAIT / CD161-like T cells","Regulatory / Activated CD4 T cells","CCL5","CCR4",0.0486868184277205,0,"CCL5_CCR4","CCL5 - CCR4","CCL","Secreted Signaling","KEGG: hsa04060"
"Platelets","Monocytes","PECAM1","PECAM1",0.0486291464116793,0,"PECAM1_PECAM1","PECAM1 - PECAM1","PECAM1","Cell-Cell Contact","KEGG: hsa04514"
"Monocytes","Platelets","PECAM1","PECAM1",0.0486291464116793,0,"PECAM1_PECAM1","PECAM1 - PECAM1","PECAM1","Cell-Cell Contact","KEGG: hsa04514"
"Platelets","Naive B cells","TGFB1","TGFbR1_R2",0.0485944217112036,0,"TGFB1_TGFBR1_TGFBR2","TGFB1 - (TGFBR1+TGFBR2)","TGFb","Secreted Signaling","KEGG: hsa04350"
"Classical Monocytes","MAIT / CD161-like T cells","LGALS9","PTPRC",0.0485647274748678,0,"LGALS9_CD45","LGALS9 - CD45","GALECTIN","Secreted Signaling","PMID: 30120235"
"Platelets","Naive CD4 T cells","HLA-E","KLRK1",0.0485435128916023,0,"HLA-E_KLRK1","HLA-E - KLRK1","MHC-I","Cell-Cell Contact","PMID: 28484462"
"Plasma cells","Regulatory / Activated CD4 T cells","HLA-DPB1","CD4",0.0485222128540753,0,"HLA-DPB1_CD4","HLA-DPB1 - CD4","MHC-II","Cell-Cell Contact","KEGG: hsa04514"
"C1Q+ Monocytes","NK-like cells","HLA-E","CD94:NKG2C",0.0484806980249864,0,"HLA-E_CD94:NKG2C","HLA-E - CD94:NKG2C","MHC-I","Cell-Cell Contact","PMID: 28484462"
"C1Q+ Monocytes","Classical Monocytes","HLA-DRA","CD4",0.0484141107947981,0,"HLA-DRA_CD4","HLA-DRA - CD4","MHC-II","Cell-Cell Contact","KEGG: hsa04514"
"MAIT / CD161-like T cells","Naive B cells","HLA-A","CD8A",0.0484030712019334,0,"HLA-A_CD8A","HLA-A - CD8A","MHC-I","Cell-Cell Contact","KEGG: hsa04514"
"Classical Monocytes","Naive B cells","HLA-E","CD94:NKG2C",0.048391114427641,0,"HLA-E_CD94:NKG2C","HLA-E - CD94:NKG2C","MHC-I","Cell-Cell Contact","PMID: 28484462"
"Plasma cells","NK-like cells","CD69","KLRB1",0.0483553762536536,0,"CLEC2C_KLRB1","CLEC2C - KLRB1","CLEC","Cell-Cell Contact","PMID: 24223577"
"Classical Monocytes","Regulatory / Activated CD4 T cells","LGALS9","PTPRC",0.048338036016039,0,"LGALS9_CD45","LGALS9 - CD45","GALECTIN","Secreted Signaling","PMID: 30120235"
"Regulatory / Activated CD4 T cells","NK-like cells","HLA-E","CD94:NKG2E",0.048299412857596,0,"HLA-E_CD94:NKG2E","HLA-E - CD94:NKG2E","MHC-I","Cell-Cell Contact","PMID: 28484462"
"Classical Monocytes","Regulatory / Activated CD4 T cells","THBS1","CD47",0.0480219109995561,0,"THBS1_CD47","THBS1 - CD47","THBS","ECM-Receptor","KEGG: hsa04512"
"Platelets","Classical Monocytes","PECAM1","PECAM1",0.0479310056555389,0,"PECAM1_PECAM1","PECAM1 - PECAM1","PECAM1","Cell-Cell Contact","KEGG: hsa04514"
"Classical Monocytes","Platelets","PECAM1","PECAM1",0.0479310056555389,0,"PECAM1_PECAM1","PECAM1 - PECAM1","PECAM1","Cell-Cell Contact","KEGG: hsa04514"
"Classical Monocytes","Classical Monocytes","TGFB1","ACVR1B_TGFbR2",0.0477476803172569,0,"TGFB1_ACVR1B_TGFBR2","TGFB1 - (ACVR1B+TGFBR2)","TGFb","Secreted Signaling","PMID: 27449815"
"Classical Monocytes","Myeloid cells","LGALS9","CD44",0.0477380059127675,0,"LGALS9_CD44","LGALS9 - CD44","GALECTIN","Secreted Signaling","PMID: 25065622"
"Monocytes","Naive B cells","HLA-C","CD8A",0.0477242570304132,0,"HLA-C_CD8A","HLA-C - CD8A","MHC-I","Cell-Cell Contact","KEGG: hsa04514"
"Monocytes","Naive B cells","APP","CD74",0.0476152678398479,0,"APP_CD74","APP - CD74","APP","Cell-Cell Contact","PMID: 19849849"
"Myeloid cells","Conventional Dendritic Cells","THBS1","CD36",0.0475671532766416,0,"THBS1_CD36","THBS1 - CD36","THBS","ECM-Receptor","KEGG: hsa04512"
"NK cells","Naive B cells","HLA-E","CD8A",0.047554438811346,0,"HLA-E_CD8A","HLA-E - CD8A","MHC-I","Cell-Cell Contact","KEGG: hsa04514"
"Platelets","Classical Monocytes","TGFB1","ACVR1_TGFbR",0.0475417557233006,0,"TGFB1_ACVR1_TGFBR1","TGFB1 - (ACVR1+TGFBR1)","TGFb","Secreted Signaling","PMID: 29376829"
"Plasma cells","Conventional Dendritic Cells","HLA-DPA1","CD4",0.0475301791544582,0,"HLA-DPA1_CD4","HLA-DPA1 - CD4","MHC-II","Cell-Cell Contact","KEGG: hsa04514"
"Classical Monocytes","Platelets","THBS1","CD47",0.0474796757104946,0,"THBS1_CD47","THBS1 - CD47","THBS","ECM-Receptor","KEGG: hsa04512"
"Naive B cells","C1Q+ Monocytes","HLA-F","LILRB1",0.0474447427015607,0,"HLA-F_LILRB1","HLA-F - LILRB1","MHC-I","Cell-Cell Contact","PMID: 28484462"
"C1Q+ Monocytes","Naive B cells","HLA-C","CD8A",0.0474399591209498,0,"HLA-C_CD8A","HLA-C - CD8A","MHC-I","Cell-Cell Contact","KEGG: hsa04514"
"Classical Monocytes","Naive B cells","THBS1","CD47",0.047320821486926,0,"THBS1_CD47","THBS1 - CD47","THBS","ECM-Receptor","KEGG: hsa04512"
"Myeloid cells","NK cells","APP","CD74",0.047292582052902,0,"APP_CD74","APP - CD74","APP","Cell-Cell Contact","PMID: 19849849"
"Gamma-delta Cytotoxic T cells","C1Q+ Monocytes","HLA-DMB","CD4",0.0472171194354602,0,"HLA-DMB_CD4","HLA-DMB - CD4","MHC-II","Cell-Cell Contact","KEGG: hsa04514"
"Plasma cells","Conventional Dendritic Cells","HLA-DQB1","CD4",0.0471809314921377,0,"HLA-DQB1_CD4","HLA-DQB1 - CD4","MHC-II","Cell-Cell Contact","KEGG: hsa04514"
"Plasma cells","Myeloid cells","NAMPT","ITGA5_ITGB1",0.0471703733238704,0,"NAMPT_ITGA5_ITGB1","NAMPT - (ITGA5+ITGB1)","VISFATIN","Secreted Signaling","PMID: 28490838"
"Monocytes","Monocytes","HLA-DPA1","CD4",0.0471335618351041,0,"HLA-DPA1_CD4","HLA-DPA1 - CD4","MHC-II","Cell-Cell Contact","KEGG: hsa04514"
"Regulatory / Activated CD4 T cells","Naive B cells","HLA-C","CD8A",0.047123835562978,0,"HLA-C_CD8A","HLA-C - CD8A","MHC-I","Cell-Cell Contact","KEGG: hsa04514"
"Gamma-delta Cytotoxic T cells","NK cells","HLA-C","KIR2DS4",0.0470539666151945,0,"HLA-C_KIR2DS4","HLA-C - KIR2DS4","MHC-I","Cell-Cell Contact","PMID: 28484462"
"NK-like cells","Naive B cells","HLA-E","CD94:NKG2E",0.0470011352671345,0,"HLA-E_CD94:NKG2E","HLA-E - CD94:NKG2E","MHC-I","Cell-Cell Contact","PMID: 28484462"
"Conventional Dendritic Cells","Conventional Dendritic Cells","HLA-DMB","CD4",0.0468133204755195,0,"HLA-DMB_CD4","HLA-DMB - CD4","MHC-II","Cell-Cell Contact","KEGG: hsa04514"
"C1Q+ Monocytes","Regulatory / Activated CD4 T cells","HLA-DRB1","CD4",0.0468113684463808,0,"HLA-DRB1_CD4","HLA-DRB1 - CD4","MHC-II","Cell-Cell Contact","KEGG: hsa04514"
"NK cells","Monocytes","ANXA1","FPR1",0.0467947977215561,0,"ANXA1_FPR1","ANXA1 - FPR1","ANNEXIN","Secreted Signaling","PMID: 23230437"
"C1Q+ Monocytes","C1Q+ Monocytes","HLA-DPB1","CD4",0.0467911247085591,0,"HLA-DPB1_CD4","HLA-DPB1 - CD4","MHC-II","Cell-Cell Contact","KEGG: hsa04514"
"Monocytes","NK cells","THBS1","CD47",0.046776513574772,0,"THBS1_CD47","THBS1 - CD47","THBS","ECM-Receptor","KEGG: hsa04512"
"Classical Monocytes","Gamma-delta Cytotoxic T cells","LGALS9","PTPRC",0.0467406523143711,0,"LGALS9_CD45","LGALS9 - CD45","GALECTIN","Secreted Signaling","PMID: 30120235"
"Myeloid cells","NK-like cells","THBS1","CD47",0.0466820524666833,0,"THBS1_CD47","THBS1 - CD47","THBS","ECM-Receptor","KEGG: hsa04512"
"NK cells","C1Q+ Monocytes","ITGB2","ICAM1",0.0466643925548068,0,"ITGB2_ICAM1","ITGB2 - ICAM1","ITGB2","Cell-Cell Contact","KEGG: hsa04514"
"Conventional Dendritic Cells","Naive B cells","HLA-E","CD94:NKG2E",0.0464693968559707,0,"HLA-E_CD94:NKG2E","HLA-E - CD94:NKG2E","MHC-I","Cell-Cell Contact","PMID: 28484462"
"Classical Monocytes","Naive CD4 T cells","LGALS9","PTPRC",0.0464265885543568,0,"LGALS9_CD45","LGALS9 - CD45","GALECTIN","Secreted Signaling","PMID: 30120235"
"Monocytes","NK cells","HLA-E","CD94:NKG2C",0.0464081344461388,0,"HLA-E_CD94:NKG2C","HLA-E - CD94:NKG2C","MHC-I","Cell-Cell Contact","PMID: 28484462"
"Monocytes","C1Q+ Monocytes","ITGB2","ICAM1",0.0462610935847481,0,"ITGB2_ICAM1","ITGB2 - ICAM1","ITGB2","Cell-Cell Contact","KEGG: hsa04514"
"Myeloid cells","NK-like cells","HLA-E","KLRK1",0.0462013548967341,0,"HLA-E_KLRK1","HLA-E - KLRK1","MHC-I","Cell-Cell Contact","PMID: 28484462"
"Gamma-delta Cytotoxic T cells","Monocytes","FCER2","ITGAM_ITGB2",0.0459948164184678,0,"FCER2A_ITGAM_ITGB2","FCER2A - (ITGAM+ITGB2)","CD23","Cell-Cell Contact","PMID: 7621072"
"Conventional Dendritic Cells","Classical Monocytes","CD99","PILRA",0.0458505469564085,0,"CD99_PILRA","CD99 - PILRA","CD99","Cell-Cell Contact","PMID: 18234675"
"Gamma-delta Cytotoxic T cells","Conventional Dendritic Cells","HLA-DPA1","CD4",0.0458257156359834,0,"HLA-DPA1_CD4","HLA-DPA1 - CD4","MHC-II","Cell-Cell Contact","KEGG: hsa04514"
"Monocytes","C1Q+ Monocytes","HLA-DPB1","CD4",0.0457785376547563,0,"HLA-DPB1_CD4","HLA-DPB1 - CD4","MHC-II","Cell-Cell Contact","KEGG: hsa04514"
"MAIT / CD161-like T cells","NK-like cells","HLA-E","CD94:NKG2C",0.0457745306250643,0,"HLA-E_CD94:NKG2C","HLA-E - CD94:NKG2C","MHC-I","Cell-Cell Contact","PMID: 28484462"
"Gamma-delta Cytotoxic T cells","Conventional Dendritic Cells","HLA-DQB1","CD4",0.0457563651443919,0,"HLA-DQB1_CD4","HLA-DQB1 - CD4","MHC-II","Cell-Cell Contact","KEGG: hsa04514"
"Plasma cells","NK-like cells","HLA-E","CD94:NKG2E",0.0456215166815059,0,"HLA-E_CD94:NKG2E","HLA-E - CD94:NKG2E","MHC-I","Cell-Cell Contact","PMID: 28484462"
"Gamma-delta Cytotoxic T cells","NK cells","HLA-E","CD94:NKG2C",0.0455512346487254,0,"HLA-E_CD94:NKG2C","HLA-E - CD94:NKG2C","MHC-I","Cell-Cell Contact","PMID: 28484462"
"Gamma-delta Cytotoxic T cells","Regulatory / Activated CD4 T cells","HLA-DPB1","CD4",0.0455503319561737,0,"HLA-DPB1_CD4","HLA-DPB1 - CD4","MHC-II","Cell-Cell Contact","KEGG: hsa04514"
"Naive CD4 T cells","NK-like cells","HLA-E","CD94:NKG2E",0.0455235731554695,0,"HLA-E_CD94:NKG2E","HLA-E - CD94:NKG2E","MHC-I","Cell-Cell Contact","PMID: 28484462"
"Naive B cells","Myeloid cells","TGFB1","TGFbR1_R2",0.0454862939318901,0,"TGFB1_TGFBR1_TGFBR2","TGFB1 - (TGFBR1+TGFBR2)","TGFb","Secreted Signaling","KEGG: hsa04350"
"NK cells","Myeloid cells","TGFB1","TGFbR1_R2",0.0454808163516783,0,"TGFB1_TGFBR1_TGFBR2","TGFB1 - (TGFBR1+TGFBR2)","TGFb","Secreted Signaling","KEGG: hsa04350"
"Naive CD4 T cells","Naive B cells","HLA-B","CD8A",0.0454704287400965,0,"HLA-B_CD8A","HLA-B - CD8A","MHC-I","Cell-Cell Contact","KEGG: hsa04514"
"Regulatory / Activated CD4 T cells","Monocytes","ANXA1","FPR1",0.045453746539432,0,"ANXA1_FPR1","ANXA1 - FPR1","ANNEXIN","Secreted Signaling","PMID: 23230437"
"Conventional Dendritic Cells","Regulatory / Activated CD4 T cells","HLA-DMA","CD4",0.0452856985146125,0,"HLA-DMA_CD4","HLA-DMA - CD4","MHC-II","Cell-Cell Contact","KEGG: hsa04514"
"Naive B cells","Myeloid cells","TGFB1","ACVR1B_TGFbR2",0.0452382248436737,0,"TGFB1_ACVR1B_TGFBR2","TGFB1 - (ACVR1B+TGFBR2)","TGFb","Secreted Signaling","PMID: 27449815"
"NK cells","Myeloid cells","TGFB1","ACVR1B_TGFbR2",0.0452327760513659,0,"TGFB1_ACVR1B_TGFBR2","TGFB1 - (ACVR1B+TGFBR2)","TGFb","Secreted Signaling","PMID: 27449815"
"Classical Monocytes","Classical Monocytes","TGFB1","TGFbR1_R2",0.0451834755643158,0,"TGFB1_TGFBR1_TGFBR2","TGFB1 - (TGFBR1+TGFBR2)","TGFb","Secreted Signaling","KEGG: hsa04350"
"Monocytes","NK cells","APP","CD74",0.045142213225419,0,"APP_CD74","APP - CD74","APP","Cell-Cell Contact","PMID: 19849849"
"NK cells","MAIT / CD161-like T cells","HLA-F","CD8A",0.0451074255933951,0,"HLA-F_CD8A","HLA-F - CD8A","MHC-I","Cell-Cell Contact","KEGG: hsa04514"
"Classical Monocytes","Myeloid cells","APP","CD74",0.0450996766574473,0,"APP_CD74","APP - CD74","APP","Cell-Cell Contact","PMID: 19849849"
"MAIT / CD161-like T cells","C1Q+ Monocytes","TGFB1","ACVR1B_TGFbR2",0.0450400107596235,0,"TGFB1_ACVR1B_TGFBR2","TGFB1 - (ACVR1B+TGFBR2)","TGFb","Secreted Signaling","PMID: 27449815"
"Gamma-delta Cytotoxic T cells","Monocytes","HLA-DMB","CD4",0.0449374484013293,0,"HLA-DMB_CD4","HLA-DMB - CD4","MHC-II","Cell-Cell Contact","KEGG: hsa04514"
"Platelets","C1Q+ Monocytes","F11R","ITGAL_ITGB2",0.0448769913859388,0,"JAM1_ITGAL_ITGB2","JAM1 - (ITGAL+ITGB2)","JAM","Cell-Cell Contact","PMID: 11812992"
"Gamma-delta Cytotoxic T cells","Naive B cells","HLA-B","CD8A",0.0448178462601215,0,"HLA-B_CD8A","HLA-B - CD8A","MHC-I","Cell-Cell Contact","KEGG: hsa04514"
"Regulatory / Activated CD4 T cells","Naive B cells","HLA-A","CD8A",0.0447768826887222,0,"HLA-A_CD8A","HLA-A - CD8A","MHC-I","Cell-Cell Contact","KEGG: hsa04514"
"Plasma cells","Classical Monocytes","HLA-DPB1","CD4",0.044691156813802,0,"HLA-DPB1_CD4","HLA-DPB1 - CD4","MHC-II","Cell-Cell Contact","KEGG: hsa04514"
"Regulatory / Activated CD4 T cells","Classical Monocytes","NAMPT","ITGA5_ITGB1",0.0446130577637275,0,"NAMPT_ITGA5_ITGB1","NAMPT - (ITGA5+ITGB1)","VISFATIN","Secreted Signaling","PMID: 28490838"
"Conventional Dendritic Cells","Monocytes","CD99","PILRA",0.0445415081157275,0,"CD99_PILRA","CD99 - PILRA","CD99","Cell-Cell Contact","PMID: 18234675"
"Classical Monocytes","MAIT / CD161-like T cells","APP","CD74",0.0445332752822998,0,"APP_CD74","APP - CD74","APP","Cell-Cell Contact","PMID: 19849849"
"C1Q+ Monocytes","Monocytes","HLA-DPB1","CD4",0.0445310596856874,0,"HLA-DPB1_CD4","HLA-DPB1 - CD4","MHC-II","Cell-Cell Contact","KEGG: hsa04514"
"Classical Monocytes","Naive B cells","HLA-C","CD8A",0.0445165270212269,0,"HLA-C_CD8A","HLA-C - CD8A","MHC-I","Cell-Cell Contact","KEGG: hsa04514"
"C1Q+ Monocytes","Regulatory / Activated CD4 T cells","HLA-DPA1","CD4",0.0445134535257038,0,"HLA-DPA1_CD4","HLA-DPA1 - CD4","MHC-II","Cell-Cell Contact","KEGG: hsa04514"
"Plasma cells","Regulatory / Activated CD4 T cells","HLA-DQA1","CD4",0.0444371191728023,0,"HLA-DQA1_CD4","HLA-DQA1 - CD4","MHC-II","Cell-Cell Contact","KEGG: hsa04514"
"Regulatory / Activated CD4 T cells","NK-like cells","HLA-E","CD94:NKG2C",0.0443081341436374,0,"HLA-E_CD94:NKG2C","HLA-E - CD94:NKG2C","MHC-I","Cell-Cell Contact","PMID: 28484462"
"Classical Monocytes","Conventional Dendritic Cells","LGALS9","PTPRC",0.0442756996981522,0,"LGALS9_CD45","LGALS9 - CD45","GALECTIN","Secreted Signaling","PMID: 30120235"
"Classical Monocytes","NK cells","HLA-E","CD94:NKG2C",0.0442660228566949,0,"HLA-E_CD94:NKG2C","HLA-E - CD94:NKG2C","MHC-I","Cell-Cell Contact","PMID: 28484462"
"Classical Monocytes","Classical Monocytes","LGALS9","PTPRC",0.0441792262876027,0,"LGALS9_CD45","LGALS9 - CD45","GALECTIN","Secreted Signaling","PMID: 30120235"
"Monocytes","Naive B cells","HLA-A","CD8A",0.0440853742738394,0,"HLA-A_CD8A","HLA-A - CD8A","MHC-I","Cell-Cell Contact","KEGG: hsa04514"
"Monocytes","C1Q+ Monocytes","HLA-F","LILRB1",0.0440767904926583,0,"HLA-F_LILRB1","HLA-F - LILRB1","MHC-I","Cell-Cell Contact","PMID: 28484462"
"Classical Monocytes","Monocytes","LGALS9","PTPRC",0.0440360826797949,0,"LGALS9_CD45","LGALS9 - CD45","GALECTIN","Secreted Signaling","PMID: 30120235"
"Myeloid cells","MAIT / CD161-like T cells","HLA-E","CD8A",0.0440138248310949,0,"HLA-E_CD8A","HLA-E - CD8A","MHC-I","Cell-Cell Contact","KEGG: hsa04514"
"Platelets","Naive B cells","F11R","ITGAL_ITGB2",0.0439837396778003,0,"JAM1_ITGAL_ITGB2","JAM1 - (ITGAL+ITGB2)","JAM","Cell-Cell Contact","PMID: 11812992"
"Monocytes","Regulatory / Activated CD4 T cells","THBS1","CD47",0.0439752906518094,0,"THBS1_CD47","THBS1 - CD47","THBS","ECM-Receptor","KEGG: hsa04512"
"Classical Monocytes","Platelets","THBS1","CD36",0.0438831436139582,0,"THBS1_CD36","THBS1 - CD36","THBS","ECM-Receptor","KEGG: hsa04512"
"NK-like cells","Naive B cells","HLA-E","CD94:NKG2C",0.0438375089594109,0,"HLA-E_CD94:NKG2C","HLA-E - CD94:NKG2C","MHC-I","Cell-Cell Contact","PMID: 28484462"
"Platelets","Naive B cells","HLA-B","CD8B",0.0437928327139567,0,"HLA-B_CD8B","HLA-B - CD8B","MHC-I","Cell-Cell Contact","KEGG: hsa04514"
"Classical Monocytes","Classical Monocytes","LGALS9","CD44",0.043737086558356,0,"LGALS9_CD44","LGALS9 - CD44","GALECTIN","Secreted Signaling","PMID: 25065622"
"Conventional Dendritic Cells","NK-like cells","CLEC2B","KLRB1",0.043726626260911,0,"CLEC2B_KLRB1","CLEC2B - KLRB1","CLEC","Cell-Cell Contact","PMID: 24223577"
"Naive B cells","Monocytes","TGFB1","TGFbR1_R2",0.0436799621573718,0,"TGFB1_TGFBR1_TGFBR2","TGFB1 - (TGFBR1+TGFBR2)","TGFb","Secreted Signaling","KEGG: hsa04350"
"NK cells","Monocytes","TGFB1","TGFbR1_R2",0.0436747018302535,0,"TGFB1_TGFBR1_TGFBR2","TGFB1 - (TGFBR1+TGFBR2)","TGFb","Secreted Signaling","KEGG: hsa04350"
"Myeloid cells","Classical Monocytes","TGFB1","ACVR1B_TGFbR2",0.0436627805471296,0,"TGFB1_ACVR1B_TGFBR2","TGFB1 - (ACVR1B+TGFBR2)","TGFb","Secreted Signaling","PMID: 27449815"
"Classical Monocytes","Naive CD4 T cells","THBS1","CD47",0.0436625606996979,0,"THBS1_CD47","THBS1 - CD47","THBS","ECM-Receptor","KEGG: hsa04512"
"NK-like cells","Myeloid cells","TGFB1","TGFbR1_R2",0.0436340977197893,0,"TGFB1_TGFBR1_TGFBR2","TGFB1 - (TGFBR1+TGFBR2)","TGFb","Secreted Signaling","KEGG: hsa04350"
"Monocytes","Monocytes","HLA-DPB1","CD4",0.0435651464224063,0,"HLA-DPB1_CD4","HLA-DPB1 - CD4","MHC-II","Cell-Cell Contact","KEGG: hsa04514"
"Classical Monocytes","Myeloid cells","LGALS9","PTPRC",0.0435204405082763,0,"LGALS9_CD45","LGALS9 - CD45","GALECTIN","Secreted Signaling","PMID: 30120235"
"Platelets","Myeloid cells","TGFB1","ACVR1_TGFbR",0.0435074608577572,0,"TGFB1_ACVR1_TGFBR1","TGFB1 - (ACVR1+TGFBR1)","TGFb","Secreted Signaling","PMID: 29376829"
"Monocytes","Platelets","THBS1","CD47",0.0434766606812074,0,"THBS1_CD47","THBS1 - CD47","THBS","ECM-Receptor","KEGG: hsa04512"
"Classical Monocytes","Plasma cells","LGALS9","PTPRC",0.043474774937586,0,"LGALS9_CD45","LGALS9 - CD45","GALECTIN","Secreted Signaling","PMID: 30120235"
"Platelets","Naive CD4 T cells","HLA-B","CD8B",0.0434395070446884,0,"HLA-B_CD8B","HLA-B - CD8B","MHC-I","Cell-Cell Contact","KEGG: hsa04514"
"NK cells","Naive B cells","CD69","KLRB1",0.0434380082319029,0,"CLEC2C_KLRB1","CLEC2C - KLRB1","CLEC","Cell-Cell Contact","PMID: 24223577"
"NK-like cells","Myeloid cells","TGFB1","ACVR1B_TGFbR2",0.0433957779146097,0,"TGFB1_ACVR1B_TGFBR2","TGFB1 - (ACVR1B+TGFBR2)","TGFb","Secreted Signaling","PMID: 27449815"
"C1Q+ Monocytes","Classical Monocytes","ICAM1","ITGAX_ITGB2",0.0433526922381799,0,"ICAM1_ITGAX_ITGB2","ICAM1 - (ITGAX+ITGB2)","ICAM","Cell-Cell Contact","PMID: 16252253"
"Conventional Dendritic Cells","Naive B cells","HLA-E","CD94:NKG2C",0.0433399339468587,0,"HLA-E_CD94:NKG2C","HLA-E - CD94:NKG2C","MHC-I","Cell-Cell Contact","PMID: 28484462"
"Monocytes","Naive B cells","THBS1","CD47",0.0433305902148819,0,"THBS1_CD47","THBS1 - CD47","THBS","ECM-Receptor","KEGG: hsa04512"
"Classical Monocytes","C1Q+ Monocytes","ITGB2","ICAM1",0.0432613875604022,0,"ITGB2_ICAM1","ITGB2 - ICAM1","ITGB2","Cell-Cell Contact","KEGG: hsa04514"
"Plasma cells","Naive B cells","HLA-C","CD8A",0.0432096140889447,0,"HLA-C_CD8A","HLA-C - CD8A","MHC-I","Cell-Cell Contact","KEGG: hsa04514"
"Regulatory / Activated CD4 T cells","Classical Monocytes","TGFB1","ACVR1B_TGFbR2",0.0431928012958511,0,"TGFB1_ACVR1B_TGFBR2","TGFB1 - (ACVR1B+TGFBR2)","TGFb","Secreted Signaling","PMID: 27449815"
"C1Q+ Monocytes","Classical Monocytes","HLA-DRB1","CD4",0.0431092714604895,0,"HLA-DRB1_CD4","HLA-DRB1 - CD4","MHC-II","Cell-Cell Contact","KEGG: hsa04514"
"C1Q+ Monocytes","Monocytes","APP","CD74",0.0430684640008108,0,"APP_CD74","APP - CD74","APP","Cell-Cell Contact","PMID: 19849849"
"Monocytes","Myeloid cells","TGFB1","TGFbR1_R2",0.0430117183825775,0,"TGFB1_TGFBR1_TGFBR2","TGFB1 - (TGFBR1+TGFBR2)","TGFb","Secreted Signaling","KEGG: hsa04350"
"Naive B cells","Naive B cells","HLA-E","CD8A",0.0429304934424488,0,"HLA-E_CD8A","HLA-E - CD8A","MHC-I","Cell-Cell Contact","KEGG: hsa04514"
"Monocytes","NK-like cells","HLA-E","CD94:NKG2E",0.0428896043267066,0,"HLA-E_CD94:NKG2E","HLA-E - CD94:NKG2E","MHC-I","Cell-Cell Contact","PMID: 28484462"
"Naive B cells","NK-like cells","CLEC2D","KLRB1",0.0428043110466432,0,"CLEC2D_KLRB1","CLEC2D - KLRB1","CLEC","Cell-Cell Contact","PMID: 24223577"
"Classical Monocytes","NK-like cells","TGFB1","TGFbR1_R2",0.0427828910529494,0,"TGFB1_TGFBR1_TGFBR2","TGFB1 - (TGFBR1+TGFBR2)","TGFb","Secreted Signaling","KEGG: hsa04350"
"Regulatory / Activated CD4 T cells","Platelets","ITGB2","CD226",0.0427773594138975,0,"ITGB2_CD226","ITGB2 - CD226","ITGB2","Cell-Cell Contact","KEGG: hsa04514"
"Monocytes","Myeloid cells","TGFB1","ACVR1B_TGFbR2",0.0427751158027027,0,"TGFB1_ACVR1B_TGFBR2","TGFB1 - (ACVR1B+TGFBR2)","TGFb","Secreted Signaling","PMID: 27449815"
"MAIT / CD161-like T cells","Classical Monocytes","NAMPT","ITGA5_ITGB1",0.0427308970023079,0,"NAMPT_ITGA5_ITGB1","NAMPT - (ITGA5+ITGB1)","VISFATIN","Secreted Signaling","PMID: 28490838"
"Conventional Dendritic Cells","Naive B cells","NAMPT","ITGA5_ITGB1",0.0426482958542461,0,"NAMPT_ITGA5_ITGB1","NAMPT - (ITGA5+ITGB1)","VISFATIN","Secreted Signaling","PMID: 28490838"
"C1Q+ Monocytes","C1Q+ Monocytes","ITGB2","ICAM1",0.0425398404246948,0,"ITGB2_ICAM1","ITGB2 - ICAM1","ITGB2","Cell-Cell Contact","KEGG: hsa04514"
"Gamma-delta Cytotoxic T cells","Regulatory / Activated CD4 T cells","HLA-DQA1","CD4",0.0425008173355649,0,"HLA-DQA1_CD4","HLA-DQA1 - CD4","MHC-II","Cell-Cell Contact","KEGG: hsa04514"
"Classical Monocytes","C1Q+ Monocytes","NAMPT","ITGA5_ITGB1",0.042435386090213,0,"NAMPT_ITGA5_ITGB1","NAMPT - (ITGA5+ITGB1)","VISFATIN","Secreted Signaling","PMID: 28490838"
"Classical Monocytes","C1Q+ Monocytes","THBS1","CD47",0.0424182928492514,0,"THBS1_CD47","THBS1 - CD47","THBS","ECM-Receptor","KEGG: hsa04512"
"C1Q+ Monocytes","Naive B cells","HLA-E","CD8A",0.0422930748209515,0,"HLA-E_CD8A","HLA-E - CD8A","MHC-I","Cell-Cell Contact","KEGG: hsa04514"
"Conventional Dendritic Cells","Naive B cells","HLA-C","CD8A",0.0422496972345568,0,"HLA-C_CD8A","HLA-C - CD8A","MHC-I","Cell-Cell Contact","KEGG: hsa04514"
"Naive B cells","NK cells","TGFB1","TGFbR1_R2",0.042210455867452,0,"TGFB1_TGFBR1_TGFBR2","TGFB1 - (TGFBR1+TGFBR2)","TGFb","Secreted Signaling","KEGG: hsa04350"
"NK cells","NK cells","TGFB1","TGFbR1_R2",0.042205409471896,0,"TGFB1_TGFBR1_TGFBR2","TGFB1 - (TGFBR1+TGFBR2)","TGFb","Secreted Signaling","KEGG: hsa04350"
"Regulatory / Activated CD4 T cells","Myeloid cells","CD99","PILRA",0.0421656022047914,0,"CD99_PILRA","CD99 - PILRA","CD99","Cell-Cell Contact","PMID: 18234675"
"Gamma-delta Cytotoxic T cells","NK-like cells","HLA-E","CD94:NKG2E",0.042094804291564,0,"HLA-E_CD94:NKG2E","HLA-E - CD94:NKG2E","MHC-I","Cell-Cell Contact","PMID: 28484462"
"Monocytes","Myeloid cells","CD99","PILRA",0.0420839888586356,0,"CD99_PILRA","CD99 - PILRA","CD99","Cell-Cell Contact","PMID: 18234675"
"Conventional Dendritic Cells","Conventional Dendritic Cells","NAMPT","ITGA5_ITGB1",0.0420570691458327,0.01,"NAMPT_ITGA5_ITGB1","NAMPT - (ITGA5+ITGB1)","VISFATIN","Secreted Signaling","PMID: 28490838"
"Myeloid cells","C1Q+ Monocytes","NAMPT","ITGA5_ITGB1",0.0420057963939438,0,"NAMPT_ITGA5_ITGB1","NAMPT - (ITGA5+ITGB1)","VISFATIN","Secreted Signaling","PMID: 28490838"
"Gamma-delta Cytotoxic T cells","Classical Monocytes","HLA-DPB1","CD4",0.0419435761320081,0,"HLA-DPB1_CD4","HLA-DPB1 - CD4","MHC-II","Cell-Cell Contact","KEGG: hsa04514"
"NK cells","Conventional Dendritic Cells","CD99","PILRA",0.0419188582678387,0,"CD99_PILRA","CD99 - PILRA","CD99","Cell-Cell Contact","PMID: 18234675"
"NK-like cells","Monocytes","TGFB1","TGFbR1_R2",0.0419012319030766,0,"TGFB1_TGFBR1_TGFBR2","TGFB1 - (TGFBR1+TGFBR2)","TGFb","Secreted Signaling","KEGG: hsa04350"
"Plasma cells","Myeloid cells","COL4A4","CD44",0.0418987140373277,0,"COL4A4_CD44","COL4A4 - CD44","COLLAGEN","ECM-Receptor","KEGG: hsa04512"
"MAIT / CD161-like T cells","C1Q+ Monocytes","HLA-F","LILRB1",0.0418490651987307,0,"HLA-F_LILRB1","HLA-F - LILRB1","MHC-I","Cell-Cell Contact","PMID: 28484462"
"Plasma cells","NK-like cells","HLA-E","CD94:NKG2C",0.041841799934532,0,"HLA-E_CD94:NKG2C","HLA-E - CD94:NKG2C","MHC-I","Cell-Cell Contact","PMID: 28484462"
"Naive CD4 T cells","NK-like cells","HLA-E","CD94:NKG2C",0.0417516159825299,0,"HLA-E_CD94:NKG2C","HLA-E - CD94:NKG2C","MHC-I","Cell-Cell Contact","PMID: 28484462"
"Naive CD4 T cells","Naive B cells","HLA-C","CD8A",0.0417391960764621,0,"HLA-C_CD8A","HLA-C - CD8A","MHC-I","Cell-Cell Contact","KEGG: hsa04514"
"Classical Monocytes","Regulatory / Activated CD4 T cells","HLA-DRA","CD4",0.0417254064621118,0,"HLA-DRA_CD4","HLA-DRA - CD4","MHC-II","Cell-Cell Contact","KEGG: hsa04514"
"Conventional Dendritic Cells","Classical Monocytes","HLA-DMA","CD4",0.0416989813680179,0,"HLA-DMA_CD4","HLA-DMA - CD4","MHC-II","Cell-Cell Contact","KEGG: hsa04514"
"Monocytes","Conventional Dendritic Cells","HLA-DPA1","CD4",0.0415652701872238,0,"HLA-DPA1_CD4","HLA-DPA1 - CD4","MHC-II","Cell-Cell Contact","KEGG: hsa04514"
"Naive B cells","Conventional Dendritic Cells","CD99","PILRA",0.041560931480066,0,"CD99_PILRA","CD99 - PILRA","CD99","Cell-Cell Contact","PMID: 18234675"
"MAIT / CD161-like T cells","Plasma cells","TGFB1","TGFbR1_R2",0.0415601717868554,0,"TGFB1_TGFBR1_TGFBR2","TGFB1 - (TGFBR1+TGFBR2)","TGFb","Secreted Signaling","KEGG: hsa04350"
"C1Q+ Monocytes","Myeloid cells","LGALS9","HAVCR2",0.0415321196276493,0,"LGALS9_HAVCR2","LGALS9 - HAVCR2","GALECTIN","Secreted Signaling","PMID: 27192565"
"C1Q+ Monocytes","Monocytes","ICAM1","ITGAX_ITGB2",0.0415304203613792,0,"ICAM1_ITGAX_ITGB2","ICAM1 - (ITGAX+ITGB2)","ICAM","Cell-Cell Contact","PMID: 16252253"
"NK-like cells","Monocytes","CCL5","CCR1",0.0414391129420417,0,"CCL5_CCR1","CCL5 - CCR1","CCL","Secreted Signaling","KEGG: hsa04060"
"NK-like cells","NK cells","HLA-C","KIR2DS4",0.0414063480749706,0,"HLA-C_KIR2DS4","HLA-C - KIR2DS4","MHC-I","Cell-Cell Contact","PMID: 28484462"
"NK cells","Naive B cells","ITGB2","CD226",0.0414049990788026,0,"ITGB2_CD226","ITGB2 - CD226","ITGB2","Cell-Cell Contact","KEGG: hsa04514"
"Monocytes","NK-like cells","LGALS9","CD44",0.0413708855720439,0,"LGALS9_CD44","LGALS9 - CD44","GALECTIN","Secreted Signaling","PMID: 25065622"
"Myeloid cells","C1Q+ Monocytes","CD99","PILRA",0.0413330824462347,0,"CD99_PILRA","CD99 - PILRA","CD99","Cell-Cell Contact","PMID: 18234675"
"Platelets","Naive B cells","GP1BA","ITGAM_ITGB2",0.0413170177773107,0,"GP1BA_ITGAM_ITGB2","GP1BA - (ITGAM+ITGB2)","GP1BA","Cell-Cell Contact","PMC2194217"
"Myeloid cells","Classical Monocytes","TGFB1","TGFbR1_R2",0.0413104724928361,0,"TGFB1_TGFBR1_TGFBR2","TGFB1 - (TGFBR1+TGFBR2)","TGFb","Secreted Signaling","KEGG: hsa04350"
"Monocytes","Monocytes","TGFB1","TGFbR1_R2",0.041303150697718,0,"TGFB1_TGFBR1_TGFBR2","TGFB1 - (TGFBR1+TGFBR2)","TGFb","Secreted Signaling","KEGG: hsa04350"
"Platelets","NK-like cells","CLEC1B","KLRB1",0.0412696921706373,0,"CLEC1B_KLRB1","CLEC1B - KLRB1","CLEC","Cell-Cell Contact","PMID: 24223577"
"C1Q+ Monocytes","NK-like cells","CLEC2B","KLRB1",0.0411473269786548,0,"CLEC2B_KLRB1","CLEC2B - KLRB1","CLEC","Cell-Cell Contact","PMID: 24223577"
"Classical Monocytes","Naive B cells","HLA-A","CD8A",0.0411136040087276,0,"HLA-A_CD8A","HLA-A - CD8A","MHC-I","Cell-Cell Contact","KEGG: hsa04514"
"Monocytes","Naive B cells","ITGB2","CD226",0.0410451976245385,0,"ITGB2_CD226","ITGB2 - CD226","ITGB2","Cell-Cell Contact","KEGG: hsa04514"
"MAIT / CD161-like T cells","Naive CD4 T cells","TGFB1","TGFbR1_R2",0.0410122745875574,0,"TGFB1_TGFBR1_TGFBR2","TGFB1 - (TGFBR1+TGFBR2)","TGFb","Secreted Signaling","KEGG: hsa04350"
"Classical Monocytes","C1Q+ Monocytes","LGALS9","CD44",0.0410020755694234,0,"LGALS9_CD44","LGALS9 - CD44","GALECTIN","Secreted Signaling","PMID: 25065622"
"C1Q+ Monocytes","Classical Monocytes","HLA-DPA1","CD4",0.0409852740111539,0,"HLA-DPA1_CD4","HLA-DPA1 - CD4","MHC-II","Cell-Cell Contact","KEGG: hsa04514"
"Naive B cells","MAIT / CD161-like T cells","HLA-F","CD8A",0.0409790126139221,0,"HLA-F_CD8A","HLA-F - CD8A","MHC-I","Cell-Cell Contact","KEGG: hsa04514"
"Classical Monocytes","Regulatory / Activated CD4 T cells","HLA-DRB1","CD4",0.0409166004110492,0,"HLA-DRB1_CD4","HLA-DRB1 - CD4","MHC-II","Cell-Cell Contact","KEGG: hsa04514"
"Plasma cells","Classical Monocytes","HLA-DQA1","CD4",0.0409147309127391,0,"HLA-DQA1_CD4","HLA-DQA1 - CD4","MHC-II","Cell-Cell Contact","KEGG: hsa04514"
"Classical Monocytes","NK-like cells","HLA-E","CD94:NKG2E",0.0409029351392972,0,"HLA-E_CD94:NKG2E","HLA-E - CD94:NKG2E","MHC-I","Cell-Cell Contact","PMID: 28484462"
"NK cells","Naive B cells","HLA-B","CD8B",0.040892800737387,0,"HLA-B_CD8B","HLA-B - CD8B","MHC-I","Cell-Cell Contact","KEGG: hsa04514"
"Regulatory / Activated CD4 T cells","Classical Monocytes","TGFB1","TGFbR1_R2",0.040882651210617,0,"TGFB1_TGFBR1_TGFBR2","TGFB1 - (TGFBR1+TGFBR2)","TGFb","Secreted Signaling","KEGG: hsa04350"
"Myeloid cells","MAIT / CD161-like T cells","HLA-A","CD8A",0.0408024762335336,0,"HLA-A_CD8A","HLA-A - CD8A","MHC-I","Cell-Cell Contact","KEGG: hsa04514"
"C1Q+ Monocytes","C1Q+ Monocytes","ICAM1","ITGAX_ITGB2",0.0407956458597332,0,"ICAM1_ITGAX_ITGB2","ICAM1 - (ITGAX+ITGB2)","ICAM","Cell-Cell Contact","PMID: 16252253"
"Classical Monocytes","Conventional Dendritic Cells","THBS1","CD36",0.0407449047312446,0,"THBS1_CD36","THBS1 - CD36","THBS","ECM-Receptor","KEGG: hsa04512"
"MAIT / CD161-like T cells","C1Q+ Monocytes","TGFB1","TGFbR1_R2",0.0406708911014135,0,"TGFB1_TGFBR1_TGFBR2","TGFB1 - (TGFBR1+TGFBR2)","TGFb","Secreted Signaling","KEGG: hsa04350"
"Classical Monocytes","Monocytes","LGALS9","CD44",0.0406582452031981,0,"LGALS9_CD44","LGALS9 - CD44","GALECTIN","Secreted Signaling","PMID: 25065622"
"NK cells","NK cells","CLEC2D","KLRB1",0.0406501797263715,0,"CLEC2D_KLRB1","CLEC2D - KLRB1","CLEC","Cell-Cell Contact","PMID: 24223577"
"NK cells","Naive CD4 T cells","HLA-B","CD8B",0.0405618803394856,0,"HLA-B_CD8B","HLA-B - CD8B","MHC-I","Cell-Cell Contact","KEGG: hsa04514"
"NK-like cells","NK cells","TGFB1","TGFbR1_R2",0.0405035606110691,0,"TGFB1_TGFBR1_TGFBR2","TGFB1 - (TGFBR1+TGFBR2)","TGFb","Secreted Signaling","KEGG: hsa04350"
"C1Q+ Monocytes","C1Q+ Monocytes","APP","CD74",0.0404913796107793,0.01,"APP_CD74","APP - CD74","APP","Cell-Cell Contact","PMID: 19849849"
"MAIT / CD161-like T cells","NK-like cells","CLEC2B","KLRB1",0.0404182149834897,0,"CLEC2B_KLRB1","CLEC2B - KLRB1","CLEC","Cell-Cell Contact","PMID: 24223577"
"Gamma-delta Cytotoxic T cells","Naive B cells","CD69","KLRB1",0.0403723044548899,0,"CLEC2C_KLRB1","CLEC2C - KLRB1","CLEC","Cell-Cell Contact","PMID: 24223577"
"Plasma cells","C1Q+ Monocytes","HLA-DMB","CD4",0.0403194763895658,0,"HLA-DMB_CD4","HLA-DMB - CD4","MHC-II","Cell-Cell Contact","KEGG: hsa04514"
"Regulatory / Activated CD4 T cells","Monocytes","NAMPT","ITGA5_ITGB1",0.0403138592302516,0,"NAMPT_ITGA5_ITGB1","NAMPT - (ITGA5+ITGB1)","VISFATIN","Secreted Signaling","PMID: 28490838"
"Naive B cells","Monocytes","TGFB1","ACVR1B_TGFbR2",0.0402621747162249,0,"TGFB1_ACVR1B_TGFBR2","TGFB1 - (ACVR1B+TGFBR2)","TGFb","Secreted Signaling","PMID: 27449815"
"NK cells","Monocytes","TGFB1","ACVR1B_TGFbR2",0.0402573121512442,0,"TGFB1_ACVR1B_TGFBR2","TGFB1 - (ACVR1B+TGFBR2)","TGFb","Secreted Signaling","PMID: 27449815"
"Monocytes","Platelets","THBS1","CD36",0.0401705646388624,0,"THBS1_CD36","THBS1 - CD36","THBS","ECM-Receptor","KEGG: hsa04512"
"Naive B cells","Naive B cells","HLA-B","CD8B",0.0401570832952553,0,"HLA-B_CD8B","HLA-B - CD8B","MHC-I","Cell-Cell Contact","KEGG: hsa04514"
"NK-like cells","NK cells","HLA-E","CD94:NKG2C",0.0400842378603534,0,"HLA-E_CD94:NKG2C","HLA-E - CD94:NKG2C","MHC-I","Cell-Cell Contact","PMID: 28484462"
"Monocytes","NK cells","TGFB1","TGFbR1_R2",0.0399828348098386,0,"TGFB1_TGFBR1_TGFBR2","TGFB1 - (TGFBR1+TGFBR2)","TGFb","Secreted Signaling","KEGG: hsa04350"
"Classical Monocytes","NK-like cells","THBS1","CD47",0.0399814193022762,0,"THBS1_CD47","THBS1 - CD47","THBS","ECM-Receptor","KEGG: hsa04512"
"Monocytes","Naive CD4 T cells","THBS1","CD47",0.0399678632668705,0,"THBS1_CD47","THBS1 - CD47","THBS","ECM-Receptor","KEGG: hsa04512"
"C1Q+ Monocytes","C1Q+ Monocytes","HLA-F","LILRB1",0.0399514620298762,0,"HLA-F_LILRB1","HLA-F - LILRB1","MHC-I","Cell-Cell Contact","PMID: 28484462"
"Conventional Dendritic Cells","Myeloid cells","LGALS9","HAVCR2",0.0399512872418057,0,"LGALS9_HAVCR2","LGALS9 - HAVCR2","GALECTIN","Secreted Signaling","PMID: 27192565"
"MAIT / CD161-like T cells","Naive B cells","HLA-E","CD8A",0.0399178076586856,0,"HLA-E_CD8A","HLA-E - CD8A","MHC-I","Cell-Cell Contact","KEGG: hsa04514"
"Naive B cells","Naive CD4 T cells","HLA-B","CD8B",0.0398318693496132,0,"HLA-B_CD8B","HLA-B - CD8B","MHC-I","Cell-Cell Contact","KEGG: hsa04514"
"MAIT / CD161-like T cells","Naive B cells","HLA-B","CD8B",0.0396743822978068,0,"HLA-B_CD8B","HLA-B - CD8B","MHC-I","Cell-Cell Contact","KEGG: hsa04514"
"Myeloid cells","Myeloid cells","APP","CD74",0.0396539366044317,0,"APP_CD74","APP - CD74","APP","Cell-Cell Contact","PMID: 19849849"
"Naive CD4 T cells","C1Q+ Monocytes","CD99","PILRA",0.03964490711783,0,"CD99_PILRA","CD99 - PILRA","CD99","Cell-Cell Contact","PMID: 18234675"
"Conventional Dendritic Cells","NK cells","HLA-E","CD94:NKG2C",0.0396274985452373,0,"HLA-E_CD94:NKG2C","HLA-E - CD94:NKG2C","MHC-I","Cell-Cell Contact","PMID: 28484462"
"Gamma-delta Cytotoxic T cells","Conventional Dendritic Cells","HLA-DMB","CD4",0.0396178153498524,0,"HLA-DMB_CD4","HLA-DMB - CD4","MHC-II","Cell-Cell Contact","KEGG: hsa04514"
"Naive CD4 T cells","Naive B cells","HLA-A","CD8A",0.0396046829194629,0,"HLA-A_CD8A","HLA-A - CD8A","MHC-I","Cell-Cell Contact","KEGG: hsa04514"
"C1Q+ Monocytes","C1Q+ Monocytes","NAMPT","ITGA5_ITGB1",0.0395715970330781,0,"NAMPT_ITGA5_ITGB1","NAMPT - (ITGA5+ITGB1)","VISFATIN","Secreted Signaling","PMID: 28490838"
"Platelets","NK cells","HLA-B","KIR3DL2",0.0395084851502676,0,"HLA-B_KIR3DL2","HLA-B - KIR3DL2","MHC-I","Cell-Cell Contact","PMID: 28484462"
"Plasma cells","Regulatory / Activated CD4 T cells","HLA-DPA1","CD4",0.0394866230314587,0,"HLA-DPA1_CD4","HLA-DPA1 - CD4","MHC-II","Cell-Cell Contact","KEGG: hsa04514"
"Plasma cells","Classical Monocytes","NAMPT","ITGA5_ITGB1",0.0394858340689295,0,"NAMPT_ITGA5_ITGB1","NAMPT - (ITGA5+ITGB1)","VISFATIN","Secreted Signaling","PMID: 28490838"
"Myeloid cells","MAIT / CD161-like T cells","CD86","CD28",0.0394350627671601,0,"CD86_CD28","CD86 - CD28","CD86","Cell-Cell Contact","PMID: 23954143"
"MAIT / CD161-like T cells","Naive CD4 T cells","HLA-B","CD8B",0.0393529172543188,0,"HLA-B_CD8B","HLA-B - CD8B","MHC-I","Cell-Cell Contact","KEGG: hsa04514"
"NK cells","Naive B cells","HLA-C","CD8B",0.0393471982769947,0,"HLA-C_CD8B","HLA-C - CD8B","MHC-I","Cell-Cell Contact","KEGG: hsa04514"
"Monocytes","NK-like cells","HLA-E","CD94:NKG2C",0.0393268983237706,0,"HLA-E_CD94:NKG2C","HLA-E - CD94:NKG2C","MHC-I","Cell-Cell Contact","PMID: 28484462"
"C1Q+ Monocytes","Conventional Dendritic Cells","HLA-DPB1","CD4",0.0392575569149972,0,"HLA-DPB1_CD4","HLA-DPB1 - CD4","MHC-II","Cell-Cell Contact","KEGG: hsa04514"
"Plasma cells","Regulatory / Activated CD4 T cells","HLA-DQB1","CD4",0.0391940466288869,0,"HLA-DQB1_CD4","HLA-DQB1 - CD4","MHC-II","Cell-Cell Contact","KEGG: hsa04514"
"Myeloid cells","MAIT / CD161-like T cells","APP","CD74",0.0391531233725726,0,"APP_CD74","APP - CD74","APP","Cell-Cell Contact","PMID: 19849849"
"Myeloid cells","NK-like cells","TGFB1","TGFbR1_R2",0.0391395582314891,0,"TGFB1_TGFBR1_TGFBR2","TGFB1 - (TGFBR1+TGFBR2)","TGFb","Secreted Signaling","KEGG: hsa04350"
"NK-like cells","NK-like cells","CLEC2B","KLRB1",0.0391303664623779,0,"CLEC2B_KLRB1","CLEC2B - KLRB1","CLEC","Cell-Cell Contact","PMID: 24223577"
"Gamma-delta Cytotoxic T cells","Classical Monocytes","HLA-DQA1","CD4",0.0391256290888932,0,"HLA-DQA1_CD4","HLA-DQA1 - CD4","MHC-II","Cell-Cell Contact","KEGG: hsa04514"
"C1Q+ Monocytes","Naive B cells","HLA-A","CD8A",0.0390335118602646,0,"HLA-A_CD8A","HLA-A - CD8A","MHC-I","Cell-Cell Contact","KEGG: hsa04514"
"NK cells","Naive CD4 T cells","HLA-C","CD8B",0.0390282765298627,0,"HLA-C_CD8B","HLA-C - CD8B","MHC-I","Cell-Cell Contact","KEGG: hsa04514"
"Classical Monocytes","Regulatory / Activated CD4 T cells","APP","CD74",0.0389678150017272,0,"APP_CD74","APP - CD74","APP","Cell-Cell Contact","PMID: 19849849"
"Conventional Dendritic Cells","C1Q+ Monocytes","ITGB2","ICAM1",0.03892205591891,0,"ITGB2_ICAM1","ITGB2 - ICAM1","ITGB2","Cell-Cell Contact","KEGG: hsa04514"
"Plasma cells","Naive B cells","HLA-A","CD8A",0.0388895458716015,0,"HLA-A_CD8A","HLA-A - CD8A","MHC-I","Cell-Cell Contact","KEGG: hsa04514"
"Conventional Dendritic Cells","Regulatory / Activated CD4 T cells","HLA-DMB","CD4",0.0388861258519213,0,"HLA-DMB_CD4","HLA-DMB - CD4","MHC-II","Cell-Cell Contact","KEGG: hsa04514"
"Plasma cells","Classical Monocytes","CD99","PILRA",0.0388509836902324,0,"CD99_PILRA","CD99 - PILRA","CD99","Cell-Cell Contact","PMID: 18234675"
"Monocytes","C1Q+ Monocytes","THBS1","CD47",0.0388246101083607,0,"THBS1_CD47","THBS1 - CD47","THBS","ECM-Receptor","KEGG: hsa04512"
"Regulatory / Activated CD4 T cells","NK-like cells","TGFB1","TGFbR1_R2",0.0386804096504992,0,"TGFB1_TGFBR1_TGFBR2","TGFB1 - (TGFBR1+TGFBR2)","TGFb","Secreted Signaling","KEGG: hsa04350"
"Conventional Dendritic Cells","MAIT / CD161-like T cells","CD69","KLRB1",0.0386369703775192,0,"CLEC2C_KLRB1","CLEC2C - KLRB1","CLEC","Cell-Cell Contact","PMID: 24223577"
"Regulatory / Activated CD4 T cells","Naive B cells","HLA-E","CD8A",0.038631436725046,0,"HLA-E_CD8A","HLA-E - CD8A","MHC-I","Cell-Cell Contact","KEGG: hsa04514"
"NK-like cells","Monocytes","TGFB1","ACVR1B_TGFbR2",0.0386181345217551,0,"TGFB1_ACVR1B_TGFBR2","TGFB1 - (ACVR1B+TGFBR2)","TGFb","Secreted Signaling","PMID: 27449815"
"MAIT / CD161-like T cells","Monocytes","NAMPT","ITGA5_ITGB1",0.0386057463021054,0,"NAMPT_ITGA5_ITGB1","NAMPT - (ITGA5+ITGB1)","VISFATIN","Secreted Signaling","PMID: 28490838"
"Gamma-delta Cytotoxic T cells","NK-like cells","HLA-E","CD94:NKG2C",0.0385954575366049,0,"HLA-E_CD94:NKG2C","HLA-E - CD94:NKG2C","MHC-I","Cell-Cell Contact","PMID: 28484462"
"Classical Monocytes","Classical Monocytes","HLA-DRA","CD4",0.0384093270185522,0,"HLA-DRA_CD4","HLA-DRA - CD4","MHC-II","Cell-Cell Contact","KEGG: hsa04514"
"Monocytes","Conventional Dendritic Cells","HLA-DPB1","CD4",0.0384014326975183,0,"HLA-DPB1_CD4","HLA-DPB1 - CD4","MHC-II","Cell-Cell Contact","KEGG: hsa04514"
"MAIT / CD161-like T cells","Naive B cells","CD69","KLRB1",0.0383872078153,0,"CLEC2C_KLRB1","CLEC2C - KLRB1","CLEC","Cell-Cell Contact","PMID: 24223577"
"NK-like cells","Classical Monocytes","CCL5","CCR1",0.0383773739271868,0,"CCL5_CCR1","CCL5 - CCR1","CCL","Secreted Signaling","KEGG: hsa04060"
"Classical Monocytes","Naive B cells","ITGB2","CD226",0.0383700989358795,0,"ITGB2_CD226","ITGB2 - CD226","ITGB2","Cell-Cell Contact","KEGG: hsa04514"
"Plasma cells","Classical Monocytes","COL4A4","CD44",0.0383674673991833,0,"COL4A4_CD44","COL4A4 - CD44","COLLAGEN","ECM-Receptor","KEGG: hsa04512"
"Plasma cells","Monocytes","HLA-DMB","CD4",0.0383594201122727,0,"HLA-DMB_CD4","HLA-DMB - CD4","MHC-II","Cell-Cell Contact","KEGG: hsa04514"
"Naive CD4 T cells","NK-like cells","CLEC2B","KLRB1",0.0383089417526718,0,"CLEC2B_KLRB1","CLEC2B - KLRB1","CLEC","Cell-Cell Contact","PMID: 24223577"
"C1Q+ Monocytes","NK cells","LGALS9","CD44",0.0381856556067781,0,"LGALS9_CD44","LGALS9 - CD44","GALECTIN","Secreted Signaling","PMID: 25065622"
"MAIT / CD161-like T cells","Myeloid cells","CD99","PILRA",0.0381563906625613,0,"CD99_PILRA","CD99 - PILRA","CD99","Cell-Cell Contact","PMID: 18234675"
"Platelets","Naive CD4 T cells","HLA-E","CD8A",0.0381467606391834,0,"HLA-E_CD8A","HLA-E - CD8A","MHC-I","Cell-Cell Contact","KEGG: hsa04514"
"Classical Monocytes","Gamma-delta Cytotoxic T cells","TNFSF13B","TNFRSF13C",0.0381246381484876,0,"TNFSF13B_TNFRSF13C","TNFSF13B - TNFRSF13C","BAFF","Secreted Signaling","KEGG: hsa04060"
"C1Q+ Monocytes","Conventional Dendritic Cells","ICAM1","ITGAX_ITGB2",0.038079464859169,0,"ICAM1_ITGAX_ITGB2","ICAM1 - (ITGAX+ITGB2)","ICAM","Cell-Cell Contact","PMID: 16252253"
"Gamma-delta Cytotoxic T cells","Regulatory / Activated CD4 T cells","HLA-DPA1","CD4",0.0380590808691384,0,"HLA-DPA1_CD4","HLA-DPA1 - CD4","MHC-II","Cell-Cell Contact","KEGG: hsa04514"
"Monocytes","MAIT / CD161-like T cells","HLA-F","CD8A",0.0380517071972527,0,"HLA-F_CD8A","HLA-F - CD8A","MHC-I","Cell-Cell Contact","KEGG: hsa04514"
"Monocytes","Monocytes","TGFB1","ACVR1B_TGFbR2",0.0380454828931133,0,"TGFB1_ACVR1B_TGFBR2","TGFB1 - (ACVR1B+TGFBR2)","TGFb","Secreted Signaling","PMID: 27449815"
"MAIT / CD161-like T cells","Gamma-delta Cytotoxic T cells","TGFB1","TGFbR1_R2",0.0380295313771689,0,"TGFB1_TGFBR1_TGFBR2","TGFB1 - (TGFBR1+TGFBR2)","TGFb","Secreted Signaling","KEGG: hsa04350"
"Gamma-delta Cytotoxic T cells","Regulatory / Activated CD4 T cells","HLA-DQB1","CD4",0.038001015936631,0,"HLA-DQB1_CD4","HLA-DQB1 - CD4","MHC-II","Cell-Cell Contact","KEGG: hsa04514"
"Platelets","Monocytes","THBS1","CD47",0.037930333402457,0,"THBS1_CD47","THBS1 - CD47","THBS","ECM-Receptor","KEGG: hsa04512"
"Monocytes","Myeloid cells","APP","CD74",0.0378370988292007,0,"APP_CD74","APP - CD74","APP","Cell-Cell Contact","PMID: 19849849"
"Plasma cells","Monocytes","CD99","PILRA",0.037733880217777,0,"CD99_PILRA","CD99 - PILRA","CD99","Cell-Cell Contact","PMID: 18234675"
"C1Q+ Monocytes","Naive B cells","ITGB2","CD226",0.0377269155644902,0,"ITGB2_CD226","ITGB2 - CD226","ITGB2","Cell-Cell Contact","KEGG: hsa04514"
"Monocytes","Naive B cells","HLA-B","CD8B",0.0377018991406744,0,"HLA-B_CD8B","HLA-B - CD8B","MHC-I","Cell-Cell Contact","KEGG: hsa04514"
"Classical Monocytes","Classical Monocytes","HLA-DRB1","CD4",0.0376622736105812,0,"HLA-DRB1_CD4","HLA-DRB1 - CD4","MHC-II","Cell-Cell Contact","KEGG: hsa04514"
"Platelets","Naive B cells","HLA-C","CD8B",0.0376052615446882,0,"HLA-C_CD8B","HLA-C - CD8B","MHC-I","Cell-Cell Contact","KEGG: hsa04514"
"NK cells","Naive B cells","HLA-E","KLRC2",0.037604971903358,0,"HLA-E_KLRC2","HLA-E - KLRC2","MHC-I","Cell-Cell Contact","PMID: 26697006"
"Classical Monocytes","NK-like cells","HLA-E","CD94:NKG2C",0.0374987899669291,0,"HLA-E_CD94:NKG2C","HLA-E - CD94:NKG2C","MHC-I","Cell-Cell Contact","PMID: 28484462"
"Conventional Dendritic Cells","Naive B cells","HLA-A","CD8A",0.037420846050115,0,"HLA-A_CD8A","HLA-A - CD8A","MHC-I","Cell-Cell Contact","KEGG: hsa04514"
"Monocytes","Naive CD4 T cells","HLA-B","CD8B",0.0373957939498415,0,"HLA-B_CD8B","HLA-B - CD8B","MHC-I","Cell-Cell Contact","KEGG: hsa04514"
"Gamma-delta Cytotoxic T cells","C1Q+ Monocytes","HLA-DMA","CD4",0.0373720714713594,0,"HLA-DMA_CD4","HLA-DMA - CD4","MHC-II","Cell-Cell Contact","KEGG: hsa04514"
"Monocytes","MAIT / CD161-like T cells","APP","CD74",0.0373583389083622,0,"APP_CD74","APP - CD74","APP","Cell-Cell Contact","PMID: 19849849"
"Platelets","Naive CD4 T cells","HLA-C","CD8B",0.0372999105509221,0,"HLA-C_CD8B","HLA-C - CD8B","MHC-I","Cell-Cell Contact","KEGG: hsa04514"
"Monocytes","Conventional Dendritic Cells","THBS1","CD36",0.0372874712307055,0,"THBS1_CD36","THBS1 - CD36","THBS","ECM-Receptor","KEGG: hsa04512"
"Platelets","Monocytes","TGFB1","ACVR1_TGFbR",0.0371424884609121,0,"TGFB1_ACVR1_TGFBR1","TGFB1 - (ACVR1+TGFBR1)","TGFb","Secreted Signaling","PMID: 29376829"
"Platelets","Myeloid cells","PECAM1","PECAM1",0.0371388907346148,0,"PECAM1_PECAM1","PECAM1 - PECAM1","PECAM1","Cell-Cell Contact","KEGG: hsa04514"
"Myeloid cells","Platelets","PECAM1","PECAM1",0.0371388907346148,0,"PECAM1_PECAM1","PECAM1 - PECAM1","PECAM1","Cell-Cell Contact","KEGG: hsa04514"
"Regulatory / Activated CD4 T cells","NK-like cells","CLEC2B","KLRB1",0.0371062668486683,0,"CLEC2B_KLRB1","CLEC2B - KLRB1","CLEC","Cell-Cell Contact","PMID: 24223577"
"C1Q+ Monocytes","Naive B cells","HLA-B","CD8B",0.037092337486283,0,"HLA-B_CD8B","HLA-B - CD8B","MHC-I","Cell-Cell Contact","KEGG: hsa04514"
"Gamma-delta Cytotoxic T cells","Naive B cells","HLA-C","CD8A",0.0370689217158177,0,"HLA-C_CD8A","HLA-C - CD8A","MHC-I","Cell-Cell Contact","KEGG: hsa04514"
"Conventional Dendritic Cells","Classical Monocytes","TGFB1","ACVR1B_TGFbR2",0.0370489543701849,0,"TGFB1_ACVR1B_TGFBR2","TGFB1 - (ACVR1B+TGFBR2)","TGFb","Secreted Signaling","PMID: 27449815"
"Monocytes","C1Q+ Monocytes","NAMPT","ITGA5_ITGB1",0.0370419749674845,0,"NAMPT_ITGA5_ITGB1","NAMPT - (ITGA5+ITGB1)","VISFATIN","Secreted Signaling","PMID: 28490838"
"NK-like cells","NK-like cells","HLA-E","CD94:NKG2E",0.0370265505365107,0,"HLA-E_CD94:NKG2E","HLA-E - CD94:NKG2E","MHC-I","Cell-Cell Contact","PMID: 28484462"
"C1Q+ Monocytes","MAIT / CD161-like T cells","CD86","CD28",0.036936680010292,0,"CD86_CD28","CD86 - CD28","CD86","Cell-Cell Contact","PMID: 23954143"
"Naive B cells","Naive B cells","HLA-C","CD8B",0.0369359333870345,0,"HLA-C_CD8B","HLA-C - CD8B","MHC-I","Cell-Cell Contact","KEGG: hsa04514"
"NK cells","NK cells","HLA-B","KIR3DL2",0.0368812265403368,0,"HLA-B_KIR3DL2","HLA-B - KIR3DL2","MHC-I","Cell-Cell Contact","PMID: 28484462"
"Classical Monocytes","Myeloid cells","TGFB1","TGFbR1_R2",0.0368641659716842,0,"TGFB1_TGFBR1_TGFBR2","TGFB1 - (TGFBR1+TGFBR2)","TGFb","Secreted Signaling","KEGG: hsa04350"
"C1Q+ Monocytes","NK cells","ICAM1","ITGAL_ITGB2",0.036839725470078,0,"ICAM1_ITGAL_ITGB2","ICAM1 - (ITGAL+ITGB2)","ICAM","Cell-Cell Contact","KEGG: hsa04514"
"Platelets","Platelets","ESAM","ESAM",0.0367926342446075,0,"ESAM_ESAM","ESAM - ESAM","ESAM","Cell-Cell Contact","KEGG: hsa04514; PMID: 11279107"
"C1Q+ Monocytes","Naive CD4 T cells","HLA-B","CD8B",0.0367909921670359,0,"HLA-B_CD8B","HLA-B - CD8B","MHC-I","Cell-Cell Contact","KEGG: hsa04514"
"Conventional Dendritic Cells","NK cells","LGALS9","CD44",0.0367273184076857,0,"LGALS9_CD44","LGALS9 - CD44","GALECTIN","Secreted Signaling","PMID: 25065622"
"Monocytes","C1Q+ Monocytes","HLA-DMA","CD4",0.0367037794711741,0,"HLA-DMA_CD4","HLA-DMA - CD4","MHC-II","Cell-Cell Contact","KEGG: hsa04514"
"Myeloid cells","Conventional Dendritic Cells","THBS1","CD47",0.0366771757768824,0,"THBS1_CD47","THBS1 - CD47","THBS","ECM-Receptor","KEGG: hsa04512"
"Classical Monocytes","Myeloid cells","TGFB1","ACVR1B_TGFbR2",0.0366605195296926,0,"TGFB1_ACVR1B_TGFBR2","TGFB1 - (ACVR1B+TGFBR2)","TGFb","Secreted Signaling","PMID: 27449815"
"Naive B cells","Naive CD4 T cells","HLA-C","CD8B",0.0366358103801462,0,"HLA-C_CD8B","HLA-C - CD8B","MHC-I","Cell-Cell Contact","KEGG: hsa04514"
"Conventional Dendritic Cells","NK-like cells","HLA-E","CD94:NKG2E",0.0366033234570973,0,"HLA-E_CD94:NKG2E","HLA-E - CD94:NKG2E","MHC-I","Cell-Cell Contact","PMID: 28484462"
"Monocytes","NK-like cells","THBS1","CD47",0.0365863008592145,0,"THBS1_CD47","THBS1 - CD47","THBS","ECM-Receptor","KEGG: hsa04512"
"Conventional Dendritic Cells","MAIT / CD161-like T cells","CD86","CD28",0.0365538417057254,0,"CD86_CD28","CD86 - CD28","CD86","Cell-Cell Contact","PMID: 23954143"
"Plasma cells","C1Q+ Monocytes","HLA-DMA","CD4",0.036498858964648,0,"HLA-DMA_CD4","HLA-DMA - CD4","MHC-II","Cell-Cell Contact","KEGG: hsa04514"
"Classical Monocytes","Myeloid cells","CD99","PILRA",0.0364803487713626,0,"CD99_PILRA","CD99 - PILRA","CD99","Cell-Cell Contact","PMID: 18234675"
"Plasma cells","Naive B cells","HLA-E","CD8A",0.0364690280069335,0,"HLA-E_CD8A","HLA-E - CD8A","MHC-I","Cell-Cell Contact","KEGG: hsa04514"
"Classical Monocytes","C1Q+ Monocytes","HLA-F","LILRB1",0.036463545253673,0,"HLA-F_LILRB1","HLA-F - LILRB1","MHC-I","Cell-Cell Contact","PMID: 28484462"
"Naive CD4 T cells","Naive B cells","HLA-E","CD8A",0.0363899844814285,0,"HLA-E_CD8A","HLA-E - CD8A","MHC-I","Cell-Cell Contact","KEGG: hsa04514"
"Plasma cells","Classical Monocytes","HLA-DPA1","CD4",0.0363417207259787,0,"HLA-DPA1_CD4","HLA-DPA1 - CD4","MHC-II","Cell-Cell Contact","KEGG: hsa04514"
"NK-like cells","NK-like cells","CD69","KLRB1",0.0363417081740922,0,"CLEC2C_KLRB1","CLEC2C - KLRB1","CLEC","Cell-Cell Contact","PMID: 24223577"
"Platelets","Naive B cells","HLA-A","CD8B",0.0362298432202186,0,"HLA-A_CD8B","HLA-A - CD8B","MHC-I","Cell-Cell Contact","KEGG: hsa04514"
"Naive B cells","NK cells","HLA-B","KIR3DL2",0.0362149575981096,0,"HLA-B_KIR3DL2","HLA-B - KIR3DL2","MHC-I","Cell-Cell Contact","PMID: 28484462"
"MAIT / CD161-like T cells","MAIT / CD161-like T cells","HLA-F","CD8A",0.0361169956939698,0,"HLA-F_CD8A","HLA-F - CD8A","MHC-I","Cell-Cell Contact","KEGG: hsa04514"
"Plasma cells","Classical Monocytes","HLA-DQB1","CD4",0.036071571397632,0,"HLA-DQB1_CD4","HLA-DQB1 - CD4","MHC-II","Cell-Cell Contact","KEGG: hsa04514"
"NK cells","Naive B cells","HLA-A","CD8B",0.0360540994652805,0,"HLA-A_CD8B","HLA-A - CD8B","MHC-I","Cell-Cell Contact","KEGG: hsa04514"
"Naive B cells","C1Q+ Monocytes","HLA-DPB1","CD4",0.0360463303679062,0,"HLA-DPB1_CD4","HLA-DPB1 - CD4","MHC-II","Cell-Cell Contact","KEGG: hsa04514"
"Plasma cells","C1Q+ Monocytes","COL4A4","CD44",0.0359556094650444,0,"COL4A4_CD44","COL4A4 - CD44","COLLAGEN","ECM-Receptor","KEGG: hsa04512"
"Platelets","NK-like cells","F11R","ITGAL_ITGB2",0.0359494035490558,0,"JAM1_ITGAL_ITGB2","JAM1 - (ITGAL+ITGB2)","JAM","Cell-Cell Contact","PMID: 11812992"
"Gamma-delta Cytotoxic T cells","NK-like cells","CLEC2B","KLRB1",0.0359403160756744,0,"CLEC2B_KLRB1","CLEC2B - KLRB1","CLEC","Cell-Cell Contact","PMID: 24223577"
"Platelets","Naive CD4 T cells","HLA-A","CD8B",0.0359352434706655,0,"HLA-A_CD8B","HLA-A - CD8B","MHC-I","Cell-Cell Contact","KEGG: hsa04514"
"Regulatory / Activated CD4 T cells","Naive B cells","HLA-B","CD8B",0.0359302248543953,0,"HLA-B_CD8B","HLA-B - CD8B","MHC-I","Cell-Cell Contact","KEGG: hsa04514"
"Monocytes","NK-like cells","CLEC2B","KLRB1",0.0359060856972591,0,"CLEC2B_KLRB1","CLEC2B - KLRB1","CLEC","Cell-Cell Contact","PMID: 24223577"
"Classical Monocytes","Naive B cells","HLA-B","CD8B",0.0358470924579925,0,"HLA-B_CD8B","HLA-B - CD8B","MHC-I","Cell-Cell Contact","KEGG: hsa04514"
"C1Q+ Monocytes","NK cells","CD48","CD244",0.0358177314257189,0,"CD48_CD244A","CD48 - CD244A","CD48","Cell-Cell Contact","PMID: 26697006"
"Conventional Dendritic Cells","Classical Monocytes","HLA-DMB","CD4",0.0357872680547102,0,"HLA-DMB_CD4","HLA-DMB - CD4","MHC-II","Cell-Cell Contact","KEGG: hsa04514"
"MAIT / CD161-like T cells","NK cells","HLA-B","KIR3DL2",0.0357778759281546,0,"HLA-B_KIR3DL2","HLA-B - KIR3DL2","MHC-I","Cell-Cell Contact","PMID: 28484462"
"Naive B cells","Conventional Dendritic Cells","TGFB1","TGFbR1_R2",0.035764381878897,0,"TGFB1_TGFBR1_TGFBR2","TGFB1 - (TGFBR1+TGFBR2)","TGFb","Secreted Signaling","KEGG: hsa04350"
"NK cells","Naive CD4 T cells","HLA-A","CD8B",0.035760875735471,0,"HLA-A_CD8B","HLA-A - CD8B","MHC-I","Cell-Cell Contact","KEGG: hsa04514"
"NK cells","Conventional Dendritic Cells","TGFB1","TGFbR1_R2",0.035760074464177,0,"TGFB1_TGFBR1_TGFBR2","TGFB1 - (TGFBR1+TGFBR2)","TGFb","Secreted Signaling","KEGG: hsa04350"
"Monocytes","Gamma-delta Cytotoxic T cells","TNFSF13B","TNFRSF13C",0.0357369301719327,0,"TNFSF13B_TNFRSF13C","TNFSF13B - TNFRSF13C","BAFF","Secreted Signaling","KEGG: hsa04060"
"Plasma cells","Monocytes","NAMPT","ITGA5_ITGB1",0.0356622842252662,0.01,"NAMPT_ITGA5_ITGB1","NAMPT - (ITGA5+ITGB1)","VISFATIN","Secreted Signaling","PMID: 28490838"
"Plasma cells","Monocytes","COL4A4","CD44",0.035652523906442,0,"COL4A4_CD44","COL4A4 - CD44","COLLAGEN","ECM-Receptor","KEGG: hsa04512"
"Regulatory / Activated CD4 T cells","Naive CD4 T cells","HLA-B","CD8B",0.0356379713355177,0,"HLA-B_CD8B","HLA-B - CD8B","MHC-I","Cell-Cell Contact","KEGG: hsa04514"
"Naive B cells","Myeloid cells","NAMPT","ITGA5_ITGB1",0.0356324524194203,0,"NAMPT_ITGA5_ITGB1","NAMPT - (ITGA5+ITGB1)","VISFATIN","Secreted Signaling","PMID: 28490838"
"Classical Monocytes","Naive CD4 T cells","HLA-B","CD8B",0.0355554901928633,0,"HLA-B_CD8B","HLA-B - CD8B","MHC-I","Cell-Cell Contact","KEGG: hsa04514"
"Gamma-delta Cytotoxic T cells","Monocytes","HLA-DMA","CD4",0.0355499900979069,0,"HLA-DMA_CD4","HLA-DMA - CD4","MHC-II","Cell-Cell Contact","KEGG: hsa04514"
"Platelets","Platelets","F11R","F11R",0.035535895192677,0,"F11R_F11R","F11R - F11R","JAM","Cell-Cell Contact","KEGG: hsa04514"
"MAIT / CD161-like T cells","Naive B cells","HLA-C","CD8B",0.0354831597686492,0,"HLA-C_CD8B","HLA-C - CD8B","MHC-I","Cell-Cell Contact","KEGG: hsa04514"
"MAIT / CD161-like T cells","Naive B cells","TGFB1","TGFbR1_R2",0.0354469753331714,0,"TGFB1_TGFBR1_TGFBR2","TGFB1 - (TGFBR1+TGFBR2)","TGFb","Secreted Signaling","KEGG: hsa04350"
"Classical Monocytes","Monocytes","TGFB1","TGFbR1_R2",0.035399585067527,0,"TGFB1_TGFBR1_TGFBR2","TGFB1 - (TGFBR1+TGFBR2)","TGFb","Secreted Signaling","KEGG: hsa04350"
"Naive CD4 T cells","Platelets","ITGB2","CD226",0.0353565665485603,0,"ITGB2_CD226","ITGB2 - CD226","ITGB2","Cell-Cell Contact","KEGG: hsa04514"
"Classical Monocytes","Conventional Dendritic Cells","LGALS9","CD44",0.0353479601597507,0,"LGALS9_CD44","LGALS9 - CD44","GALECTIN","Secreted Signaling","PMID: 25065622"
"Platelets","NK-like cells","GP1BA","ITGAM_ITGB2",0.03529230321362,0,"GP1BA_ITGAM_ITGB2","GP1BA - (ITGAM+ITGB2)","GP1BA","Cell-Cell Contact","PMC2194217"
"C1Q+ Monocytes","Classical Monocytes","APP","CD74",0.0352409543876854,0.02,"APP_CD74","APP - CD74","APP","Cell-Cell Contact","PMID: 19849849"
"Conventional Dendritic Cells","Myeloid cells","IL1B","IL1R1_IL1RAP",0.0352196502538832,0,"IL1B_IL1R1_IL1RAP","IL1B - (IL1R1+IL1RAP)","IL1","Secreted Signaling","KEGG: hsa04060"
"MAIT / CD161-like T cells","Naive CD4 T cells","HLA-C","CD8B",0.0351944098903363,0,"HLA-C_CD8B","HLA-C - CD8B","MHC-I","Cell-Cell Contact","KEGG: hsa04514"
"Classical Monocytes","Regulatory / Activated CD4 T cells","LGALS9","CD44",0.0350680918241323,0,"LGALS9_CD44","LGALS9 - CD44","GALECTIN","Secreted Signaling","PMID: 25065622"
"Conventional Dendritic Cells","Classical Monocytes","TGFB1","TGFbR1_R2",0.0350568890582285,0,"TGFB1_TGFBR1_TGFBR2","TGFB1 - (TGFBR1+TGFBR2)","TGFb","Secreted Signaling","KEGG: hsa04350"
"Gamma-delta Cytotoxic T cells","Classical Monocytes","HLA-DPA1","CD4",0.0350237290366209,0,"HLA-DPA1_CD4","HLA-DPA1 - CD4","MHC-II","Cell-Cell Contact","KEGG: hsa04514"
"Gamma-delta Cytotoxic T cells","Classical Monocytes","HLA-DQB1","CD4",0.0349701266461387,0,"HLA-DQB1_CD4","HLA-DQB1 - CD4","MHC-II","Cell-Cell Contact","KEGG: hsa04514"
"Monocytes","Monocytes","HLA-DMA","CD4",0.0349130990559661,0,"HLA-DMA_CD4","HLA-DMA - CD4","MHC-II","Cell-Cell Contact","KEGG: hsa04514"
"Naive B cells","Naive B cells","HLA-A","CD8B",0.0347418118305278,0,"HLA-A_CD8B","HLA-A - CD8B","MHC-I","Cell-Cell Contact","KEGG: hsa04514"
"Myeloid cells","Classical Monocytes","ANXA1","FPR1",0.0347301866359627,0,"ANXA1_FPR1","ANXA1 - FPR1","ANNEXIN","Secreted Signaling","PMID: 23230437"
"Plasma cells","Monocytes","HLA-DMA","CD4",0.0347178157620596,0,"HLA-DMA_CD4","HLA-DMA - CD4","MHC-II","Cell-Cell Contact","KEGG: hsa04514"
"Regulatory / Activated CD4 T cells","C1Q+ Monocytes","HLA-F","LILRB1",0.0347128593279039,0,"HLA-F_LILRB1","HLA-F - LILRB1","MHC-I","Cell-Cell Contact","PMID: 28484462"
"Conventional Dendritic Cells","Naive B cells","ITGB2","CD226",0.0345036941196864,0,"ITGB2_CD226","ITGB2 - CD226","ITGB2","Cell-Cell Contact","KEGG: hsa04514"
"Monocytes","Regulatory / Activated CD4 T cells","HLA-DPA1","CD4",0.0344946006142938,0,"HLA-DPA1_CD4","HLA-DPA1 - CD4","MHC-II","Cell-Cell Contact","KEGG: hsa04514"
"C1Q+ Monocytes","MAIT / CD161-like T cells","HLA-F","CD8A",0.0344699568033128,0,"HLA-F_CD8A","HLA-F - CD8A","MHC-I","Cell-Cell Contact","KEGG: hsa04514"
"Naive B cells","Naive CD4 T cells","HLA-A","CD8B",0.0344588792568479,0,"HLA-A_CD8B","HLA-A - CD8B","MHC-I","Cell-Cell Contact","KEGG: hsa04514"
"Plasma cells","Naive B cells","HLA-B","CD8B",0.034449069504084,0,"HLA-B_CD8B","HLA-B - CD8B","MHC-I","Cell-Cell Contact","KEGG: hsa04514"
"Conventional Dendritic Cells","Naive B cells","HLA-B","CD8B",0.0344227628829026,0,"HLA-B_CD8B","HLA-B - CD8B","MHC-I","Cell-Cell Contact","KEGG: hsa04514"
"NK-like cells","Conventional Dendritic Cells","TGFB1","TGFbR1_R2",0.0343078748403833,0.01,"TGFB1_TGFBR1_TGFBR2","TGFB1 - (TGFBR1+TGFBR2)","TGFb","Secreted Signaling","KEGG: hsa04350"
"Classical Monocytes","NK cells","TGFB1","TGFbR1_R2",0.0342974330421265,0,"TGFB1_TGFBR1_TGFBR2","TGFB1 - (TGFBR1+TGFBR2)","TGFb","Secreted Signaling","KEGG: hsa04350"
"Naive B cells","Monocytes","HLA-DPB1","CD4",0.0342865835050928,0,"HLA-DPB1_CD4","HLA-DPB1 - CD4","MHC-II","Cell-Cell Contact","KEGG: hsa04514"
"Monocytes","Naive B cells","HLA-E","CD8A",0.0342655082907894,0,"HLA-E_CD8A","HLA-E - CD8A","MHC-I","Cell-Cell Contact","KEGG: hsa04514"
"Classical Monocytes","Plasma cells","TNFSF13B","TNFRSF13C",0.0342536232787871,0,"TNFSF13B_TNFRSF13C","TNFSF13B - TNFRSF13C","BAFF","Secreted Signaling","KEGG: hsa04060"
"Naive B cells","Naive B cells","CD69","KLRB1",0.0342378452698047,0,"CLEC2C_KLRB1","CLEC2C - KLRB1","CLEC","Cell-Cell Contact","PMID: 24223577"
"Myeloid cells","Regulatory / Activated CD4 T cells","APP","CD74",0.0342359449404394,0,"APP_CD74","APP - CD74","APP","Cell-Cell Contact","PMID: 19849849"
"Gamma-delta Cytotoxic T cells","NK-like cells","CLEC2D","KLRB1",0.0342253515936424,0,"CLEC2D_KLRB1","CLEC2D - KLRB1","CLEC","Cell-Cell Contact","PMID: 24223577"
"Plasma cells","Naive CD4 T cells","HLA-B","CD8B",0.0341684365926658,0,"HLA-B_CD8B","HLA-B - CD8B","MHC-I","Cell-Cell Contact","KEGG: hsa04514"
"NK-like cells","Naive B cells","HLA-B","CD8A",0.0341529783960849,0,"HLA-B_CD8A","HLA-B - CD8A","MHC-I","Cell-Cell Contact","KEGG: hsa04514"
"Conventional Dendritic Cells","Naive CD4 T cells","HLA-B","CD8B",0.0341423366956422,0,"HLA-B_CD8B","HLA-B - CD8B","MHC-I","Cell-Cell Contact","KEGG: hsa04514"
"Monocytes","NK cells","HLA-B","KIR3DL2",0.0339922574893495,0,"HLA-B_KIR3DL2","HLA-B - KIR3DL2","MHC-I","Cell-Cell Contact","PMID: 28484462"
"NK-like cells","NK-like cells","HLA-E","CD94:NKG2C",0.0339336030577113,0,"HLA-E_CD94:NKG2C","HLA-E - CD94:NKG2C","MHC-I","Cell-Cell Contact","PMID: 28484462"
"Naive B cells","Naive B cells","HLA-E","KLRC2",0.0339140130360497,0,"HLA-E_KLRC2","HLA-E - KLRC2","MHC-I","Cell-Cell Contact","PMID: 26697006"
"MAIT / CD161-like T cells","NK cells","CD48","CD244",0.0339113338591744,0,"CD48_CD244A","CD48 - CD244A","CD48","Cell-Cell Contact","PMID: 26697006"
"Classical Monocytes","MAIT / CD161-like T cells","CD86","CD28",0.0338839931806622,0,"CD86_CD28","CD86 - CD28","CD86","Cell-Cell Contact","PMID: 23954143"
"Monocytes","Conventional Dendritic Cells","TGFB1","TGFbR1_R2",0.0338176329452916,0,"TGFB1_TGFBR1_TGFBR2","TGFB1 - (TGFBR1+TGFBR2)","TGFb","Secreted Signaling","KEGG: hsa04350"
"Plasma cells","Conventional Dendritic Cells","HLA-DMB","CD4",0.0337909339597652,0,"HLA-DMB_CD4","HLA-DMB - CD4","MHC-II","Cell-Cell Contact","KEGG: hsa04514"
"MAIT / CD161-like T cells","Naive B cells","HLA-A","CD8B",0.0337197899362693,0,"HLA-A_CD8B","HLA-A - CD8B","MHC-I","Cell-Cell Contact","KEGG: hsa04514"
"Myeloid cells","Myeloid cells","TGFB1","TGFbR1_R2",0.0336823120049325,0,"TGFB1_TGFBR1_TGFBR2","TGFB1 - (TGFBR1+TGFBR2)","TGFb","Secreted Signaling","KEGG: hsa04350"
"Gamma-delta Cytotoxic T cells","Naive B cells","HLA-E","CD8A",0.0336249093525312,0,"HLA-E_CD8A","HLA-E - CD8A","MHC-I","Cell-Cell Contact","KEGG: hsa04514"
"Monocytes","Myeloid cells","LGALS9","HAVCR2",0.0335776455636313,0,"LGALS9_HAVCR2","LGALS9 - HAVCR2","GALECTIN","Secreted Signaling","PMID: 27192565"
"Conventional Dendritic Cells","NK-like cells","HLA-E","CD94:NKG2C",0.033544497989553,0,"HLA-E_CD94:NKG2C","HLA-E - CD94:NKG2C","MHC-I","Cell-Cell Contact","PMID: 28484462"
"Myeloid cells","Myeloid cells","TGFB1","ACVR1B_TGFbR2",0.0334957738981421,0,"TGFB1_ACVR1B_TGFBR2","TGFB1 - (ACVR1B+TGFBR2)","TGFb","Secreted Signaling","PMID: 27449815"
"Naive B cells","C1Q+ Monocytes","ITGB2","ICAM1",0.0334886812017574,0,"ITGB2_ICAM1","ITGB2 - ICAM1","ITGB2","Cell-Cell Contact","KEGG: hsa04514"
"MAIT / CD161-like T cells","Naive CD4 T cells","HLA-A","CD8B",0.0334448921815301,0,"HLA-A_CD8B","HLA-A - CD8B","MHC-I","Cell-Cell Contact","KEGG: hsa04514"
"C1Q+ Monocytes","NK cells","HLA-B","KIR3DL2",0.0334405888062741,0,"HLA-B_KIR3DL2","HLA-B - KIR3DL2","MHC-I","Cell-Cell Contact","PMID: 28484462"
"Naive CD4 T cells","C1Q+ Monocytes","HLA-F","LILRB1",0.0334218813607857,0,"HLA-F_LILRB1","HLA-F - LILRB1","MHC-I","Cell-Cell Contact","PMID: 28484462"
"Regulatory / Activated CD4 T cells","Conventional Dendritic Cells","CD99","PILRA",0.0334062642795313,0,"CD99_PILRA","CD99 - PILRA","CD99","Cell-Cell Contact","PMID: 18234675"
"C1Q+ Monocytes","Naive B cells","HLA-E","KLRC2",0.0334057955444894,0,"HLA-E_KLRC2","HLA-E - KLRC2","MHC-I","Cell-Cell Contact","PMID: 26697006"
"Platelets","NK-like cells","HLA-E","KLRC2",0.0333966626746783,0,"HLA-E_KLRC2","HLA-E - KLRC2","MHC-I","Cell-Cell Contact","PMID: 26697006"
"Regulatory / Activated CD4 T cells","Myeloid cells","TGFB1","TGFbR1_R2",0.0333830123346304,0,"TGFB1_TGFBR1_TGFBR2","TGFB1 - (TGFBR1+TGFBR2)","TGFb","Secreted Signaling","KEGG: hsa04350"
"Gamma-delta Cytotoxic T cells","Myeloid cells","FCER2","ITGAX_ITGB2",0.0333568992832713,0,"FCER2A_ITGAX_ITGB2","FCER2A - (ITGAX+ITGB2)","CD23","Cell-Cell Contact","PMID: 7621072"
"Gamma-delta Cytotoxic T cells","Conventional Dendritic Cells","APP","CD74",0.0333477282933163,0.01,"APP_CD74","APP - CD74","APP","Cell-Cell Contact","PMID: 19849849"
"Monocytes","Conventional Dendritic Cells","CD99","PILRA",0.0333410148604718,0,"CD99_PILRA","CD99 - PILRA","CD99","Cell-Cell Contact","PMID: 18234675"
"Monocytes","C1Q+ Monocytes","HLA-DQB1","CD4",0.0333085460968902,0,"HLA-DQB1_CD4","HLA-DQB1 - CD4","MHC-II","Cell-Cell Contact","KEGG: hsa04514"
"Monocytes","Naive B cells","HLA-C","CD8B",0.0332397040636076,0,"HLA-C_CD8B","HLA-C - CD8B","MHC-I","Cell-Cell Contact","KEGG: hsa04514"
"Conventional Dendritic Cells","NK-like cells","TGFB1","TGFbR1_R2",0.0332020509921018,0.01,"TGFB1_TGFBR1_TGFBR2","TGFB1 - (TGFBR1+TGFBR2)","TGFb","Secreted Signaling","KEGG: hsa04350"
"Regulatory / Activated CD4 T cells","Myeloid cells","TGFB1","ACVR1B_TGFbR2",0.0331991910457101,0,"TGFB1_ACVR1B_TGFBR2","TGFB1 - (ACVR1B+TGFBR2)","TGFb","Secreted Signaling","PMID: 27449815"
"NK cells","Naive B cells","HLA-E","CD8B",0.033119633974291,0,"HLA-E_CD8B","HLA-E - CD8B","MHC-I","Cell-Cell Contact","KEGG: hsa04514"
"NK cells","Naive B cells","CLEC2B","KLRB1",0.0331039502115872,0,"CLEC2B_KLRB1","CLEC2B - KLRB1","CLEC","Cell-Cell Contact","PMID: 24223577"
"MAIT / CD161-like T cells","Classical Monocytes","TGFB1","ACVR1_TGFbR",0.0330919116168948,0,"TGFB1_ACVR1_TGFBR1","TGFB1 - (ACVR1+TGFBR1)","TGFb","Secreted Signaling","PMID: 29376829"
"Classical Monocytes","MAIT / CD161-like T cells","LGALS9","CD44",0.033040946934769,0,"LGALS9_CD44","LGALS9 - CD44","GALECTIN","Secreted Signaling","PMID: 25065622"
"C1Q+ Monocytes","Naive B cells","HLA-C","CD8B",0.0330386983635571,0,"HLA-C_CD8B","HLA-C - CD8B","MHC-I","Cell-Cell Contact","KEGG: hsa04514"
"Monocytes","Naive CD4 T cells","HLA-C","CD8B",0.0329685866313416,0,"HLA-C_CD8B","HLA-C - CD8B","MHC-I","Cell-Cell Contact","KEGG: hsa04514"
"C1Q+ Monocytes","Classical Monocytes","LGALS9","HAVCR2",0.032908854302835,0,"LGALS9_HAVCR2","LGALS9 - HAVCR2","GALECTIN","Secreted Signaling","PMID: 27192565"
"Gamma-delta Cytotoxic T cells","Regulatory / Activated CD4 T cells","HLA-DMB","CD4",0.0328670669325074,0,"HLA-DMB_CD4","HLA-DMB - CD4","MHC-II","Cell-Cell Contact","KEGG: hsa04514"
"Monocytes","Monocytes","PECAM1","PECAM1",0.0328604000765679,0,"PECAM1_PECAM1","PECAM1 - PECAM1","PECAM1","Cell-Cell Contact","KEGG: hsa04514"
"NK cells","Naive CD4 T cells","HLA-E","CD8B",0.0328494626086787,0,"HLA-E_CD8B","HLA-E - CD8B","MHC-I","Cell-Cell Contact","KEGG: hsa04514"
"Regulatory / Activated CD4 T cells","Naive B cells","HLA-C","CD8B",0.0328152339006314,0,"HLA-C_CD8B","HLA-C - CD8B","MHC-I","Cell-Cell Contact","KEGG: hsa04514"
"Platelets","NK cells","HLA-E","CD8A",0.0327699467416825,0,"HLA-E_CD8A","HLA-E - CD8A","MHC-I","Cell-Cell Contact","KEGG: hsa04514"
"C1Q+ Monocytes","Naive CD4 T cells","HLA-C","CD8B",0.032769164848997,0,"HLA-C_CD8B","HLA-C - CD8B","MHC-I","Cell-Cell Contact","KEGG: hsa04514"
"Classical Monocytes","Conventional Dendritic Cells","NAMPT","INSR",0.0327182054372528,0,"NAMPT_INSR","NAMPT - INSR","VISFATIN","Secreted Signaling","PMID: 28490838"
"Myeloid cells","Naive B cells","HLA-E","CD94:NKG2E",0.0326936241365516,0,"HLA-E_CD94:NKG2E","HLA-E - CD94:NKG2E","MHC-I","Cell-Cell Contact","PMID: 28484462"
"Classical Monocytes","Naive B cells","HLA-E","CD8A",0.0326646784219118,0,"HLA-E_CD8A","HLA-E - CD8A","MHC-I","Cell-Cell Contact","KEGG: hsa04514"
"Monocytes","Regulatory / Activated CD4 T cells","APP","CD74",0.0326589031798031,0,"APP_CD74","APP - CD74","APP","Cell-Cell Contact","PMID: 19849849"
"Platelets","Naive CD4 T cells","HLA-B","CD8A",0.03265036051877,0,"HLA-B_CD8A","HLA-B - CD8A","MHC-I","Cell-Cell Contact","KEGG: hsa04514"
"Classical Monocytes","Gamma-delta Cytotoxic T cells","LGALS9","CD44",0.0326299308236762,0,"LGALS9_CD44","LGALS9 - CD44","GALECTIN","Secreted Signaling","PMID: 25065622"
"C1Q+ Monocytes","Platelets","SELPLG","SELP",0.0325970071198634,0,"SELPLG_SELP","SELPLG - SELP","SELPLG","Cell-Cell Contact","PMID: 19118202; PMID: 9829984"
"Classical Monocytes","Monocytes","TGFB1","ACVR1B_TGFbR2",0.0325965850576209,0,"TGFB1_ACVR1B_TGFBR2","TGFB1 - (ACVR1B+TGFBR2)","TGFb","Secreted Signaling","PMID: 27449815"
"NK-like cells","Naive B cells","HLA-C","CD8A",0.0325787791606708,0,"HLA-C_CD8A","HLA-C - CD8A","MHC-I","Cell-Cell Contact","KEGG: hsa04514"
"C1Q+ Monocytes","Regulatory / Activated CD4 T cells","HLA-DPB1","CD4",0.0325661137766319,0,"HLA-DPB1_CD4","HLA-DPB1 - CD4","MHC-II","Cell-Cell Contact","KEGG: hsa04514"
"Regulatory / Activated CD4 T cells","Naive CD4 T cells","HLA-C","CD8B",0.0325474620719852,0,"HLA-C_CD8B","HLA-C - CD8B","MHC-I","Cell-Cell Contact","KEGG: hsa04514"
"Regulatory / Activated CD4 T cells","NK cells","HLA-B","KIR3DL2",0.0323890380321717,0,"HLA-B_KIR3DL2","HLA-B - KIR3DL2","MHC-I","Cell-Cell Contact","PMID: 28484462"
"Naive CD4 T cells","NK cells","CD48","CD244",0.0323859902954255,0,"CD48_CD244A","CD48 - CD244A","CD48","Cell-Cell Contact","PMID: 26697006"
"Myeloid cells","Conventional Dendritic Cells","NAMPT","INSR",0.0323836597113659,0,"NAMPT_INSR","NAMPT - INSR","VISFATIN","Secreted Signaling","PMID: 28490838"
"Monocytes","Classical Monocytes","PECAM1","PECAM1",0.0323809369797173,0,"PECAM1_PECAM1","PECAM1 - PECAM1","PECAM1","Cell-Cell Contact","KEGG: hsa04514"
"Classical Monocytes","Monocytes","PECAM1","PECAM1",0.0323809369797173,0,"PECAM1_PECAM1","PECAM1 - PECAM1","PECAM1","Cell-Cell Contact","KEGG: hsa04514"
"Myeloid cells","Monocytes","TGFB1","TGFbR1_R2",0.0323440265929852,0,"TGFB1_TGFBR1_TGFBR2","TGFB1 - (TGFBR1+TGFBR2)","TGFb","Secreted Signaling","KEGG: hsa04350"
"C1Q+ Monocytes","NK-like cells","ICAM1","ITGAL",0.0323268392692365,0,"ICAM1_ITGAL","ICAM1 - ITGAL","ICAM","Cell-Cell Contact","PMID: 23602662"
"Classical Monocytes","NK cells","HLA-B","KIR3DL2",0.0323138243179346,0,"HLA-B_KIR3DL2","HLA-B - KIR3DL2","MHC-I","Cell-Cell Contact","PMID: 28484462"
"Myeloid cells","MAIT / CD161-like T cells","THBS1","CD47",0.0322959596740087,0,"THBS1_CD47","THBS1 - CD47","THBS","ECM-Receptor","KEGG: hsa04512"
"Conventional Dendritic Cells","Naive B cells","ALCAM","CD6",0.0322845375642017,0,"ALCAM_CD6","ALCAM - CD6","ALCAM","Cell-Cell Contact","KEGG: hsa04514"
"Naive B cells","Conventional Dendritic Cells","CD6","ALCAM",0.0322845375642017,0,"CD6_ALCAM","CD6 - ALCAM","CD6","Cell-Cell Contact","PMID: 23602662"
"Monocytes","MAIT / CD161-like T cells","CD86","CD28",0.0322831498493108,0,"CD86_CD28","CD86 - CD28","CD86","Cell-Cell Contact","PMID: 23954143"
"Gamma-delta Cytotoxic T cells","Naive B cells","HLA-A","CD8A",0.0321913714980003,0,"HLA-A_CD8A","HLA-A - CD8A","MHC-I","Cell-Cell Contact","KEGG: hsa04514"
"Platelets","C1Q+ Monocytes","SEMA4D","PLXNB2",0.0321708426595758,0,"SEMA4D_PLXNB2","SEMA4D - PLXNB2","SEMA4","Cell-Cell Contact","PMID: 27533782"
"Classical Monocytes","Naive CD4 T cells","LGALS9","CD44",0.0321502336706906,0,"LGALS9_CD44","LGALS9 - CD44","GALECTIN","Secreted Signaling","PMID: 25065622"
"NK-like cells","C1Q+ Monocytes","CD99","PILRA",0.0321317007664571,0,"CD99_PILRA","CD99 - PILRA","CD99","Cell-Cell Contact","PMID: 18234675"
"Monocytes","Plasma cells","TNFSF13B","TNFRSF13C",0.0321002623193616,0,"TNFSF13B_TNFRSF13C","TNFSF13B - TNFRSF13C","BAFF","Secreted Signaling","KEGG: hsa04060"
"Regulatory / Activated CD4 T cells","Monocytes","TGFB1","TGFbR1_R2",0.0320568826025812,0,"TGFB1_TGFBR1_TGFBR2","TGFB1 - (TGFBR1+TGFBR2)","TGFb","Secreted Signaling","KEGG: hsa04350"
"Conventional Dendritic Cells","Myeloid cells","CD99","PILRA",0.0320252761149097,0,"CD99_PILRA","CD99 - PILRA","CD99","Cell-Cell Contact","PMID: 18234675"
"Gamma-delta Cytotoxic T cells","C1Q+ Monocytes","CD99","PILRA",0.0319893579092241,0,"CD99_PILRA","CD99 - PILRA","CD99","Cell-Cell Contact","PMID: 18234675"
"Classical Monocytes","Classical Monocytes","PECAM1","PECAM1",0.0319082388769515,0,"PECAM1_PECAM1","PECAM1 - PECAM1","PECAM1","Cell-Cell Contact","KEGG: hsa04514"
"NK-like cells","NK-like cells","ITGB2","CD226",0.0318822884489846,0,"ITGB2_CD226","ITGB2 - CD226","ITGB2","Cell-Cell Contact","KEGG: hsa04514"
"Monocytes","Regulatory / Activated CD4 T cells","HLA-DPB1","CD4",0.0318510779413849,0,"HLA-DPB1_CD4","HLA-DPB1 - CD4","MHC-II","Cell-Cell Contact","KEGG: hsa04514"
"Naive B cells","C1Q+ Monocytes","TGFB1","ACVR1B_TGFbR2",0.0317793210938665,0,"TGFB1_ACVR1B_TGFBR2","TGFB1 - (ACVR1B+TGFBR2)","TGFb","Secreted Signaling","PMID: 27449815"
"NK cells","C1Q+ Monocytes","TGFB1","ACVR1B_TGFbR2",0.0317754804011791,0,"TGFB1_ACVR1B_TGFBR2","TGFB1 - (ACVR1B+TGFBR2)","TGFb","Secreted Signaling","PMID: 27449815"
"Monocytes","Classical Monocytes","HLA-DPA1","CD4",0.0317341508780351,0,"HLA-DPA1_CD4","HLA-DPA1 - CD4","MHC-II","Cell-Cell Contact","KEGG: hsa04514"
"Monocytes","Monocytes","HLA-DQB1","CD4",0.0316780629168332,0,"HLA-DQB1_CD4","HLA-DQB1 - CD4","MHC-II","Cell-Cell Contact","KEGG: hsa04514"
"Regulatory / Activated CD4 T cells","NK cells","CD48","CD244",0.0316692128243078,0,"CD48_CD244A","CD48 - CD244A","CD48","Cell-Cell Contact","PMID: 26697006"
"Naive CD4 T cells","Naive B cells","HLA-B","CD8B",0.031647190911218,0,"HLA-B_CD8B","HLA-B - CD8B","MHC-I","Cell-Cell Contact","KEGG: hsa04514"
"Conventional Dendritic Cells","Classical Monocytes","LGALS9","HAVCR2",0.0316454113528596,0,"LGALS9_HAVCR2","LGALS9 - HAVCR2","GALECTIN","Secreted Signaling","PMID: 27192565"
"MAIT / CD161-like T cells","Naive B cells","HLA-E","KLRC2",0.0315132327438606,0,"HLA-E_KLRC2","HLA-E - KLRC2","MHC-I","Cell-Cell Contact","PMID: 26697006"
"NK cells","Naive CD4 T cells","HLA-E","KLRK1",0.0314542832083849,0,"HLA-E_KLRK1","HLA-E - KLRK1","MHC-I","Cell-Cell Contact","PMID: 28484462"
"Classical Monocytes","MAIT / CD161-like T cells","HLA-F","CD8A",0.0314449221937973,0,"HLA-F_CD8A","HLA-F - CD8A","MHC-I","Cell-Cell Contact","KEGG: hsa04514"
"Conventional Dendritic Cells","C1Q+ Monocytes","PECAM1","PECAM1",0.0314383175804113,0,"PECAM1_PECAM1","PECAM1 - PECAM1","PECAM1","Cell-Cell Contact","KEGG: hsa04514"
"C1Q+ Monocytes","Conventional Dendritic Cells","PECAM1","PECAM1",0.0314383175804113,0,"PECAM1_PECAM1","PECAM1 - PECAM1","PECAM1","Cell-Cell Contact","KEGG: hsa04514"
"Naive CD4 T cells","Naive CD4 T cells","HLA-B","CD8B",0.0313886409739508,0,"HLA-B_CD8B","HLA-B - CD8B","MHC-I","Cell-Cell Contact","KEGG: hsa04514"
"Classical Monocytes","Conventional Dendritic Cells","THBS1","CD47",0.0313653705806006,0,"THBS1_CD47","THBS1 - CD47","THBS","ECM-Receptor","KEGG: hsa04512"
"Myeloid cells","NK cells","TGFB1","TGFbR1_R2",0.0313530734714924,0,"TGFB1_TGFBR1_TGFBR2","TGFB1 - (TGFBR1+TGFBR2)","TGFb","Secreted Signaling","KEGG: hsa04350"
"C1Q+ Monocytes","Classical Monocytes","TGFB1","ACVR1B_TGFbR2",0.0313488135595104,0,"TGFB1_ACVR1B_TGFBR2","TGFB1 - (ACVR1B+TGFBR2)","TGFb","Secreted Signaling","PMID: 27449815"
"Plasma cells","Classical Monocytes","FCER2","ITGAX_ITGB2",0.0313470761584744,0,"FCER2A_ITGAX_ITGB2","FCER2A - (ITGAX+ITGB2)","CD23","Cell-Cell Contact","PMID: 7621072"
"Classical Monocytes","Myeloid cells","NAMPT","INSR",0.0313352131122916,0,"NAMPT_INSR","NAMPT - INSR","VISFATIN","Secreted Signaling","PMID: 28490838"
"Gamma-delta Cytotoxic T cells","Conventional Dendritic Cells","HLA-DMA","CD4",0.0313052058466679,0,"HLA-DMA_CD4","HLA-DMA - CD4","MHC-II","Cell-Cell Contact","KEGG: hsa04514"
"Gamma-delta Cytotoxic T cells","Gamma-delta Cytotoxic T cells","APP","CD74",0.0313035521945971,0.01,"APP_CD74","APP - CD74","APP","Cell-Cell Contact","PMID: 19849849"
"Classical Monocytes","NK-like cells","CLEC2B","KLRB1",0.0312870024756961,0,"CLEC2B_KLRB1","CLEC2B - KLRB1","CLEC","Cell-Cell Contact","PMID: 24223577"
"NK-like cells","Naive B cells","HLA-A","CD8A",0.0312768851450579,0,"HLA-A_CD8A","HLA-A - CD8A","MHC-I","Cell-Cell Contact","KEGG: hsa04514"
"Gamma-delta Cytotoxic T cells","Naive B cells","HLA-B","CD8B",0.0311865150003188,0,"HLA-B_CD8B","HLA-B - CD8B","MHC-I","Cell-Cell Contact","KEGG: hsa04514"
"Regulatory / Activated CD4 T cells","Naive B cells","HLA-A","CD8B",0.0311576040752512,0,"HLA-A_CD8B","HLA-A - CD8B","MHC-I","Cell-Cell Contact","KEGG: hsa04514"
"Plasma cells","NK cells","HLA-B","KIR3DL2",0.0310491599499643,0,"HLA-B_KIR3DL2","HLA-B - KIR3DL2","MHC-I","Cell-Cell Contact","PMID: 28484462"
"Plasma cells","NK cells","CD48","CD244",0.0310470090939961,0,"CD48_CD244A","CD48 - CD244A","CD48","Cell-Cell Contact","PMID: 26697006"
"Regulatory / Activated CD4 T cells","NK cells","TGFB1","TGFbR1_R2",0.0310384658588188,0.01,"TGFB1_TGFBR1_TGFBR2","TGFB1 - (TGFBR1+TGFBR2)","TGFb","Secreted Signaling","KEGG: hsa04350"
"Conventional Dendritic Cells","NK cells","HLA-B","KIR3DL2",0.0310253662040888,0,"HLA-B_KIR3DL2","HLA-B - KIR3DL2","MHC-I","Cell-Cell Contact","PMID: 28484462"
"Myeloid cells","Myeloid cells","NAMPT","INSR",0.0310143551560264,0,"NAMPT_INSR","NAMPT - INSR","VISFATIN","Secreted Signaling","PMID: 28490838"
"Plasma cells","Conventional Dendritic Cells","COL4A4","CD44",0.0309749159996649,0,"COL4A4_CD44","COL4A4 - CD44","COLLAGEN","ECM-Receptor","KEGG: hsa04512"
"Classical Monocytes","Naive B cells","HLA-C","CD8B",0.0309738700694766,0,"HLA-C_CD8B","HLA-C - CD8B","MHC-I","Cell-Cell Contact","KEGG: hsa04514"
"Platelets","NK cells","HLA-E","KLRC2",0.0309323855791815,0,"HLA-E_KLRC2","HLA-E - KLRC2","MHC-I","Cell-Cell Contact","PMID: 26697006"
"Gamma-delta Cytotoxic T cells","Naive CD4 T cells","HLA-B","CD8B",0.0309316084552798,0,"HLA-B_CD8B","HLA-B - CD8B","MHC-I","Cell-Cell Contact","KEGG: hsa04514"
"Regulatory / Activated CD4 T cells","Naive CD4 T cells","HLA-A","CD8B",0.0309029262993199,0,"HLA-A_CD8B","HLA-A - CD8B","MHC-I","Cell-Cell Contact","KEGG: hsa04514"
"Platelets","Classical Monocytes","THBS1","CD47",0.0308747511359413,0.01,"THBS1_CD47","THBS1 - CD47","THBS","ECM-Receptor","KEGG: hsa04512"
"Monocytes","NK cells","LGALS9","CD44",0.0308514852636447,0,"LGALS9_CD44","LGALS9 - CD44","GALECTIN","Secreted Signaling","PMID: 25065622"
"C1Q+ Monocytes","C1Q+ Monocytes","ICAM1","ITGAL_ITGB2",0.0307997469225205,0,"ICAM1_ITGAL_ITGB2","ICAM1 - (ITGAL+ITGB2)","ICAM","Cell-Cell Contact","KEGG: hsa04514"
"NK cells","Myeloid cells","NAMPT","ITGA5_ITGB1",0.0307740017209055,0.03,"NAMPT_ITGA5_ITGB1","NAMPT - (ITGA5+ITGB1)","VISFATIN","Secreted Signaling","PMID: 28490838"
"Monocytes","Conventional Dendritic Cells","HLA-DMA","CD4",0.030741937662176,0,"HLA-DMA_CD4","HLA-DMA - CD4","MHC-II","Cell-Cell Contact","KEGG: hsa04514"
"Plasma cells","Regulatory / Activated CD4 T cells","COL4A4","CD44",0.030728568425423,0,"COL4A4_CD44","COL4A4 - CD44","COLLAGEN","ECM-Receptor","KEGG: hsa04512"
"Classical Monocytes","Naive CD4 T cells","HLA-C","CD8B",0.0307206464884132,0,"HLA-C_CD8B","HLA-C - CD8B","MHC-I","Cell-Cell Contact","KEGG: hsa04514"
"Monocytes","Naive B cells","HLA-A","CD8B",0.0306696708819399,0,"HLA-A_CD8B","HLA-A - CD8B","MHC-I","Cell-Cell Contact","KEGG: hsa04514"
"Gamma-delta Cytotoxic T cells","Plasma cells","APP","CD74",0.0306100991730509,0.03,"APP_CD74","APP - CD74","APP","Cell-Cell Contact","PMID: 19849849"
"Platelets","C1Q+ Monocytes","GP1BA","ITGAM_ITGB2",0.0305871551440429,0,"GP1BA_ITGAM_ITGB2","GP1BA - (ITGAM+ITGB2)","GP1BA","Cell-Cell Contact","PMC2194217"
"Classical Monocytes","Plasma cells","LGALS9","CD44",0.030576026936118,0,"LGALS9_CD44","LGALS9 - CD44","GALECTIN","Secreted Signaling","PMID: 25065622"
"Naive CD4 T cells","Myeloid cells","NAMPT","ITGA5_ITGB1",0.0305739970087036,0,"NAMPT_ITGA5_ITGB1","NAMPT - (ITGA5+ITGB1)","VISFATIN","Secreted Signaling","PMID: 28490838"
"Plasma cells","Conventional Dendritic Cells","HLA-DMA","CD4",0.030569246373233,0,"HLA-DMA_CD4","HLA-DMA - CD4","MHC-II","Cell-Cell Contact","KEGG: hsa04514"
"C1Q+ Monocytes","Conventional Dendritic Cells","NAMPT","INSR",0.0304893086923531,0,"NAMPT_INSR","NAMPT - INSR","VISFATIN","Secreted Signaling","PMID: 28490838"
"Regulatory / Activated CD4 T cells","Naive B cells","HLA-E","KLRC2",0.0304891023089439,0,"HLA-E_KLRC2","HLA-E - KLRC2","MHC-I","Cell-Cell Contact","PMID: 26697006"
"Gamma-delta Cytotoxic T cells","Myeloid cells","NAMPT","ITGA5_ITGB1",0.0304816201718848,0.01,"NAMPT_ITGA5_ITGB1","NAMPT - (ITGA5+ITGB1)","VISFATIN","Secreted Signaling","PMID: 28490838"
"NK-like cells","C1Q+ Monocytes","TGFB1","ACVR1B_TGFbR2",0.0304808135273928,0,"TGFB1_ACVR1B_TGFBR2","TGFB1 - (ACVR1B+TGFBR2)","TGFb","Secreted Signaling","PMID: 27449815"
"NK cells","Naive CD4 T cells","HLA-B","CD8A",0.0304646924481706,0,"HLA-B_CD8A","HLA-B - CD8A","MHC-I","Cell-Cell Contact","KEGG: hsa04514"
"Myeloid cells","Naive B cells","HLA-E","CD94:NKG2C",0.0304622473150945,0,"HLA-E_CD94:NKG2C","HLA-E - CD94:NKG2C","MHC-I","Cell-Cell Contact","PMID: 28484462"
"Monocytes","Naive CD4 T cells","HLA-A","CD8B",0.0304188561807955,0,"HLA-A_CD8B","HLA-A - CD8B","MHC-I","Cell-Cell Contact","KEGG: hsa04514"
"Conventional Dendritic Cells","Classical Monocytes","IL1B","IL1R1_IL1RAP",0.0302773565080731,0,"IL1B_IL1R1_IL1RAP","IL1B - (IL1R1+IL1RAP)","IL1","Secreted Signaling","KEGG: hsa04060"
"MAIT / CD161-like T cells","Myeloid cells","TGFB1","ACVR1_TGFbR",0.0302448636856896,0,"TGFB1_ACVR1_TGFBR1","TGFB1 - (ACVR1+TGFBR1)","TGFb","Secreted Signaling","PMID: 29376829"
"Gamma-delta Cytotoxic T cells","Classical Monocytes","HLA-DMB","CD4",0.0302327831629903,0,"HLA-DMB_CD4","HLA-DMB - CD4","MHC-II","Cell-Cell Contact","KEGG: hsa04514"
"MAIT / CD161-like T cells","Conventional Dendritic Cells","CD99","PILRA",0.030203649829919,0,"CD99_PILRA","CD99 - PILRA","CD99","Cell-Cell Contact","PMID: 18234675"
"Classical Monocytes","Naive B cells","LGALS9","CD44",0.0301966146877312,0,"LGALS9_CD44","LGALS9 - CD44","GALECTIN","Secreted Signaling","PMID: 25065622"
"Naive B cells","Conventional Dendritic Cells","HLA-DPB1","CD4",0.0301879322454321,0,"HLA-DPB1_CD4","HLA-DPB1 - CD4","MHC-II","Cell-Cell Contact","KEGG: hsa04514"
"C1Q+ Monocytes","Naive B cells","ICAM1","ITGAL_ITGB2",0.0301778418583358,0,"ICAM1_ITGAL_ITGB2","ICAM1 - (ITGAL+ITGB2)","ICAM","Cell-Cell Contact","KEGG: hsa04514"
"Plasma cells","Naive B cells","HLA-C","CD8B",0.0300520365726026,0,"HLA-C_CD8B","HLA-C - CD8B","MHC-I","Cell-Cell Contact","KEGG: hsa04514"
"Conventional Dendritic Cells","Naive CD4 T cells","HLA-DRA","CD4",0.030026385173066,0,"HLA-DRA_CD4","HLA-DRA - CD4","MHC-II","Cell-Cell Contact","KEGG: hsa04514"
"Monocytes","C1Q+ Monocytes","TGFB1","ACVR1B_TGFbR2",0.0300247670974719,0,"TGFB1_ACVR1B_TGFBR2","TGFB1 - (ACVR1B+TGFBR2)","TGFb","Secreted Signaling","PMID: 27449815"
"Plasma cells","Monocytes","FCER2","ITGAX_ITGB2",0.0300136116978916,0,"FCER2A_ITGAX_ITGB2","FCER2A - (ITGAX+ITGB2)","CD23","Cell-Cell Contact","PMID: 7621072"
"Regulatory / Activated CD4 T cells","Naive B cells","CD69","KLRB1",0.0300089867753628,0,"CLEC2C_KLRB1","CLEC2C - KLRB1","CLEC","Cell-Cell Contact","PMID: 24223577"
"C1Q+ Monocytes","Classical Monocytes","HLA-DPB1","CD4",0.0299552041823645,0,"HLA-DPB1_CD4","HLA-DPB1 - CD4","MHC-II","Cell-Cell Contact","KEGG: hsa04514"
"Regulatory / Activated CD4 T cells","MAIT / CD161-like T cells","HLA-F","CD8A",0.0299277060558884,0,"HLA-F_CD8A","HLA-F - CD8A","MHC-I","Cell-Cell Contact","KEGG: hsa04514"
"Naive B cells","Naive CD4 T cells","HLA-B","CD8A",0.02991073994867,0,"HLA-B_CD8A","HLA-B - CD8A","MHC-I","Cell-Cell Contact","KEGG: hsa04514"
"Naive B cells","Naive B cells","HLA-E","CD8B",0.0298552576680566,0,"HLA-E_CD8B","HLA-E - CD8B","MHC-I","Cell-Cell Contact","KEGG: hsa04514"
"Plasma cells","Naive CD4 T cells","HLA-C","CD8B",0.029806117533847,0,"HLA-C_CD8B","HLA-C - CD8B","MHC-I","Cell-Cell Contact","KEGG: hsa04514"
"Gamma-delta Cytotoxic T cells","NK cells","FCER2","ITGAX_ITGB2",0.0297937117918259,0,"FCER2A_ITGAX_ITGB2","FCER2A - (ITGAX+ITGB2)","CD23","Cell-Cell Contact","PMID: 7621072"
"Myeloid cells","Monocytes","TGFB1","ACVR1B_TGFbR2",0.0297770036058535,0,"TGFB1_ACVR1B_TGFBR2","TGFB1 - (ACVR1B+TGFBR2)","TGFb","Secreted Signaling","PMID: 27449815"
"Naive B cells","Classical Monocytes","NAMPT","ITGA5_ITGB1",0.0297688342693626,0.02,"NAMPT_ITGA5_ITGB1","NAMPT - (ITGA5+ITGB1)","VISFATIN","Secreted Signaling","PMID: 28490838"
"Naive B cells","Naive B cells","ITGB2","CD226",0.0296680663807696,0,"ITGB2_CD226","ITGB2 - CD226","ITGB2","Cell-Cell Contact","KEGG: hsa04514"
"C1Q+ Monocytes","Classical Monocytes","TGFB1","TGFbR1_R2",0.0296566746715672,0.02,"TGFB1_TGFBR1_TGFBR2","TGFB1 - (TGFBR1+TGFBR2)","TGFb","Secreted Signaling","KEGG: hsa04350"
"MAIT / CD161-like T cells","NK-like cells","ITGB2","CD226",0.0296476760776893,0,"ITGB2_CD226","ITGB2 - CD226","ITGB2","Cell-Cell Contact","KEGG: hsa04514"
"Naive B cells","Naive CD4 T cells","HLA-E","CD8B",0.0296108997335338,0,"HLA-E_CD8B","HLA-E - CD8B","MHC-I","Cell-Cell Contact","KEGG: hsa04514"
"MAIT / CD161-like T cells","Naive CD4 T cells","HLA-B","CD8A",0.0295474118383131,0,"HLA-B_CD8A","HLA-B - CD8A","MHC-I","Cell-Cell Contact","KEGG: hsa04514"
"NK-like cells","Naive B cells","HLA-E","CD8A",0.029544985348464,0,"HLA-E_CD8A","HLA-E - CD8A","MHC-I","Cell-Cell Contact","KEGG: hsa04514"
"Platelets","Monocytes","F11R","ITGAL_ITGB2",0.0295433309959121,0,"JAM1_ITGAL_ITGB2","JAM1 - (ITGAL+ITGB2)","JAM","Cell-Cell Contact","PMID: 11812992"
"Regulatory / Activated CD4 T cells","Monocytes","TGFB1","ACVR1B_TGFbR2",0.0295261303778207,0,"TGFB1_ACVR1B_TGFBR2","TGFB1 - (ACVR1B+TGFBR2)","TGFb","Secreted Signaling","PMID: 27449815"
"Plasma cells","C1Q+ Monocytes","FCER2","ITGAX_ITGB2",0.0294763312961423,0,"FCER2A_ITGAX_ITGB2","FCER2A - (ITGAX+ITGB2)","CD23","Cell-Cell Contact","PMID: 7621072"
"C1Q+ Monocytes","Naive B cells","HLA-E","CD8B",0.0294060112121335,0,"HLA-E_CD8B","HLA-E - CD8B","MHC-I","Cell-Cell Contact","KEGG: hsa04514"
"Conventional Dendritic Cells","Naive B cells","HLA-C","CD8B",0.0293754457323725,0,"HLA-C_CD8B","HLA-C - CD8B","MHC-I","Cell-Cell Contact","KEGG: hsa04514"
"NK cells","Naive CD4 T cells","HLA-C","CD8A",0.0293011940654733,0,"HLA-C_CD8A","HLA-C - CD8A","MHC-I","Cell-Cell Contact","KEGG: hsa04514"
"Monocytes","Classical Monocytes","HLA-DPB1","CD4",0.0292957586701285,0,"HLA-DPB1_CD4","HLA-DPB1 - CD4","MHC-II","Cell-Cell Contact","KEGG: hsa04514"
"Plasma cells","MAIT / CD161-like T cells","CLEC2B","KLRB1",0.0292277245707737,0,"CLEC2B_KLRB1","CLEC2B - KLRB1","CLEC","Cell-Cell Contact","PMID: 24223577"
"Conventional Dendritic Cells","Naive B cells","HLA-E","CD8A",0.0292046817812346,0,"HLA-E_CD8A","HLA-E - CD8A","MHC-I","Cell-Cell Contact","KEGG: hsa04514"
"C1Q+ Monocytes","Myeloid cells","NAMPT","INSR",0.0291976875002002,0,"NAMPT_INSR","NAMPT - INSR","VISFATIN","Secreted Signaling","PMID: 28490838"
"C1Q+ Monocytes","Gamma-delta Cytotoxic T cells","TNFSF13B","TNFRSF13C",0.0291925360315518,0,"TNFSF13B_TNFRSF13C","TNFSF13B - TNFRSF13C","BAFF","Secreted Signaling","KEGG: hsa04060"
"C1Q+ Monocytes","Naive CD4 T cells","HLA-E","CD8B",0.0291652197093783,0,"HLA-E_CD8B","HLA-E - CD8B","MHC-I","Cell-Cell Contact","KEGG: hsa04514"
"Conventional Dendritic Cells","Naive CD4 T cells","HLA-C","CD8B",0.0291348970024648,0,"HLA-C_CD8B","HLA-C - CD8B","MHC-I","Cell-Cell Contact","KEGG: hsa04514"
"Myeloid cells","NK cells","HLA-C","KIR2DS4",0.0291040029485528,0,"HLA-C_KIR2DS4","HLA-C - KIR2DS4","MHC-I","Cell-Cell Contact","PMID: 28484462"
"Conventional Dendritic Cells","Naive CD4 T cells","HLA-DRB1","CD4",0.0290919328380517,0,"HLA-DRB1_CD4","HLA-DRB1 - CD4","MHC-II","Cell-Cell Contact","KEGG: hsa04514"
"NK-like cells","Regulatory / Activated CD4 T cells","CCL5","CCR4",0.0290819799395967,0,"CCL5_CCR4","CCL5 - CCR4","CCL","Secreted Signaling","KEGG: hsa04060"
"C1Q+ Monocytes","NK cells","ICAM1","ITGAL",0.0290205658146131,0,"ICAM1_ITGAL","ICAM1 - ITGAL","ICAM","Cell-Cell Contact","PMID: 23602662"
"Naive CD4 T cells","Naive B cells","HLA-C","CD8B",0.0290157907852621,0,"HLA-C_CD8B","HLA-C - CD8B","MHC-I","Cell-Cell Contact","KEGG: hsa04514"
"Plasma cells","MAIT / CD161-like T cells","COL4A4","CD44",0.0289447491977085,0,"COL4A4_CD44","COL4A4 - CD44","COLLAGEN","ECM-Receptor","KEGG: hsa04512"
"Naive B cells","Naive CD4 T cells","TGFB1","TGFbR1_R2",0.028901542614032,0.01,"TGFB1_TGFBR1_TGFBR2","TGFB1 - (TGFBR1+TGFBR2)","TGFb","Secreted Signaling","KEGG: hsa04350"
"NK cells","Naive CD4 T cells","TGFB1","TGFbR1_R2",0.0288980393350661,0.03,"TGFB1_TGFBR1_TGFBR2","TGFB1 - (TGFBR1+TGFBR2)","TGFb","Secreted Signaling","KEGG: hsa04350"
"Classical Monocytes","Conventional Dendritic Cells","CD99","PILRA",0.0288664528429976,0,"CD99_PILRA","CD99 - PILRA","CD99","Cell-Cell Contact","PMID: 18234675"
"Naive CD4 T cells","MAIT / CD161-like T cells","HLA-F","CD8A",0.0288093775565141,0,"HLA-F_CD8A","HLA-F - CD8A","MHC-I","Cell-Cell Contact","KEGG: hsa04514"
"Naive CD4 T cells","Naive CD4 T cells","HLA-C","CD8B",0.028778099866167,0,"HLA-C_CD8B","HLA-C - CD8B","MHC-I","Cell-Cell Contact","KEGG: hsa04514"
"Plasma cells","Naive B cells","HLA-E","KLRC2",0.0287688248607568,0,"HLA-E_KLRC2","HLA-E - KLRC2","MHC-I","Cell-Cell Contact","PMID: 26697006"
"Naive CD4 T cells","Naive B cells","HLA-E","KLRC2",0.0287059736499223,0,"HLA-E_KLRC2","HLA-E - KLRC2","MHC-I","Cell-Cell Contact","PMID: 26697006"
"Monocytes","Conventional Dendritic Cells","THBS1","CD47",0.0286800469193832,0,"THBS1_CD47","THBS1 - CD47","THBS","ECM-Receptor","KEGG: hsa04512"
"Plasma cells","Gamma-delta Cytotoxic T cells","COL4A4","CD44",0.0285831819167966,0,"COL4A4_CD44","COL4A4 - CD44","COLLAGEN","ECM-Receptor","KEGG: hsa04512"
"Classical Monocytes","Naive B cells","HLA-A","CD8B",0.0285752119925009,0,"HLA-A_CD8B","HLA-A - CD8B","MHC-I","Cell-Cell Contact","KEGG: hsa04514"
"Naive B cells","Naive B cells","CLEC2B","KLRB1",0.0285644401830313,0,"CLEC2B_KLRB1","CLEC2B - KLRB1","CLEC","Cell-Cell Contact","PMID: 24223577"
"Conventional Dendritic Cells","Gamma-delta Cytotoxic T cells","TNFSF13B","TNFRSF13C",0.028562165486811,0,"TNFSF13B_TNFRSF13C","TNFSF13B - TNFRSF13C","BAFF","Secreted Signaling","KEGG: hsa04060"
"Monocytes","Conventional Dendritic Cells","NAMPT","INSR",0.0285230312694726,0,"NAMPT_INSR","NAMPT - INSR","VISFATIN","Secreted Signaling","PMID: 28490838"
"Naive CD4 T cells","NK cells","HLA-B","KIR3DL2",0.0285156426903372,0,"HLA-B_KIR3DL2","HLA-B - KIR3DL2","MHC-I","Cell-Cell Contact","PMID: 28484462"
"Conventional Dendritic Cells","Myeloid cells","TGFB1","ACVR1B_TGFbR2",0.0284368952207692,0,"TGFB1_ACVR1B_TGFBR2","TGFB1 - (ACVR1B+TGFBR2)","TGFb","Secreted Signaling","PMID: 27449815"
"C1Q+ Monocytes","NK cells","ICAM1","ITGAM_ITGB2",0.0284313522344289,0,"ICAM1_ITGAM_ITGB2","ICAM1 - (ITGAM+ITGB2)","ICAM","Cell-Cell Contact","KEGG: hsa04514"
"NK-like cells","NK cells","ITGB2","CD226",0.0284292710282605,0,"ITGB2_CD226","ITGB2 - CD226","ITGB2","Cell-Cell Contact","KEGG: hsa04514"
"Naive B cells","C1Q+ Monocytes","HLA-DRB1","CD4",0.0283685990792761,0,"HLA-DRB1_CD4","HLA-DRB1 - CD4","MHC-II","Cell-Cell Contact","KEGG: hsa04514"
"Gamma-delta Cytotoxic T cells","NK cells","CD48","CD244",0.0283585338646266,0,"CD48_CD244A","CD48 - CD244A","CD48","Cell-Cell Contact","PMID: 26697006"
"Naive B cells","Naive CD4 T cells","HLA-E","KLRK1",0.0283492364597761,0,"HLA-E_KLRK1","HLA-E - KLRK1","MHC-I","Cell-Cell Contact","PMID: 28484462"
"Classical Monocytes","Naive CD4 T cells","HLA-A","CD8B",0.0283410248542341,0,"HLA-A_CD8B","HLA-A - CD8B","MHC-I","Cell-Cell Contact","KEGG: hsa04514"
"C1Q+ Monocytes","C1Q+ Monocytes","HLA-DQA1","CD4",0.0282426763250989,0,"HLA-DQA1_CD4","HLA-DQA1 - CD4","MHC-II","Cell-Cell Contact","KEGG: hsa04514"
"Naive CD4 T cells","Naive B cells","CLEC2D","KLRB1",0.0282029005920754,0,"CLEC2D_KLRB1","CLEC2D - KLRB1","CLEC","Cell-Cell Contact","PMID: 24223577"
"Plasma cells","Naive CD4 T cells","COL4A4","CD44",0.0281612447079191,0,"COL4A4_CD44","COL4A4 - CD44","COLLAGEN","ECM-Receptor","KEGG: hsa04512"
"C1Q+ Monocytes","Conventional Dendritic Cells","LGALS9","HAVCR2",0.028132829043896,0,"LGALS9_HAVCR2","LGALS9 - HAVCR2","GALECTIN","Secreted Signaling","PMID: 27192565"
"Myeloid cells","Classical Monocytes","CD99","PILRA",0.0281286998379481,0,"CD99_PILRA","CD99 - PILRA","CD99","Cell-Cell Contact","PMID: 18234675"
"Gamma-delta Cytotoxic T cells","NK cells","HLA-B","KIR3DL2",0.0280992287575359,0,"HLA-B_KIR3DL2","HLA-B - KIR3DL2","MHC-I","Cell-Cell Contact","PMID: 28484462"
"NK cells","NK cells","GZMA","F2R",0.0280916058873771,0,"GZMA_F2R","GZMA - F2R","PARs","Secreted Signaling","KEGG: hsa04080"
"Monocytes","Naive CD4 T cells","HLA-B","CD8A",0.0280636959381362,0,"HLA-B_CD8A","HLA-B - CD8A","MHC-I","Cell-Cell Contact","KEGG: hsa04514"
"Myeloid cells","Monocytes","ANXA1","FPR1",0.0280623376892042,0,"ANXA1_FPR1","ANXA1 - FPR1","ANNEXIN","Secreted Signaling","PMID: 23230437"
"C1Q+ Monocytes","Classical Monocytes","SELPLG","SELL",0.0280371823784733,0,"SELPLG_SELL","SELPLG - SELL","SELPLG","Cell-Cell Contact","PMC2431087; PMID:  8892633,PMID:  8896607"
"Platelets","NK cells","HLA-B","CD8A",0.0280256950436927,0,"HLA-B_CD8A","HLA-B - CD8A","MHC-I","Cell-Cell Contact","KEGG: hsa04514"
"Plasma cells","Regulatory / Activated CD4 T cells","HLA-DMB","CD4",0.0280041156206967,0,"HLA-DMB_CD4","HLA-DMB - CD4","MHC-II","Cell-Cell Contact","KEGG: hsa04514"
"Platelets","Naive CD4 T cells","HLA-C","CD8A",0.0279910444050873,0,"HLA-C_CD8A","HLA-C - CD8A","MHC-I","Cell-Cell Contact","KEGG: hsa04514"
"NK cells","NK cells","HLA-C","KIR2DL1",0.0279699277903389,0,"HLA-C_KIR2DL1","HLA-C - KIR2DL1","MHC-I","Cell-Cell Contact","PMID: 28484462"
"C1Q+ Monocytes","Naive CD4 T cells","HLA-E","KLRK1",0.0279219995948455,0,"HLA-E_KLRK1","HLA-E - KLRK1","MHC-I","Cell-Cell Contact","PMID: 28484462"
"Monocytes","C1Q+ Monocytes","HLA-DMB","CD4",0.0278929029447989,0,"HLA-DMB_CD4","HLA-DMB - CD4","MHC-II","Cell-Cell Contact","KEGG: hsa04514"
"Monocytes","Conventional Dendritic Cells","HLA-DQB1","CD4",0.0278822336603924,0,"HLA-DQB1_CD4","HLA-DQB1 - CD4","MHC-II","Cell-Cell Contact","KEGG: hsa04514"
"Naive B cells","NK cells","CD48","CD244",0.0278508065659749,0,"CD48_CD244A","CD48 - CD244A","CD48","Cell-Cell Contact","PMID: 26697006"
"Myeloid cells","NK cells","HLA-E","CD94:NKG2C",0.0278208167357313,0,"HLA-E_CD94:NKG2C","HLA-E - CD94:NKG2C","MHC-I","Cell-Cell Contact","PMID: 28484462"
"Conventional Dendritic Cells","NK cells","CD48","CD244",0.027781788462735,0,"CD48_CD244A","CD48 - CD244A","CD48","Cell-Cell Contact","PMID: 26697006"
"MAIT / CD161-like T cells","Naive B cells","HLA-E","CD8B",0.0277335494077097,0,"HLA-E_CD8B","HLA-E - CD8B","MHC-I","Cell-Cell Contact","KEGG: hsa04514"
"C1Q+ Monocytes","Naive CD4 T cells","HLA-B","CD8A",0.0276054937784043,0,"HLA-B_CD8A","HLA-B - CD8A","MHC-I","Cell-Cell Contact","KEGG: hsa04514"
"Classical Monocytes","MAIT / CD161-like T cells","THBS1","CD47",0.0276004884037058,0,"THBS1_CD47","THBS1 - CD47","THBS","ECM-Receptor","KEGG: hsa04512"
"NK-like cells","Classical Monocytes","ANXA1","FPR1",0.0275871249925618,0,"ANXA1_FPR1","ANXA1 - FPR1","ANNEXIN","Secreted Signaling","PMID: 23230437"
"Naive CD4 T cells","Naive B cells","CD69","KLRB1",0.0275486346335865,0,"CLEC2C_KLRB1","CLEC2C - KLRB1","CLEC","Cell-Cell Contact","PMID: 24223577"
"NK cells","Conventional Dendritic Cells","ITGB2","ICAM1",0.0275429976432298,0,"ITGB2_ICAM1","ITGB2 - ICAM1","ITGB2","Cell-Cell Contact","KEGG: hsa04514"
"Naive CD4 T cells","Naive B cells","HLA-A","CD8B",0.0275132619305182,0,"HLA-A_CD8B","HLA-A - CD8B","MHC-I","Cell-Cell Contact","KEGG: hsa04514"
"MAIT / CD161-like T cells","Naive CD4 T cells","HLA-E","CD8B",0.0275060647724819,0,"HLA-E_CD8B","HLA-E - CD8B","MHC-I","Cell-Cell Contact","KEGG: hsa04514"
"Plasma cells","Conventional Dendritic Cells","FCER2","ITGAX_ITGB2",0.0274921917013103,0,"FCER2A_ITGAX_ITGB2","FCER2A - (ITGAX+ITGB2)","CD23","Cell-Cell Contact","PMID: 7621072"
"Naive B cells","Naive CD4 T cells","HLA-C","CD8A",0.0274879501044861,0,"HLA-C_CD8A","HLA-C - CD8A","MHC-I","Cell-Cell Contact","KEGG: hsa04514"
"Platelets","Conventional Dendritic Cells","GP1BA","ITGAM_ITGB2",0.0274813321579617,0,"GP1BA_ITGAM_ITGB2","GP1BA - (ITGAM+ITGB2)","GP1BA","Cell-Cell Contact","PMC2194217"
"NK cells","Platelets","SELPLG","SELP",0.0274410243019093,0,"SELPLG_SELP","SELPLG - SELP","SELPLG","Cell-Cell Contact","PMID: 19118202; PMID: 9829984"
"Monocytes","Myeloid cells","NAMPT","INSR",0.0273123610562307,0,"NAMPT_INSR","NAMPT - INSR","VISFATIN","Secreted Signaling","PMID: 28490838"
"Myeloid cells","Monocytes","CD99","PILRA",0.0273111395494883,0,"CD99_PILRA","CD99 - PILRA","CD99","Cell-Cell Contact","PMID: 18234675"
"Monocytes","Conventional Dendritic Cells","ITGB2","ICAM1",0.0273002237306247,0,"ITGB2_ICAM1","ITGB2 - ICAM1","ITGB2","Cell-Cell Contact","KEGG: hsa04514"
"Naive CD4 T cells","Naive CD4 T cells","HLA-A","CD8B",0.0272875334923356,0,"HLA-A_CD8B","HLA-A - CD8B","MHC-I","Cell-Cell Contact","KEGG: hsa04514"
"C1Q+ Monocytes","Naive B cells","ICAM1","ITGAL",0.0271851200879897,0,"ICAM1_ITGAL","ICAM1 - ITGAL","ICAM","Cell-Cell Contact","PMID: 23602662"
"C1Q+ Monocytes","Naive B cells","HLA-A","CD8B",0.0271115483244069,0,"HLA-A_CD8B","HLA-A - CD8B","MHC-I","Cell-Cell Contact","KEGG: hsa04514"
"Conventional Dendritic Cells","NK cells","CD69","KLRB1",0.0270909000620965,0,"CLEC2C_KLRB1","CLEC2C - KLRB1","CLEC","Cell-Cell Contact","PMID: 24223577"
"Plasma cells","Myeloid cells","CD99","PILRA",0.0270763915773061,0,"CD99_PILRA","CD99 - PILRA","CD99","Cell-Cell Contact","PMID: 18234675"
"C1Q+ Monocytes","Monocytes","LGALS9","HAVCR2",0.027074752172377,0,"LGALS9_HAVCR2","LGALS9 - HAVCR2","GALECTIN","Secreted Signaling","PMID: 27192565"
"Conventional Dendritic Cells","Conventional Dendritic Cells","LGALS9","HAVCR2",0.0270476198847305,0,"LGALS9_HAVCR2","LGALS9 - HAVCR2","GALECTIN","Secreted Signaling","PMID: 27192565"
"Monocytes","Naive B cells","HLA-E","KLRC2",0.0270175183877319,0,"HLA-E_KLRC2","HLA-E - KLRC2","MHC-I","Cell-Cell Contact","PMID: 26697006"
"Plasma cells","Naive B cells","HLA-A","CD8B",0.0270103177894908,0,"HLA-A_CD8B","HLA-A - CD8B","MHC-I","Cell-Cell Contact","KEGG: hsa04514"
"Naive B cells","Monocytes","HLA-DRB1","CD4",0.0269731834753468,0,"HLA-DRB1_CD4","HLA-DRB1 - CD4","MHC-II","Cell-Cell Contact","KEGG: hsa04514"
"Platelets","MAIT / CD161-like T cells","HLA-E","KLRK1",0.0269673389780472,0,"HLA-E_KLRK1","HLA-E - KLRK1","MHC-I","Cell-Cell Contact","PMID: 28484462"
"Naive CD4 T cells","Classical Monocytes","CD99","PILRA",0.0269646644556258,0,"CD99_PILRA","CD99 - PILRA","CD99","Cell-Cell Contact","PMID: 18234675"
"Platelets","Naive CD4 T cells","HLA-A","CD8A",0.0269574178275492,0,"HLA-A_CD8A","HLA-A - CD8A","MHC-I","Cell-Cell Contact","KEGG: hsa04514"
"C1Q+ Monocytes","Naive CD4 T cells","HLA-A","CD8B",0.0268890245573066,0,"HLA-A_CD8B","HLA-A - CD8B","MHC-I","Cell-Cell Contact","KEGG: hsa04514"
"C1Q+ Monocytes","Monocytes","HLA-DQA1","CD4",0.0268532835175871,0,"HLA-DQA1_CD4","HLA-DQA1 - CD4","MHC-II","Cell-Cell Contact","KEGG: hsa04514"
"Regulatory / Activated CD4 T cells","Naive B cells","HLA-E","CD8B",0.0268288500096141,0,"HLA-E_CD8B","HLA-E - CD8B","MHC-I","Cell-Cell Contact","KEGG: hsa04514"
"NK cells","Naive CD4 T cells","HLA-A","CD8A",0.0268254008332139,0,"HLA-A_CD8A","HLA-A - CD8A","MHC-I","Cell-Cell Contact","KEGG: hsa04514"
"MAIT / CD161-like T cells","Classical Monocytes","ANXA1","FPR1",0.026816998657593,0,"ANXA1_FPR1","ANXA1 - FPR1","ANNEXIN","Secreted Signaling","PMID: 23230437"
"Regulatory / Activated CD4 T cells","Naive B cells","CLEC2D","KLRB1",0.0268095171370606,0,"CLEC2D_KLRB1","CLEC2D - KLRB1","CLEC","Cell-Cell Contact","PMID: 24223577"
"MAIT / CD161-like T cells","NK-like cells","CLEC2D","KLRB1",0.0267942432885052,0,"CLEC2D_KLRB1","CLEC2D - KLRB1","CLEC","Cell-Cell Contact","PMID: 24223577"
"Plasma cells","Naive CD4 T cells","HLA-A","CD8B",0.0267886020152817,0,"HLA-A_CD8B","HLA-A - CD8B","MHC-I","Cell-Cell Contact","KEGG: hsa04514"
"Plasma cells","Plasma cells","COL4A4","CD44",0.0267769514329762,0,"COL4A4_CD44","COL4A4 - CD44","COLLAGEN","ECM-Receptor","KEGG: hsa04512"
"C1Q+ Monocytes","Classical Monocytes","ICAM1","ITGAM_ITGB2",0.0267386927137198,0,"ICAM1_ITGAM_ITGB2","ICAM1 - (ITGAM+ITGB2)","ICAM","Cell-Cell Contact","KEGG: hsa04514"
"Regulatory / Activated CD4 T cells","Naive CD4 T cells","HLA-B","CD8A",0.0267323548371104,0,"HLA-B_CD8A","HLA-B - CD8A","MHC-I","Cell-Cell Contact","KEGG: hsa04514"
"Platelets","NK cells","HLA-C","KIR2DL1",0.0267176649033317,0,"HLA-C_KIR2DL1","HLA-C - KIR2DL1","MHC-I","Cell-Cell Contact","PMID: 28484462"
"NK-like cells","NK-like cells","CLEC2D","KLRB1",0.0267058151719659,0,"CLEC2D_KLRB1","CLEC2D - KLRB1","CLEC","Cell-Cell Contact","PMID: 24223577"
"Classical Monocytes","Naive CD4 T cells","HLA-B","CD8A",0.0266699149924417,0,"HLA-B_CD8A","HLA-B - CD8A","MHC-I","Cell-Cell Contact","KEGG: hsa04514"
"Regulatory / Activated CD4 T cells","Naive CD4 T cells","HLA-E","CD8B",0.0266085830881496,0,"HLA-E_CD8B","HLA-E - CD8B","MHC-I","Cell-Cell Contact","KEGG: hsa04514"
"Monocytes","NK cells","CD48","CD244",0.0265868244096885,0,"CD48_CD244A","CD48 - CD244A","CD48","Cell-Cell Contact","PMID: 26697006"
"Monocytes","Classical Monocytes","LGALS9","HAVCR2",0.0265601913335394,0,"LGALS9_HAVCR2","LGALS9 - HAVCR2","GALECTIN","Secreted Signaling","PMID: 27192565"
"Monocytes","Monocytes","HLA-DMB","CD4",0.0265202475712837,0,"HLA-DMB_CD4","HLA-DMB - CD4","MHC-II","Cell-Cell Contact","KEGG: hsa04514"
"Gamma-delta Cytotoxic T cells","Naive B cells","HLA-E","KLRC2",0.0265087022953447,0,"HLA-E_KLRC2","HLA-E - KLRC2","MHC-I","Cell-Cell Contact","PMID: 26697006"
"NK cells","C1Q+ Monocytes","ITGB2","ICAM2",0.0264972528433193,0,"ITGB2_ICAM2","ITGB2 - ICAM2","ITGB2","Cell-Cell Contact","KEGG: hsa04514"
"Platelets","Classical Monocytes","F11R","ITGAL_ITGB2",0.026494756235406,0,"JAM1_ITGAL_ITGB2","JAM1 - (ITGAL+ITGB2)","JAM","Cell-Cell Contact","PMID: 11812992"
"Plasma cells","Naive B cells","COL4A4","CD44",0.0264433952947468,0,"COL4A4_CD44","COL4A4 - CD44","COLLAGEN","ECM-Receptor","KEGG: hsa04512"
"MAIT / CD161-like T cells","NK cells","ITGB2","CD226",0.0264300715183926,0,"ITGB2_CD226","ITGB2 - CD226","ITGB2","Cell-Cell Contact","KEGG: hsa04514"
"Plasma cells","C1Q+ Monocytes","HLA-F","LILRB1",0.0264084040862273,0,"HLA-F_LILRB1","HLA-F - LILRB1","MHC-I","Cell-Cell Contact","PMID: 28484462"
"MAIT / CD161-like T cells","Naive CD4 T cells","HLA-C","CD8A",0.0263966015270879,0,"HLA-C_CD8A","HLA-C - CD8A","MHC-I","Cell-Cell Contact","KEGG: hsa04514"
"MAIT / CD161-like T cells","Naive CD4 T cells","HLA-E","KLRK1",0.0263316508928781,0,"HLA-E_KLRK1","HLA-E - KLRK1","MHC-I","Cell-Cell Contact","PMID: 28484462"
"Classical Monocytes","C1Q+ Monocytes","HLA-DPA1","CD4",0.0263295329275116,0,"HLA-DPA1_CD4","HLA-DPA1 - CD4","MHC-II","Cell-Cell Contact","KEGG: hsa04514"
"Monocytes","C1Q+ Monocytes","ITGB2","ICAM2",0.0262634475606366,0,"ITGB2_ICAM2","ITGB2 - ICAM2","ITGB2","Cell-Cell Contact","KEGG: hsa04514"
"Naive B cells","NK cells","HLA-C","KIR2DL1",0.0262368397910512,0,"HLA-C_KIR2DL1","HLA-C - KIR2DL1","MHC-I","Cell-Cell Contact","PMID: 28484462"
"C1Q+ Monocytes","Plasma cells","TNFSF13B","TNFRSF13C",0.0262037422709296,0,"TNFSF13B_TNFRSF13C","TNFSF13B - TNFRSF13C","BAFF","Secreted Signaling","KEGG: hsa04060"
"Naive CD4 T cells","Monocytes","CD99","PILRA",0.0261800254640814,0,"CD99_PILRA","CD99 - PILRA","CD99","Cell-Cell Contact","PMID: 18234675"
"NK cells","NK cells","HLA-B","CD8A",0.0261412435500574,0,"HLA-B_CD8A","HLA-B - CD8A","MHC-I","Cell-Cell Contact","KEGG: hsa04514"
"Plasma cells","Naive B cells","CD69","KLRB1",0.0260636052831063,0,"CLEC2C_KLRB1","CLEC2C - KLRB1","CLEC","Cell-Cell Contact","PMID: 24223577"
"Platelets","Conventional Dendritic Cells","TGFB1","ACVR1B_TGFbR2",0.026035279234545,0,"TGFB1_ACVR1B_TGFBR2","TGFB1 - (ACVR1B+TGFBR2)","TGFb","Secreted Signaling","PMID: 27449815"
"Conventional Dendritic Cells","Monocytes","LGALS9","HAVCR2",0.0260292646437624,0,"LGALS9_HAVCR2","LGALS9 - HAVCR2","GALECTIN","Secreted Signaling","PMID: 27192565"
"Conventional Dendritic Cells","Naive B cells","HLA-A","CD8B",0.0259781219029393,0,"HLA-A_CD8B","HLA-A - CD8B","MHC-I","Cell-Cell Contact","KEGG: hsa04514"
"Gamma-delta Cytotoxic T cells","Regulatory / Activated CD4 T cells","HLA-DMA","CD4",0.0259326520013189,0,"HLA-DMA_CD4","HLA-DMA - CD4","MHC-II","Cell-Cell Contact","KEGG: hsa04514"
"C1Q+ Monocytes","C1Q+ Monocytes","HLA-DQB1","CD4",0.0259177146871181,0,"HLA-DQB1_CD4","HLA-DQB1 - CD4","MHC-II","Cell-Cell Contact","KEGG: hsa04514"
"Naive B cells","Naive CD4 T cells","HLA-A","CD8A",0.025840012542651,0,"HLA-A_CD8A","HLA-A - CD8A","MHC-I","Cell-Cell Contact","KEGG: hsa04514"
"MAIT / CD161-like T cells","Monocytes","TGFB1","ACVR1_TGFbR",0.0257678869669992,0,"TGFB1_ACVR1_TGFBR1","TGFB1 - (ACVR1+TGFBR1)","TGFb","Secreted Signaling","PMID: 29376829"
"Conventional Dendritic Cells","Naive CD4 T cells","HLA-A","CD8B",0.0257646546092334,0,"HLA-A_CD8B","HLA-A - CD8B","MHC-I","Cell-Cell Contact","KEGG: hsa04514"
"Plasma cells","Classical Monocytes","HLA-DMB","CD4",0.0257492184944322,0,"HLA-DMB_CD4","HLA-DMB - CD4","MHC-II","Cell-Cell Contact","KEGG: hsa04514"
"Classical Monocytes","Naive B cells","HLA-E","KLRC2",0.0257462756503226,0,"HLA-E_KLRC2","HLA-E - KLRC2","MHC-I","Cell-Cell Contact","PMID: 26697006"
"Gamma-delta Cytotoxic T cells","Naive B cells","HLA-C","CD8B",0.0257309340326556,0,"HLA-C_CD8B","HLA-C - CD8B","MHC-I","Cell-Cell Contact","KEGG: hsa04514"
"Classical Monocytes","C1Q+ Monocytes","TGFB1","ACVR1B_TGFbR2",0.0257225264916418,0,"TGFB1_ACVR1B_TGFBR2","TGFB1 - (ACVR1B+TGFBR2)","TGFb","Secreted Signaling","PMID: 27449815"
"Myeloid cells","NK-like cells","HLA-E","CD94:NKG2E",0.025673582205166,0,"HLA-E_CD94:NKG2E","HLA-E - CD94:NKG2E","MHC-I","Cell-Cell Contact","PMID: 28484462"
"Naive B cells","NK cells","HLA-B","CD8A",0.0256638252059139,0,"HLA-B_CD8A","HLA-B - CD8A","MHC-I","Cell-Cell Contact","KEGG: hsa04514"
"Conventional Dendritic Cells","Plasma cells","TNFSF13B","TNFRSF13C",0.025636206120708,0,"TNFSF13B_TNFRSF13C","TNFSF13B - TNFRSF13C","BAFF","Secreted Signaling","KEGG: hsa04060"
"Plasma cells","Naive CD4 T cells","HLA-B","CD8A",0.0256202878719001,0,"HLA-B_CD8A","HLA-B - CD8A","MHC-I","Cell-Cell Contact","KEGG: hsa04514"
"Conventional Dendritic Cells","Naive CD4 T cells","HLA-B","CD8A",0.0256005444878289,0,"HLA-B_CD8A","HLA-B - CD8A","MHC-I","Cell-Cell Contact","KEGG: hsa04514"
"Conventional Dendritic Cells","Classical Monocytes","ICAM1","ITGAX_ITGB2",0.0255519417187227,0,"ICAM1_ITGAX_ITGB2","ICAM1 - (ITGAX+ITGB2)","ICAM","Cell-Cell Contact","PMID: 16252253"
"Gamma-delta Cytotoxic T cells","Naive CD4 T cells","HLA-C","CD8B",0.0255194447125327,0,"HLA-C_CD8B","HLA-C - CD8B","MHC-I","Cell-Cell Contact","KEGG: hsa04514"
"Classical Monocytes","Conventional Dendritic Cells","ITGB2","ICAM1",0.0254971278209655,0,"ITGB2_ICAM1","ITGB2 - ICAM1","ITGB2","Cell-Cell Contact","KEGG: hsa04514"
"Regulatory / Activated CD4 T cells","Naive CD4 T cells","HLA-E","KLRK1",0.0254714849161324,0,"HLA-E_KLRK1","HLA-E - KLRK1","MHC-I","Cell-Cell Contact","PMID: 28484462"
"Monocytes","Regulatory / Activated CD4 T cells","HLA-DMA","CD4",0.0254635100469699,0,"HLA-DMA_CD4","HLA-DMA - CD4","MHC-II","Cell-Cell Contact","KEGG: hsa04514"
"MAIT / CD161-like T cells","NK cells","HLA-B","CD8A",0.0253507365962022,0,"HLA-B_CD8A","HLA-B - CD8A","MHC-I","Cell-Cell Contact","KEGG: hsa04514"
"Plasma cells","Regulatory / Activated CD4 T cells","HLA-DMA","CD4",0.0253196954858966,0,"HLA-DMA_CD4","HLA-DMA - CD4","MHC-II","Cell-Cell Contact","KEGG: hsa04514"
"Conventional Dendritic Cells","Conventional Dendritic Cells","CD99","PILRA",0.0253167769303446,0,"CD99_PILRA","CD99 - PILRA","CD99","Cell-Cell Contact","PMID: 18234675"
"Plasma cells","Naive B cells","HLA-E","CD8B",0.0253097025047816,0,"HLA-E_CD8B","HLA-E - CD8B","MHC-I","Cell-Cell Contact","KEGG: hsa04514"
"Conventional Dendritic Cells","Monocytes","TGFB1","ACVR1B_TGFbR2",0.0252827444898115,0,"TGFB1_ACVR1B_TGFBR2","TGFB1 - (ACVR1B+TGFBR2)","TGFb","Secreted Signaling","PMID: 27449815"
"NK cells","NK cells","CD48","CD244",0.0252615326509889,0,"CD48_CD244A","CD48 - CD244A","CD48","Cell-Cell Contact","PMID: 26697006"
"Naive CD4 T cells","Naive B cells","HLA-E","CD8B",0.0252542119308866,0,"HLA-E_CD8B","HLA-E - CD8B","MHC-I","Cell-Cell Contact","KEGG: hsa04514"
"Monocytes","MAIT / CD161-like T cells","THBS1","CD47",0.0252290970644433,0,"THBS1_CD47","THBS1 - CD47","THBS","ECM-Receptor","KEGG: hsa04512"
"MAIT / CD161-like T cells","NK cells","HLA-C","KIR2DL1",0.0251938769789576,0,"HLA-C_KIR2DL1","HLA-C - KIR2DL1","MHC-I","Cell-Cell Contact","PMID: 28484462"
"NK cells","NK cells","HLA-C","CD8A",0.0251385837207544,0,"HLA-C_CD8A","HLA-C - CD8A","MHC-I","Cell-Cell Contact","KEGG: hsa04514"
"Plasma cells","Naive CD4 T cells","HLA-E","CD8B",0.0251015861951779,0,"HLA-E_CD8B","HLA-E - CD8B","MHC-I","Cell-Cell Contact","KEGG: hsa04514"
"NK cells","NK cells","HLA-C","KIR2DL3",0.0250948165068269,0,"HLA-C_KIR2DL3","HLA-C - KIR2DL3","MHC-I","Cell-Cell Contact","PMID: 28484462"
"MAIT / CD161-like T cells","Naive CD4 T cells","HLA-A","CD8A",0.025073058319785,0,"HLA-A_CD8A","HLA-A - CD8A","MHC-I","Cell-Cell Contact","KEGG: hsa04514"
"C1Q+ Monocytes","Conventional Dendritic Cells","ITGB2","ICAM1",0.0250641049131514,0,"ITGB2_ICAM1","ITGB2 - ICAM1","ITGB2","Cell-Cell Contact","KEGG: hsa04514"
"Naive CD4 T cells","Naive CD4 T cells","HLA-E","CD8B",0.025046540183313,0,"HLA-E_CD8B","HLA-E - CD8B","MHC-I","Cell-Cell Contact","KEGG: hsa04514"
"Classical Monocytes","Monocytes","HLA-DPA1","CD4",0.0250318324416862,0,"HLA-DPA1_CD4","HLA-DPA1 - CD4","MHC-II","Cell-Cell Contact","KEGG: hsa04514"
"Regulatory / Activated CD4 T cells","NK-like cells","ITGB2","CD226",0.0250305008491279,0,"ITGB2_CD226","ITGB2 - CD226","ITGB2","Cell-Cell Contact","KEGG: hsa04514"
"Naive B cells","Regulatory / Activated CD4 T cells","HLA-DPB1","CD4",0.0250021743016575,0,"HLA-DPB1_CD4","HLA-DPB1 - CD4","MHC-II","Cell-Cell Contact","KEGG: hsa04514"
"Myeloid cells","Monocytes","PECAM1","PECAM1",0.0249981347870054,0,"PECAM1_PECAM1","PECAM1 - PECAM1","PECAM1","Cell-Cell Contact","KEGG: hsa04514"
"Monocytes","Myeloid cells","PECAM1","PECAM1",0.0249981347870054,0,"PECAM1_PECAM1","PECAM1 - PECAM1","PECAM1","Cell-Cell Contact","KEGG: hsa04514"
"Conventional Dendritic Cells","C1Q+ Monocytes","HLA-F","LILRB1",0.0248162441029943,0,"HLA-F_LILRB1","HLA-F - LILRB1","MHC-I","Cell-Cell Contact","PMID: 28484462"
"C1Q+ Monocytes","C1Q+ Monocytes","ANXA1","FPR1",0.0247584412594651,0,"ANXA1_FPR1","ANXA1 - FPR1","ANNEXIN","Secreted Signaling","PMID: 23230437"
"Monocytes","Naive CD4 T cells","HLA-C","CD8A",0.0247129318560896,0,"HLA-C_CD8A","HLA-C - CD8A","MHC-I","Cell-Cell Contact","KEGG: hsa04514"
"NK cells","C1Q+ Monocytes","HLA-DPB1","CD4",0.0246493555739675,0,"HLA-DPB1_CD4","HLA-DPB1 - CD4","MHC-II","Cell-Cell Contact","KEGG: hsa04514"
"C1Q+ Monocytes","Monocytes","HLA-DQB1","CD4",0.0246397977930206,0,"HLA-DQB1_CD4","HLA-DQB1 - CD4","MHC-II","Cell-Cell Contact","KEGG: hsa04514"
"Myeloid cells","Classical Monocytes","PECAM1","PECAM1",0.0246304677336812,0,"PECAM1_PECAM1","PECAM1 - PECAM1","PECAM1","Cell-Cell Contact","KEGG: hsa04514"
"Classical Monocytes","Myeloid cells","PECAM1","PECAM1",0.0246304677336812,0,"PECAM1_PECAM1","PECAM1 - PECAM1","PECAM1","Cell-Cell Contact","KEGG: hsa04514"
"NK cells","Naive CD4 T cells","HLA-E","CD8A",0.0246228781106851,0,"HLA-E_CD8A","HLA-E - CD8A","MHC-I","Cell-Cell Contact","KEGG: hsa04514"
"C1Q+ Monocytes","Monocytes","ICAM1","ITGAM_ITGB2",0.0246207222363009,0,"ICAM1_ITGAM_ITGB2","ICAM1 - (ITGAM+ITGB2)","ICAM","Cell-Cell Contact","KEGG: hsa04514"
"C1Q+ Monocytes","NK-like cells","ICAM1","ITGAL_ITGB2",0.024600481150353,0,"ICAM1_ITGAL_ITGB2","ICAM1 - (ITGAL+ITGB2)","ICAM","Cell-Cell Contact","KEGG: hsa04514"
"C1Q+ Monocytes","Naive CD4 T cells","HLA-C","CD8A",0.0245621788457303,0,"HLA-C_CD8A","HLA-C - CD8A","MHC-I","Cell-Cell Contact","KEGG: hsa04514"
"Conventional Dendritic Cells","Conventional Dendritic Cells","NAMPT","INSR",0.0245516540796614,0,"NAMPT_INSR","NAMPT - INSR","VISFATIN","Secreted Signaling","PMID: 28490838"
"Classical Monocytes","C1Q+ Monocytes","ITGB2","ICAM2",0.0245271008791232,0,"ITGB2_ICAM2","ITGB2 - ICAM2","ITGB2","Cell-Cell Contact","KEGG: hsa04514"
"Conventional Dendritic Cells","Monocytes","ICAM1","ITGAX_ITGB2",0.0244587702114584,0,"ICAM1_ITGAX_ITGB2","ICAM1 - (ITGAX+ITGB2)","ICAM","Cell-Cell Contact","PMID: 16252253"
"Gamma-delta Cytotoxic T cells","Naive B cells","FCER2","ITGAM_ITGB2",0.0244416268610057,0,"FCER2A_ITGAM_ITGB2","FCER2A - (ITGAM+ITGB2)","CD23","Cell-Cell Contact","PMID: 7621072"
"Regulatory / Activated CD4 T cells","Naive CD4 T cells","HLA-C","CD8A",0.0243946007789151,0,"HLA-C_CD8A","HLA-C - CD8A","MHC-I","Cell-Cell Contact","KEGG: hsa04514"
"Classical Monocytes","NK-like cells","LGALS9","CD44",0.0243840499321772,0,"LGALS9_CD44","LGALS9 - CD44","GALECTIN","Secreted Signaling","PMID: 25065622"
"NK cells","Monocytes","HLA-F","LILRB1",0.0243678425233283,0,"HLA-F_LILRB1","HLA-F - LILRB1","MHC-I","Cell-Cell Contact","PMID: 28484462"
"NK cells","Monocytes","ITGB2","ICAM1",0.0243346230560046,0,"ITGB2_ICAM1","ITGB2 - ICAM1","ITGB2","Cell-Cell Contact","KEGG: hsa04514"
"Platelets","NK cells","HLA-A","KIR3DL1",0.0242238908678875,0,"HLA-A_KIR3DL1","HLA-A - KIR3DL1","MHC-I","Cell-Cell Contact","PMID: 28484462"
"Monocytes","Monocytes","ITGB2","ICAM1",0.0241194275030474,0,"ITGB2_ICAM1","ITGB2 - ICAM1","ITGB2","Cell-Cell Contact","KEGG: hsa04514"
"Monocytes","C1Q+ Monocytes","ANXA1","FPR1",0.0241140189700947,0,"ANXA1_FPR1","ANXA1 - FPR1","ANNEXIN","Secreted Signaling","PMID: 23230437"
"C1Q+ Monocytes","C1Q+ Monocytes","ITGB2","ICAM2",0.0241101445493742,0,"ITGB2_ICAM2","ITGB2 - ICAM2","ITGB2","Cell-Cell Contact","KEGG: hsa04514"
"NK cells","NK cells","HLA-A","KIR3DL1",0.0241049289898676,0,"HLA-A_KIR3DL1","HLA-A - KIR3DL1","MHC-I","Cell-Cell Contact","PMID: 28484462"
"Regulatory / Activated CD4 T cells","Platelets","CD40LG","ITGA2B_ITGB3",0.024088861775544,0,"CD40LG_ITGA2B_ITGB3","CD40LG - (ITGA2B+ITGB3)","CD40","Secreted Signaling","PMID: 28676852"
"Platelets","Myeloid cells","THBS1","CD36",0.0240817238730854,0,"THBS1_CD36","THBS1 - CD36","THBS","ECM-Receptor","KEGG: hsa04512"
"Monocytes","NK cells","HLA-B","CD8A",0.0240725283146051,0,"HLA-B_CD8A","HLA-B - CD8A","MHC-I","Cell-Cell Contact","KEGG: hsa04514"
"C1Q+ Monocytes","Myeloid cells","TGFB1","ACVR1B_TGFbR2",0.0240368704784484,0,"TGFB1_ACVR1B_TGFBR2","TGFB1 - (ACVR1B+TGFBR2)","TGFb","Secreted Signaling","PMID: 27449815"
"Plasma cells","Naive CD4 T cells","HLA-E","KLRK1",0.0240272987573958,0,"HLA-E_KLRK1","HLA-E - KLRK1","MHC-I","Cell-Cell Contact","PMID: 28484462"
"Conventional Dendritic Cells","C1Q+ Monocytes","ICAM1","ITGAX_ITGB2",0.0240184660136267,0,"ICAM1_ITGAX_ITGB2","ICAM1 - (ITGAX+ITGB2)","ICAM","Cell-Cell Contact","PMID: 16252253"
"Platelets","NK cells","HLA-C","CD8A",0.0240099539072613,0,"HLA-C_CD8A","HLA-C - CD8A","MHC-I","Cell-Cell Contact","KEGG: hsa04514"
"C1Q+ Monocytes","Monocytes","SELPLG","SELL",0.0240081330570115,0,"SELPLG_SELL","SELPLG - SELL","SELPLG","Cell-Cell Contact","PMC2431087; PMID:  8892633,PMID:  8896607"
"Naive CD4 T cells","Naive CD4 T cells","HLA-E","KLRK1",0.0239745506479012,0,"HLA-E_KLRK1","HLA-E - KLRK1","MHC-I","Cell-Cell Contact","PMID: 28484462"
"Platelets","NK cells","HLA-C","KIR2DL3",0.0239681033685402,0,"HLA-C_KIR2DL3","HLA-C - KIR2DL3","MHC-I","Cell-Cell Contact","PMID: 28484462"
"Gamma-delta Cytotoxic T cells","Classical Monocytes","HLA-DMA","CD4",0.0238404585228876,0,"HLA-DMA_CD4","HLA-DMA - CD4","MHC-II","Cell-Cell Contact","KEGG: hsa04514"
"Monocytes","Naive B cells","HLA-E","CD8B",0.0237638183360721,0,"HLA-E_CD8B","HLA-E - CD8B","MHC-I","Cell-Cell Contact","KEGG: hsa04514"
"Naive B cells","Conventional Dendritic Cells","HLA-DRB1","CD4",0.0237273030136866,0,"HLA-DRB1_CD4","HLA-DRB1 - CD4","MHC-II","Cell-Cell Contact","KEGG: hsa04514"
"NK-like cells","Naive B cells","HLA-B","CD8B",0.0236849307611854,0,"HLA-B_CD8B","HLA-B - CD8B","MHC-I","Cell-Cell Contact","KEGG: hsa04514"
"C1Q+ Monocytes","NK cells","HLA-B","CD8A",0.0236779033154723,0,"HLA-B_CD8A","HLA-B - CD8A","MHC-I","Cell-Cell Contact","KEGG: hsa04514"
"C1Q+ Monocytes","Conventional Dendritic Cells","HLA-DQA1","CD4",0.0236214812258785,0,"HLA-DQA1_CD4","HLA-DQA1 - CD4","MHC-II","Cell-Cell Contact","KEGG: hsa04514"
"Monocytes","NK cells","HLA-C","KIR2DL1",0.0235850630213332,0,"HLA-C_KIR2DL1","HLA-C - KIR2DL1","MHC-I","Cell-Cell Contact","PMID: 28484462"
"NK cells","Classical Monocytes","SELPLG","SELL",0.0235848594168054,0,"SELPLG_SELL","SELPLG - SELL","SELPLG","Cell-Cell Contact","PMC2431087; PMID:  8892633,PMID:  8896607"
"Naive B cells","NK cells","HLA-C","CD8A",0.0235766777673917,0,"HLA-C_CD8A","HLA-C - CD8A","MHC-I","Cell-Cell Contact","KEGG: hsa04514"
"Monocytes","Naive CD4 T cells","HLA-E","CD8B",0.0235681061389889,0,"HLA-E_CD8B","HLA-E - CD8B","MHC-I","Cell-Cell Contact","KEGG: hsa04514"
"Conventional Dendritic Cells","Naive CD4 T cells","HLA-DPB1","CD4",0.0235428509759915,0,"HLA-DPB1_CD4","HLA-DPB1 - CD4","MHC-II","Cell-Cell Contact","KEGG: hsa04514"
"Naive B cells","NK cells","HLA-C","KIR2DL3",0.0235355642386041,0,"HLA-C_KIR2DL3","HLA-C - KIR2DL3","MHC-I","Cell-Cell Contact","PMID: 28484462"
"Conventional Dendritic Cells","C1Q+ Monocytes","ANXA1","FPR1",0.0235350753231183,0,"ANXA1_FPR1","ANXA1 - FPR1","ANNEXIN","Secreted Signaling","PMID: 23230437"
"Naive CD4 T cells","Naive CD4 T cells","HLA-B","CD8A",0.0235189978214737,0,"HLA-B_CD8A","HLA-B - CD8A","MHC-I","Cell-Cell Contact","KEGG: hsa04514"
"Conventional Dendritic Cells","Naive B cells","CLEC2B","KLRB1",0.023515974270798,0,"CLEC2B_KLRB1","CLEC2B - KLRB1","CLEC","Cell-Cell Contact","PMID: 24223577"
"Classical Monocytes","C1Q+ Monocytes","HLA-DPB1","CD4",0.0235070679586736,0,"HLA-DPB1_CD4","HLA-DPB1 - CD4","MHC-II","Cell-Cell Contact","KEGG: hsa04514"
"Myeloid cells","NK-like cells","HLA-E","CD94:NKG2C",0.0235058359904439,0,"HLA-E_CD94:NKG2C","HLA-E - CD94:NKG2C","MHC-I","Cell-Cell Contact","PMID: 28484462"
"Conventional Dendritic Cells","Myeloid cells","NAMPT","INSR",0.0235054718159226,0,"NAMPT_INSR","NAMPT - INSR","VISFATIN","Secreted Signaling","PMID: 28490838"
"Myeloid cells","C1Q+ Monocytes","TGFB1","ACVR1B_TGFbR2",0.0234964168926852,0,"TGFB1_ACVR1B_TGFBR2","TGFB1 - (ACVR1B+TGFBR2)","TGFb","Secreted Signaling","PMID: 27449815"
"NK-like cells","Naive CD4 T cells","HLA-B","CD8B",0.0234898526274634,0,"HLA-B_CD8B","HLA-B - CD8B","MHC-I","Cell-Cell Contact","KEGG: hsa04514"
"C1Q+ Monocytes","NK cells","HLA-C","KIR2DL1",0.0234410248338489,0,"HLA-C_KIR2DL1","HLA-C - KIR2DL1","MHC-I","Cell-Cell Contact","PMID: 28484462"
"NK cells","Monocytes","HLA-DPB1","CD4",0.023432472852552,0,"HLA-DPB1_CD4","HLA-DPB1 - CD4","MHC-II","Cell-Cell Contact","KEGG: hsa04514"
"Monocytes","Classical Monocytes","HLA-DMA","CD4",0.0234082564081131,0,"HLA-DMA_CD4","HLA-DMA - CD4","MHC-II","Cell-Cell Contact","KEGG: hsa04514"
"Platelets","Conventional Dendritic Cells","F11R","ITGAL_ITGB2",0.0233520659057379,0,"JAM1_ITGAL_ITGB2","JAM1 - (ITGAL+ITGB2)","JAM","Cell-Cell Contact","PMID: 11812992"
"Monocytes","Conventional Dendritic Cells","HLA-DMB","CD4",0.0233275654825463,0,"HLA-DMB_CD4","HLA-DMB - CD4","MHC-II","Cell-Cell Contact","KEGG: hsa04514"
"Gamma-delta Cytotoxic T cells","Naive B cells","HLA-E","CD8B",0.0233148102781358,0,"HLA-E_CD8B","HLA-E - CD8B","MHC-I","Cell-Cell Contact","KEGG: hsa04514"
"Regulatory / Activated CD4 T cells","C1Q+ Monocytes","TGFB1","ACVR1B_TGFbR2",0.0233010106890967,0,"TGFB1_ACVR1B_TGFBR2","TGFB1 - (ACVR1B+TGFBR2)","TGFb","Secreted Signaling","PMID: 27449815"
"Regulatory / Activated CD4 T cells","NK cells","HLA-C","KIR2DL1",0.0232809133946782,0,"HLA-C_KIR2DL1","HLA-C - KIR2DL1","MHC-I","Cell-Cell Contact","PMID: 28484462"
"Plasma cells","Classical Monocytes","HLA-DMA","CD4",0.0232757724096333,0,"HLA-DMA_CD4","HLA-DMA - CD4","MHC-II","Cell-Cell Contact","KEGG: hsa04514"
"NK-like cells","Naive B cells","HLA-E","KLRC2",0.0232714399356253,0,"HLA-E_KLRC2","HLA-E - KLRC2","MHC-I","Cell-Cell Contact","PMID: 26697006"
"Naive B cells","Classical Monocytes","TGFB1","ACVR1_TGFbR",0.0232632894831904,0,"TGFB1_ACVR1_TGFBR1","TGFB1 - (ACVR1+TGFBR1)","TGFb","Secreted Signaling","PMID: 29376829"
"NK cells","Classical Monocytes","TGFB1","ACVR1_TGFbR",0.0232604532707097,0,"TGFB1_ACVR1_TGFBR1","TGFB1 - (ACVR1+TGFBR1)","TGFb","Secreted Signaling","PMID: 29376829"
"Conventional Dendritic Cells","Naive CD4 T cells","HLA-DPA1","CD4",0.0232565083667072,0,"HLA-DPA1_CD4","HLA-DPA1 - CD4","MHC-II","Cell-Cell Contact","KEGG: hsa04514"
"Naive B cells","NK cells","HLA-A","KIR3DL1",0.0232170888023278,0,"HLA-A_KIR3DL1","HLA-A - KIR3DL1","MHC-I","Cell-Cell Contact","PMID: 28484462"
"Gamma-delta Cytotoxic T cells","Naive CD4 T cells","HLA-B","CD8A",0.0231738093614374,0,"HLA-B_CD8A","HLA-B - CD8A","MHC-I","Cell-Cell Contact","KEGG: hsa04514"
"Regulatory / Activated CD4 T cells","Naive CD4 T cells","HLA-A","CD8A",0.0231521489669402,0,"HLA-A_CD8A","HLA-A - CD8A","MHC-I","Cell-Cell Contact","KEGG: hsa04514"
"Gamma-delta Cytotoxic T cells","NK-like cells","LGALS9","PTPRC",0.0231459227417048,0,"LGALS9_CD45","LGALS9 - CD45","GALECTIN","Secreted Signaling","PMID: 30120235"
"Gamma-delta Cytotoxic T cells","Naive CD4 T cells","HLA-E","CD8B",0.0231227083995196,0,"HLA-E_CD8B","HLA-E - CD8B","MHC-I","Cell-Cell Contact","KEGG: hsa04514"
"Platelets","NK cells","HLA-A","CD8A",0.0231198405180856,0,"HLA-A_CD8A","HLA-A - CD8A","MHC-I","Cell-Cell Contact","KEGG: hsa04514"
"Monocytes","Regulatory / Activated CD4 T cells","HLA-DQB1","CD4",0.0230831270188439,0,"HLA-DQB1_CD4","HLA-DQB1 - CD4","MHC-II","Cell-Cell Contact","KEGG: hsa04514"
"Platelets","Conventional Dendritic Cells","PECAM1","PECAM1",0.0230676287730789,0,"PECAM1_PECAM1","PECAM1 - PECAM1","PECAM1","Cell-Cell Contact","KEGG: hsa04514"
"Conventional Dendritic Cells","Platelets","PECAM1","PECAM1",0.0230676287730789,0,"PECAM1_PECAM1","PECAM1 - PECAM1","PECAM1","Cell-Cell Contact","KEGG: hsa04514"
"Classical Monocytes","Naive CD4 T cells","HLA-C","CD8A",0.0230145011185979,0,"HLA-C_CD8A","HLA-C - CD8A","MHC-I","Cell-Cell Contact","KEGG: hsa04514"
"Naive B cells","Naive B cells","CLEC2D","KLRB1",0.0230096999537875,0,"CLEC2D_KLRB1","CLEC2D - KLRB1","CLEC","Cell-Cell Contact","PMID: 24223577"
"NK cells","NK cells","HLA-A","CD8A",0.0230061727219515,0,"HLA-A_CD8A","HLA-A - CD8A","MHC-I","Cell-Cell Contact","KEGG: hsa04514"
"Myeloid cells","Naive B cells","HLA-B","CD8A",0.0230021636938176,0,"HLA-B_CD8A","HLA-B - CD8A","MHC-I","Cell-Cell Contact","KEGG: hsa04514"
"Conventional Dendritic Cells","Naive B cells","HLA-E","KLRC2",0.023001683309466,0,"HLA-E_KLRC2","HLA-E - KLRC2","MHC-I","Cell-Cell Contact","PMID: 26697006"
"Naive B cells","Classical Monocytes","HLA-DPB1","CD4",0.0229832786001209,0,"HLA-DPB1_CD4","HLA-DPB1 - CD4","MHC-II","Cell-Cell Contact","KEGG: hsa04514"
"Regulatory / Activated CD4 T cells","NK cells","HLA-B","CD8A",0.0229260619367087,0,"HLA-B_CD8A","HLA-B - CD8A","MHC-I","Cell-Cell Contact","KEGG: hsa04514"
"Conventional Dendritic Cells","Conventional Dendritic Cells","ITGB2","ICAM1",0.0228969958140637,0,"ITGB2_ICAM1","ITGB2 - ICAM1","ITGB2","Cell-Cell Contact","KEGG: hsa04514"
"Plasma cells","Myeloid cells","COL4A3","CD44",0.0228788873760521,0,"COL4A3_CD44","COL4A3 - CD44","COLLAGEN","ECM-Receptor","KEGG: hsa04512"
"Conventional Dendritic Cells","Monocytes","IL1B","IL1R1_IL1RAP",0.022874170440601,0,"IL1B_IL1R1_IL1RAP","IL1B - (IL1R1+IL1RAP)","IL1","Secreted Signaling","KEGG: hsa04060"
"Classical Monocytes","NK cells","HLA-B","CD8A",0.0228723036728971,0,"HLA-B_CD8A","HLA-B - CD8A","MHC-I","Cell-Cell Contact","KEGG: hsa04514"
"Gamma-delta Cytotoxic T cells","Naive CD4 T cells","HLA-DRA","CD4",0.0228630582266767,0,"HLA-DRA_CD4","HLA-DRA - CD4","MHC-II","Cell-Cell Contact","KEGG: hsa04514"
"Plasma cells","Naive CD4 T cells","HLA-DRA","CD4",0.0228490129975479,0,"HLA-DRA_CD4","HLA-DRA - CD4","MHC-II","Cell-Cell Contact","KEGG: hsa04514"
"Myeloid cells","Naive B cells","HLA-C","CD8A",0.0228367324825529,0,"HLA-C_CD8A","HLA-C - CD8A","MHC-I","Cell-Cell Contact","KEGG: hsa04514"
"Monocytes","Naive CD4 T cells","HLA-A","CD8A",0.022786633958483,0,"HLA-A_CD8A","HLA-A - CD8A","MHC-I","Cell-Cell Contact","KEGG: hsa04514"
"Plasma cells","MAIT / CD161-like T cells","HLA-F","CD8A",0.0227410471730941,0,"HLA-F_CD8A","HLA-F - CD8A","MHC-I","Cell-Cell Contact","KEGG: hsa04514"
"Naive CD4 T cells","Classical Monocytes","ANXA1","FPR1",0.0227063925126614,0,"ANXA1_FPR1","ANXA1 - FPR1","ANNEXIN","Secreted Signaling","PMID: 23230437"
"Monocytes","Conventional Dendritic Cells","LGALS9","HAVCR2",0.022683928834941,0,"LGALS9_HAVCR2","LGALS9 - HAVCR2","GALECTIN","Secreted Signaling","PMID: 27192565"
"C1Q+ Monocytes","Conventional Dendritic Cells","SELPLG","SELL",0.0226423316431445,0,"SELPLG_SELL","SELPLG - SELL","SELPLG","Cell-Cell Contact","PMC2431087; PMID:  8892633,PMID:  8896607"
"Classical Monocytes","Naive B cells","HLA-E","CD8B",0.0226421077915904,0,"HLA-E_CD8B","HLA-E - CD8B","MHC-I","Cell-Cell Contact","KEGG: hsa04514"
"MAIT / CD161-like T cells","NK cells","HLA-C","CD8A",0.0226370030282058,0,"HLA-C_CD8A","HLA-C - CD8A","MHC-I","Cell-Cell Contact","KEGG: hsa04514"
"Gamma-delta Cytotoxic T cells","C1Q+ Monocytes","LGALS9","PTPRC",0.0226111114118743,0,"LGALS9_CD45","LGALS9 - CD45","GALECTIN","Secreted Signaling","PMID: 30120235"
"MAIT / CD161-like T cells","NK cells","HLA-C","KIR2DL3",0.0225974902019584,0,"HLA-C_KIR2DL3","HLA-C - KIR2DL3","MHC-I","Cell-Cell Contact","PMID: 28484462"
"NK-like cells","Naive B cells","HLA-C","CD8B",0.0225819498952918,0,"HLA-C_CD8B","HLA-C - CD8B","MHC-I","Cell-Cell Contact","KEGG: hsa04514"
"Monocytes","Classical Monocytes","ICAM1","ITGAX_ITGB2",0.0225701143875259,0,"ICAM1_ITGAX_ITGB2","ICAM1 - (ITGAX+ITGB2)","ICAM","Cell-Cell Contact","PMID: 16252253"
"Monocytes","Naive CD4 T cells","HLA-E","KLRK1",0.02255792937578,0,"HLA-E_KLRK1","HLA-E - KLRK1","MHC-I","Cell-Cell Contact","PMID: 28484462"
"MAIT / CD161-like T cells","NK cells","HLA-A","KIR3DL1",0.0225261850594407,0,"HLA-A_KIR3DL1","HLA-A - KIR3DL1","MHC-I","Cell-Cell Contact","PMID: 28484462"
"Classical Monocytes","Monocytes","ITGB2","ICAM1",0.0225215492519284,0,"ITGB2_ICAM1","ITGB2 - ICAM1","ITGB2","Cell-Cell Contact","KEGG: hsa04514"
"Classical Monocytes","Naive CD4 T cells","HLA-E","CD8B",0.0224554211954787,0,"HLA-E_CD8B","HLA-E - CD8B","MHC-I","Cell-Cell Contact","KEGG: hsa04514"
"NK-like cells","Naive CD4 T cells","HLA-C","CD8B",0.0223957479416352,0,"HLA-C_CD8B","HLA-C - CD8B","MHC-I","Cell-Cell Contact","KEGG: hsa04514"
"Conventional Dendritic Cells","Conventional Dendritic Cells","ICAM1","ITGAX_ITGB2",0.0223932347688522,0,"ICAM1_ITGAX_ITGB2","ICAM1 - (ITGAX+ITGB2)","ICAM","Cell-Cell Contact","PMID: 16252253"
"Gamma-delta Cytotoxic T cells","C1Q+ Monocytes","HLA-F","LILRB1",0.0223854848191434,0,"HLA-F_LILRB1","HLA-F - LILRB1","MHC-I","Cell-Cell Contact","PMID: 28484462"
"Classical Monocytes","C1Q+ Monocytes","HLA-DMA","CD4",0.0223621333437752,0,"HLA-DMA_CD4","HLA-DMA - CD4","MHC-II","Cell-Cell Contact","KEGG: hsa04514"
"Classical Monocytes","Monocytes","HLA-DPB1","CD4",0.0223452854392103,0,"HLA-DPB1_CD4","HLA-DPB1 - CD4","MHC-II","Cell-Cell Contact","KEGG: hsa04514"
"Plasma cells","Naive CD4 T cells","HLA-C","CD8A",0.0223240943269367,0,"HLA-C_CD8A","HLA-C - CD8A","MHC-I","Cell-Cell Contact","KEGG: hsa04514"
"Gamma-delta Cytotoxic T cells","Naive B cells","HLA-A","CD8B",0.0223106771122892,0,"HLA-A_CD8B","HLA-A - CD8B","MHC-I","Cell-Cell Contact","KEGG: hsa04514"
"NK-like cells","Classical Monocytes","TGFB1","ACVR1_TGFbR",0.0223047321375088,0,"TGFB1_ACVR1_TGFBR1","TGFB1 - (ACVR1+TGFBR1)","TGFb","Secreted Signaling","PMID: 29376829"
"Regulatory / Activated CD4 T cells","NK cells","ITGB2","CD226",0.02230247225966,0,"ITGB2_CD226","ITGB2 - CD226","ITGB2","Cell-Cell Contact","KEGG: hsa04514"
"NK cells","Conventional Dendritic Cells","ITGB2","CD226",0.0222829840532237,0,"ITGB2_CD226","ITGB2 - CD226","ITGB2","Cell-Cell Contact","KEGG: hsa04514"
"NK-like cells","Monocytes","ANXA1","FPR1",0.0222590482375617,0,"ANXA1_FPR1","ANXA1 - FPR1","ANNEXIN","Secreted Signaling","PMID: 23230437"
"Conventional Dendritic Cells","Naive CD4 T cells","HLA-DQA1","CD4",0.0222473044302861,0,"HLA-DQA1_CD4","HLA-DQA1 - CD4","MHC-II","Cell-Cell Contact","KEGG: hsa04514"
"C1Q+ Monocytes","C1Q+ Monocytes","ICAM1","ITGAL",0.0222244632448364,0,"ICAM1_ITGAL","ICAM1 - ITGAL","ICAM","Cell-Cell Contact","PMID: 23602662"
"Gamma-delta Cytotoxic T cells","Naive B cells","LGALS9","PTPRC",0.0222068175394824,0,"LGALS9_CD45","LGALS9 - CD45","GALECTIN","Secreted Signaling","PMID: 30120235"
"NK cells","Regulatory / Activated CD4 T cells","CD69","KLRB1",0.0221952393118411,0,"CLEC2C_KLRB1","CLEC2C - KLRB1","CLEC","Cell-Cell Contact","PMID: 24223577"
"Naive CD4 T cells","Classical Monocytes","TGFB1","ACVR1B_TGFbR2",0.0221907503675381,0,"TGFB1_ACVR1B_TGFBR2","TGFB1 - (ACVR1B+TGFBR2)","TGFb","Secreted Signaling","PMID: 27449815"
"Naive B cells","Naive CD4 T cells","HLA-E","CD8A",0.0221767605578529,0,"HLA-E_CD8A","HLA-E - CD8A","MHC-I","Cell-Cell Contact","KEGG: hsa04514"
"Platelets","Naive B cells","CLEC1B","KLRB1",0.0221683210349642,0,"CLEC1B_KLRB1","CLEC1B - KLRB1","CLEC","Cell-Cell Contact","PMID: 24223577"
"Naive B cells","NK cells","HLA-A","CD8A",0.0221578833916117,0,"HLA-A_CD8A","HLA-A - CD8A","MHC-I","Cell-Cell Contact","KEGG: hsa04514"
"C1Q+ Monocytes","Monocytes","ITGB2","ICAM1",0.0221379131930334,0,"ITGB2_ICAM1","ITGB2 - ICAM1","ITGB2","Cell-Cell Contact","KEGG: hsa04514"
"Gamma-delta Cytotoxic T cells","Naive CD4 T cells","HLA-E","KLRK1",0.022131189588902,0,"HLA-E_KLRK1","HLA-E - KLRK1","MHC-I","Cell-Cell Contact","PMID: 28484462"
"Gamma-delta Cytotoxic T cells","Naive CD4 T cells","HLA-A","CD8B",0.0221266613316247,0,"HLA-A_CD8B","HLA-A - CD8B","MHC-I","Cell-Cell Contact","KEGG: hsa04514"
"C1Q+ Monocytes","Naive B cells","CLEC2B","KLRB1",0.0221012860586519,0,"CLEC2B_KLRB1","CLEC2B - KLRB1","CLEC","Cell-Cell Contact","PMID: 24223577"
"Naive B cells","Monocytes","HLA-F","LILRB1",0.0220936809667277,0,"HLA-F_LILRB1","HLA-F - LILRB1","MHC-I","Cell-Cell Contact","PMID: 28484462"
"NK cells","Classical Monocytes","ITGB2","ICAM1",0.0220907819850793,0,"ITGB2_ICAM1","ITGB2 - ICAM1","ITGB2","Cell-Cell Contact","KEGG: hsa04514"
"Monocytes","Conventional Dendritic Cells","ITGB2","CD226",0.0220855208296643,0,"ITGB2_CD226","ITGB2 - CD226","ITGB2","Cell-Cell Contact","KEGG: hsa04514"
"Conventional Dendritic Cells","C1Q+ Monocytes","ITGB2","ICAM2",0.0220236541430488,0,"ITGB2_ICAM2","ITGB2 - ICAM2","ITGB2","Cell-Cell Contact","KEGG: hsa04514"
"Classical Monocytes","Conventional Dendritic Cells","HLA-DPA1","CD4",0.0220142834735065,0,"HLA-DPA1_CD4","HLA-DPA1 - CD4","MHC-II","Cell-Cell Contact","KEGG: hsa04514"
"Plasma cells","NK cells","HLA-B","CD8A",0.021968762778194,0,"HLA-B_CD8A","HLA-B - CD8A","MHC-I","Cell-Cell Contact","KEGG: hsa04514"
"Classical Monocytes","NK cells","HLA-C","KIR2DL1",0.0219624011050035,0,"HLA-C_KIR2DL1","HLA-C - KIR2DL1","MHC-I","Cell-Cell Contact","PMID: 28484462"
"Conventional Dendritic Cells","NK cells","HLA-B","CD8A",0.0219517699202439,0,"HLA-B_CD8A","HLA-B - CD8A","MHC-I","Cell-Cell Contact","KEGG: hsa04514"
"Monocytes","Classical Monocytes","ITGB2","ICAM1",0.0218949838403259,0,"ITGB2_ICAM1","ITGB2 - ICAM1","ITGB2","Cell-Cell Contact","KEGG: hsa04514"
"Classical Monocytes","C1Q+ Monocytes","ANXA1","FPR1",0.0218932860673669,0,"ANXA1_FPR1","ANXA1 - FPR1","ANNEXIN","Secreted Signaling","PMID: 23230437"
"C1Q+ Monocytes","Naive CD4 T cells","HLA-E","CD8A",0.0218404550010285,0,"HLA-E_CD8A","HLA-E - CD8A","MHC-I","Cell-Cell Contact","KEGG: hsa04514"
"Naive B cells","C1Q+ Monocytes","HLA-DPA1","CD4",0.0218337358939815,0,"HLA-DPA1_CD4","HLA-DPA1 - CD4","MHC-II","Cell-Cell Contact","KEGG: hsa04514"
"Monocytes","Monocytes","LGALS9","HAVCR2",0.0218261829357446,0,"LGALS9_HAVCR2","LGALS9 - HAVCR2","GALECTIN","Secreted Signaling","PMID: 27192565"
"Conventional Dendritic Cells","Naive CD4 T cells","HLA-C","CD8A",0.0218175766161669,0,"HLA-C_CD8A","HLA-C - CD8A","MHC-I","Cell-Cell Contact","KEGG: hsa04514"
"NK-like cells","Classical Monocytes","CD99","PILRA",0.0217999735243919,0,"CD99_PILRA","CD99 - PILRA","CD99","Cell-Cell Contact","PMID: 18234675"
"Myeloid cells","MAIT / CD161-like T cells","CLEC2B","KLRB1",0.0217208699686757,0,"CLEC2B_KLRB1","CLEC2B - KLRB1","CLEC","Cell-Cell Contact","PMID: 24223577"
"Gamma-delta Cytotoxic T cells","NK cells","LGALS9","PTPRC",0.0217206848868667,0,"LGALS9_CD45","LGALS9 - CD45","GALECTIN","Secreted Signaling","PMID: 30120235"
"Gamma-delta Cytotoxic T cells","Classical Monocytes","CD99","PILRA",0.0217023737532469,0,"CD99_PILRA","CD99 - PILRA","CD99","Cell-Cell Contact","PMID: 18234675"
"MAIT / CD161-like T cells","Naive B cells","CLEC2B","KLRB1",0.0217020228237184,0,"CLEC2B_KLRB1","CLEC2B - KLRB1","CLEC","Cell-Cell Contact","PMID: 24223577"
"NK-like cells","Naive B cells","HLA-A","CD8B",0.0216705946259699,0,"HLA-A_CD8B","HLA-A - CD8B","MHC-I","Cell-Cell Contact","KEGG: hsa04514"
"C1Q+ Monocytes","Conventional Dendritic Cells","HLA-DQB1","CD4",0.0216684576748344,0,"HLA-DQB1_CD4","HLA-DQB1 - CD4","MHC-II","Cell-Cell Contact","KEGG: hsa04514"
"NK cells","Platelets","ITGB2","ICAM2",0.0216670414566201,0,"ITGB2_ICAM2","ITGB2 - ICAM2","ITGB2","Cell-Cell Contact","KEGG: hsa04514"
"Conventional Dendritic Cells","NK cells","ICAM1","ITGAL_ITGB2",0.0216526907311802,0,"ICAM1_ITGAL_ITGB2","ICAM1 - (ITGAL+ITGB2)","ICAM","Cell-Cell Contact","KEGG: hsa04514"
"MAIT / CD161-like T cells","Monocytes","ANXA1","FPR1",0.0216343521245987,0,"ANXA1_FPR1","ANXA1 - FPR1","ANNEXIN","Secreted Signaling","PMID: 23230437"
"Monocytes","Monocytes","ICAM1","ITGAX_ITGB2",0.0216016844134218,0,"ICAM1_ITGAX_ITGB2","ICAM1 - (ITGAX+ITGB2)","ICAM","Cell-Cell Contact","PMID: 16252253"
"Naive CD4 T cells","Naive CD4 T cells","HLA-C","CD8A",0.0215484012806523,0,"HLA-C_CD8A","HLA-C - CD8A","MHC-I","Cell-Cell Contact","KEGG: hsa04514"
"NK cells","NK-like cells","HLA-E","KLRC2",0.0215191206922031,0,"HLA-E_KLRC2","HLA-E - KLRC2","MHC-I","Cell-Cell Contact","PMID: 26697006"
"MAIT / CD161-like T cells","NK cells","HLA-A","CD8A",0.0214978061990059,0,"HLA-A_CD8A","HLA-A - CD8A","MHC-I","Cell-Cell Contact","KEGG: hsa04514"
"Classical Monocytes","Naive CD4 T cells","HLA-E","KLRK1",0.0214918866328455,0,"HLA-E_KLRK1","HLA-E - KLRK1","MHC-I","Cell-Cell Contact","PMID: 28484462"
"NK-like cells","Naive CD4 T cells","HLA-A","CD8B",0.0214917421176125,0,"HLA-A_CD8B","HLA-A - CD8B","MHC-I","Cell-Cell Contact","KEGG: hsa04514"
"Monocytes","Platelets","ITGB2","ICAM2",0.0214749165923383,0,"ITGB2_ICAM2","ITGB2 - ICAM2","ITGB2","Cell-Cell Contact","KEGG: hsa04514"
"Plasma cells","Conventional Dendritic Cells","CD99","PILRA",0.0213816616336656,0,"CD99_PILRA","CD99 - PILRA","CD99","Cell-Cell Contact","PMID: 18234675"
"C1Q+ Monocytes","Monocytes","TGFB1","ACVR1B_TGFbR2",0.0213658004815338,0,"TGFB1_ACVR1B_TGFBR2","TGFB1 - (ACVR1B+TGFBR2)","TGFb","Secreted Signaling","PMID: 27449815"
"Conventional Dendritic Cells","MAIT / CD161-like T cells","HLA-F","CD8A",0.0213651396979204,0,"HLA-F_CD8A","HLA-F - CD8A","MHC-I","Cell-Cell Contact","KEGG: hsa04514"
"Myeloid cells","Monocytes","THBS1","CD47",0.0213503464089965,0,"THBS1_CD47","THBS1 - CD47","THBS","ECM-Receptor","KEGG: hsa04512"
"Plasma cells","NK-like cells","COL4A4","CD44",0.0213373946362677,0,"COL4A4_CD44","COL4A4 - CD44","COLLAGEN","ECM-Receptor","KEGG: hsa04512"
"C1Q+ Monocytes","Conventional Dendritic Cells","ANXA1","FPR1",0.0213297321527038,0,"ANXA1_FPR1","ANXA1 - FPR1","ANNEXIN","Secreted Signaling","PMID: 23230437"
"NK-like cells","NK cells","HLA-B","KIR3DL2",0.0213239131810934,0,"HLA-B_KIR3DL2","HLA-B - KIR3DL2","MHC-I","Cell-Cell Contact","PMID: 28484462"
"Plasma cells","NK cells","HLA-C","KIR2DL1",0.0213028678293324,0,"HLA-C_KIR2DL1","HLA-C - KIR2DL1","MHC-I","Cell-Cell Contact","PMID: 28484462"
"Platelets","MAIT / CD161-like T cells","F11R","ITGAL_ITGB2",0.0213004434080473,0,"JAM1_ITGAL_ITGB2","JAM1 - (ITGAL+ITGB2)","JAM","Cell-Cell Contact","PMID: 11812992"
"Classical Monocytes","Monocytes","HLA-DMA","CD4",0.0212557048480378,0,"HLA-DMA_CD4","HLA-DMA - CD4","MHC-II","Cell-Cell Contact","KEGG: hsa04514"
"Plasma cells","Naive CD4 T cells","ALCAM","CD6",0.0212518700969625,0,"ALCAM_CD6","ALCAM - CD6","ALCAM","Cell-Cell Contact","KEGG: hsa04514"
"Naive CD4 T cells","Plasma cells","CD6","ALCAM",0.0212518700969625,0,"CD6_ALCAM","CD6 - ALCAM","CD6","Cell-Cell Contact","PMID: 23602662"
"Naive B cells","Myeloid cells","TGFB1","ACVR1_TGFbR",0.0212432645816041,0,"TGFB1_ACVR1_TGFBR1","TGFB1 - (ACVR1+TGFBR1)","TGFb","Secreted Signaling","PMID: 29376829"
"NK cells","Myeloid cells","TGFB1","ACVR1_TGFbR",0.0212406692907258,0,"TGFB1_ACVR1_TGFBR1","TGFB1 - (ACVR1+TGFBR1)","TGFb","Secreted Signaling","PMID: 29376829"
"Classical Monocytes","Naive CD4 T cells","HLA-A","CD8A",0.0212187303146892,0,"HLA-A_CD8A","HLA-A - CD8A","MHC-I","Cell-Cell Contact","KEGG: hsa04514"
"Monocytes","Classical Monocytes","HLA-DQB1","CD4",0.0212158201670559,0,"HLA-DQB1_CD4","HLA-DQB1 - CD4","MHC-II","Cell-Cell Contact","KEGG: hsa04514"
"Monocytes","C1Q+ Monocytes","ICAM1","ITGAX_ITGB2",0.021211694839101,0,"ICAM1_ITGAX_ITGB2","ICAM1 - (ITGAX+ITGB2)","ICAM","Cell-Cell Contact","PMID: 16252253"
"Monocytes","NK cells","HLA-C","CD8A",0.0211879153684774,0,"HLA-C_CD8A","HLA-C - CD8A","MHC-I","Cell-Cell Contact","KEGG: hsa04514"
"NK-like cells","Monocytes","CD99","PILRA",0.0211623522218267,0,"CD99_PILRA","CD99 - PILRA","CD99","Cell-Cell Contact","PMID: 18234675"
"Monocytes","NK cells","HLA-C","KIR2DL3",0.0211508771830658,0,"HLA-C_KIR2DL3","HLA-C - KIR2DL3","MHC-I","Cell-Cell Contact","PMID: 28484462"
"Monocytes","Myeloid cells","IL1B","IL1R1_IL1RAP",0.0211132356593539,0,"IL1B_IL1R1_IL1RAP","IL1B - (IL1R1+IL1RAP)","IL1","Secreted Signaling","KEGG: hsa04060"
"NK cells","NK cells","HLA-E","CD8A",0.021110428720305,0,"HLA-E_CD8A","HLA-E - CD8A","MHC-I","Cell-Cell Contact","KEGG: hsa04514"
"Gamma-delta Cytotoxic T cells","Monocytes","CD99","PILRA",0.0210675456378329,0,"CD99_PILRA","CD99 - PILRA","CD99","Cell-Cell Contact","PMID: 18234675"
"C1Q+ Monocytes","NK cells","HLA-C","CD8A",0.0210582012547114,0,"HLA-C_CD8A","HLA-C - CD8A","MHC-I","Cell-Cell Contact","KEGG: hsa04514"
"C1Q+ Monocytes","NK cells","HLA-C","KIR2DL3",0.0210213849502401,0,"HLA-C_KIR2DL3","HLA-C - KIR2DL3","MHC-I","Cell-Cell Contact","PMID: 28484462"
"Platelets","Monocytes","SEMA4D","PLXNB2",0.0210063745790631,0,"SEMA4D_PLXNB2","SEMA4D - PLXNB2","SEMA4","Cell-Cell Contact","PMID: 27533782"
"NK-like cells","Naive B cells","CLEC2B","KLRB1",0.0209974802996794,0,"CLEC2B_KLRB1","CLEC2B - KLRB1","CLEC","Cell-Cell Contact","PMID: 24223577"
"NK cells","Naive B cells","HLA-F","CD8A",0.0209579496455281,0,"HLA-F_CD8A","HLA-F - CD8A","MHC-I","Cell-Cell Contact","KEGG: hsa04514"
"Plasma cells","Classical Monocytes","COL4A3","CD44",0.0209156481598758,0,"COL4A3_CD44","COL4A3 - CD44","COLLAGEN","ECM-Receptor","KEGG: hsa04512"
"Regulatory / Activated CD4 T cells","NK cells","HLA-C","CD8A",0.0209140168805371,0,"HLA-C_CD8A","HLA-C - CD8A","MHC-I","Cell-Cell Contact","KEGG: hsa04514"
"Regulatory / Activated CD4 T cells","NK cells","HLA-C","KIR2DL3",0.0208774472793473,0,"HLA-C_KIR2DL3","HLA-C - KIR2DL3","MHC-I","Cell-Cell Contact","PMID: 28484462"
"C1Q+ Monocytes","NK cells","ICAM2","ITGAL_ITGB2",0.0208257980216832,0,"ICAM2_ITGAL_ITGB2","ICAM2 - (ITGAL+ITGB2)","ICAM","Cell-Cell Contact","KEGG: hsa04514"
"Gamma-delta Cytotoxic T cells","NK-like cells","FCER2","ITGAM_ITGB2",0.0208241766959932,0,"FCER2A_ITGAM_ITGB2","FCER2A - (ITGAM+ITGB2)","CD23","Cell-Cell Contact","PMID: 7621072"
"Conventional Dendritic Cells","NK cells","HLA-C","KIR2DL1",0.0208190276058422,0,"HLA-C_KIR2DL1","HLA-C - KIR2DL1","MHC-I","Cell-Cell Contact","PMID: 28484462"
"Regulatory / Activated CD4 T cells","NK cells","HLA-A","KIR3DL1",0.0207962358334499,0,"HLA-A_KIR3DL1","HLA-A - KIR3DL1","MHC-I","Cell-Cell Contact","PMID: 28484462"
"Naive B cells","NK cells","GZMA","F2R",0.0207760874649895,0,"GZMA_F2R","GZMA - F2R","PARs","Secreted Signaling","KEGG: hsa04080"
"Monocytes","Conventional Dendritic Cells","ANXA1","FPR1",0.0207726527377672,0,"ANXA1_FPR1","ANXA1 - FPR1","ANNEXIN","Secreted Signaling","PMID: 23230437"
"Naive B cells","Monocytes","HLA-DPA1","CD4",0.020752896353271,0,"HLA-DPA1_CD4","HLA-DPA1 - CD4","MHC-II","Cell-Cell Contact","KEGG: hsa04514"
"Naive CD4 T cells","NK-like cells","ITGB2","CD226",0.0206220155041481,0,"ITGB2_CD226","ITGB2 - CD226","ITGB2","Cell-Cell Contact","KEGG: hsa04514"
"Classical Monocytes","Conventional Dendritic Cells","ITGB2","CD226",0.0206195390271076,0,"ITGB2_CD226","ITGB2 - CD226","ITGB2","Cell-Cell Contact","KEGG: hsa04514"
"NK cells","Conventional Dendritic Cells","HLA-DPB1","CD4",0.0206036498473114,0,"HLA-DPB1_CD4","HLA-DPB1 - CD4","MHC-II","Cell-Cell Contact","KEGG: hsa04514"
"Gamma-delta Cytotoxic T cells","Regulatory / Activated CD4 T cells","CD69","KLRB1",0.020596495052696,0,"CLEC2C_KLRB1","CLEC2C - KLRB1","CLEC","Cell-Cell Contact","PMID: 24223577"
"MAIT / CD161-like T cells","Naive CD4 T cells","HLA-E","CD8A",0.0205891551872765,0,"HLA-E_CD8A","HLA-E - CD8A","MHC-I","Cell-Cell Contact","KEGG: hsa04514"
"Naive CD4 T cells","NK cells","HLA-C","KIR2DL1",0.0205619129483444,0,"HLA-C_KIR2DL1","HLA-C - KIR2DL1","MHC-I","Cell-Cell Contact","PMID: 28484462"
"Naive CD4 T cells","Naive B cells","CLEC2B","KLRB1",0.0205485609129904,0,"CLEC2B_KLRB1","CLEC2B - KLRB1","CLEC","Cell-Cell Contact","PMID: 24223577"
"C1Q+ Monocytes","C1Q+ Monocytes","ICAM1","SPN",0.0204925669651138,0,"ICAM1_SPN","ICAM1 - SPN","ICAM","Cell-Cell Contact","PMID: 1683685"
"Monocytes","Monocytes","HLA-F","LILRB1",0.0204866166023163,0,"HLA-F_LILRB1","HLA-F - LILRB1","MHC-I","Cell-Cell Contact","PMID: 28484462"
"Classical Monocytes","Classical Monocytes","ICAM1","ITGAX_ITGB2",0.0204855585477541,0,"ICAM1_ITGAX_ITGB2","ICAM1 - (ITGAX+ITGB2)","ICAM","Cell-Cell Contact","PMID: 16252253"
"Plasma cells","NK cells","FCER2","ITGAM_ITGB2",0.0204694713366033,0,"FCER2A_ITGAM_ITGB2","FCER2A - (ITGAM+ITGB2)","CD23","Cell-Cell Contact","PMID: 7621072"
"Monocytes","NK cells","HLA-A","KIR3DL1",0.0204671355524885,0,"HLA-A_KIR3DL1","HLA-A - KIR3DL1","MHC-I","Cell-Cell Contact","PMID: 28484462"
"NK-like cells","Naive B cells","HLA-E","CD8B",0.0204593910875201,0,"HLA-E_CD8B","HLA-E - CD8B","MHC-I","Cell-Cell Contact","KEGG: hsa04514"
"Classical Monocytes","Classical Monocytes","ITGB2","ICAM1",0.020441385039538,0,"ITGB2_ICAM1","ITGB2 - ICAM1","ITGB2","Cell-Cell Contact","KEGG: hsa04514"
"Myeloid cells","Naive B cells","HLA-E","CD8A",0.0204373064697479,0,"HLA-E_CD8A","HLA-E - CD8A","MHC-I","Cell-Cell Contact","KEGG: hsa04514"
"Plasma cells","NK cells","CLEC2B","KLRB1",0.0204336992926817,0,"CLEC2B_KLRB1","CLEC2B - KLRB1","CLEC","Cell-Cell Contact","PMID: 24223577"
"Naive CD4 T cells","Naive CD4 T cells","HLA-A","CD8A",0.0204244235017882,0,"HLA-A_CD8A","HLA-A - CD8A","MHC-I","Cell-Cell Contact","KEGG: hsa04514"
"Platelets","Classical Monocytes","SEMA4D","PLXNB2",0.0203905817950056,0,"SEMA4D_PLXNB2","SEMA4D - PLXNB2","SEMA4","Cell-Cell Contact","PMID: 27533782"
"NK-like cells","Myeloid cells","TGFB1","ACVR1_TGFbR",0.0203662062510147,0,"TGFB1_ACVR1_TGFBR1","TGFB1 - (ACVR1+TGFBR1)","TGFb","Secreted Signaling","PMID: 29376829"
"NK-like cells","Naive CD4 T cells","HLA-E","CD8B",0.020290327604552,0,"HLA-E_CD8B","HLA-E - CD8B","MHC-I","Cell-Cell Contact","KEGG: hsa04514"
"Conventional Dendritic Cells","Conventional Dendritic Cells","ANXA1","FPR1",0.0202722641335647,0,"ANXA1_FPR1","ANXA1 - FPR1","ANNEXIN","Secreted Signaling","PMID: 23230437"
"C1Q+ Monocytes","Conventional Dendritic Cells","ITGB2","CD226",0.0202676303630535,0,"ITGB2_CD226","ITGB2 - CD226","ITGB2","Cell-Cell Contact","KEGG: hsa04514"
"Conventional Dendritic Cells","Naive CD4 T cells","HLA-DQB1","CD4",0.0202564489469398,0,"HLA-DQB1_CD4","HLA-DQB1 - CD4","MHC-II","Cell-Cell Contact","KEGG: hsa04514"
"Conventional Dendritic Cells","Naive B cells","HLA-E","CD8B",0.0202215561599782,0,"HLA-E_CD8B","HLA-E - CD8B","MHC-I","Cell-Cell Contact","KEGG: hsa04514"
"Conventional Dendritic Cells","Monocytes","ITGB2","ICAM1",0.0202185634702965,0,"ITGB2_ICAM1","ITGB2 - ICAM1","ITGB2","Cell-Cell Contact","KEGG: hsa04514"
"Gamma-delta Cytotoxic T cells","MAIT / CD161-like T cells","LGALS9","PTPRC",0.0202097631449715,0,"LGALS9_CD45","LGALS9 - CD45","GALECTIN","Secreted Signaling","PMID: 30120235"
"C1Q+ Monocytes","C1Q+ Monocytes","CD99","PILRA",0.020199901418352,0,"CD99_PILRA","CD99 - PILRA","CD99","Cell-Cell Contact","PMID: 18234675"
"NK cells","Monocytes","SELPLG","SELL",0.0201823403070248,0,"SELPLG_SELL","SELPLG - SELL","SELPLG","Cell-Cell Contact","PMC2431087; PMID:  8892633,PMID:  8896607"
"C1Q+ Monocytes","Monocytes","ICAM1","ITGAL_ITGB2",0.0201744304450087,0,"ICAM1_ITGAL_ITGB2","ICAM1 - (ITGAL+ITGB2)","ICAM","Cell-Cell Contact","KEGG: hsa04514"
"Naive CD4 T cells","NK cells","HLA-B","CD8A",0.0201607619425137,0,"HLA-B_CD8A","HLA-B - CD8A","MHC-I","Cell-Cell Contact","KEGG: hsa04514"
"Gamma-delta Cytotoxic T cells","Naive CD4 T cells","HLA-DRB1","CD4",0.0201318594262233,0,"HLA-DRB1_CD4","HLA-DRB1 - CD4","MHC-II","Cell-Cell Contact","KEGG: hsa04514"
"C1Q+ Monocytes","Naive CD4 T cells","HLA-A","CD8A",0.0201240702715009,0,"HLA-A_CD8A","HLA-A - CD8A","MHC-I","Cell-Cell Contact","KEGG: hsa04514"
"Monocytes","Naive CD4 T cells","HLA-DRA","CD4",0.0201137900408197,0,"HLA-DRA_CD4","HLA-DRA - CD4","MHC-II","Cell-Cell Contact","KEGG: hsa04514"
"Gamma-delta Cytotoxic T cells","Regulatory / Activated CD4 T cells","LGALS9","PTPRC",0.0201126296817798,0,"LGALS9_CD45","LGALS9 - CD45","GALECTIN","Secreted Signaling","PMID: 30120235"
"Myeloid cells","C1Q+ Monocytes","HLA-DRA","CD4",0.0201114556863894,0,"HLA-DRA_CD4","HLA-DRA - CD4","MHC-II","Cell-Cell Contact","KEGG: hsa04514"
"C1Q+ Monocytes","Classical Monocytes","ITGB2","ICAM1",0.0200924545087946,0,"ITGB2_ICAM1","ITGB2 - ICAM1","ITGB2","Cell-Cell Contact","KEGG: hsa04514"
"Conventional Dendritic Cells","Naive CD4 T cells","HLA-E","CD8B",0.0200544177580874,0,"HLA-E_CD8B","HLA-E - CD8B","MHC-I","Cell-Cell Contact","KEGG: hsa04514"
"Myeloid cells","Myeloid cells","LAMB3","CD44",0.0200527124138104,0,"LAMB3_CD44","LAMB3 - CD44","LAMININ","ECM-Receptor","KEGG: hsa04512"
"Classical Monocytes","Platelets","ITGB2","ICAM2",0.0200486342460863,0,"ITGB2_ICAM2","ITGB2 - ICAM2","ITGB2","Cell-Cell Contact","KEGG: hsa04514"
"Plasma cells","Naive CD4 T cells","HLA-A","CD8A",0.0200483923089661,0,"HLA-A_CD8A","HLA-A - CD8A","MHC-I","Cell-Cell Contact","KEGG: hsa04514"
"Monocytes","C1Q+ Monocytes","HLA-DQA1","CD4",0.019976781601234,0,"HLA-DQA1_CD4","HLA-DQA1 - CD4","MHC-II","Cell-Cell Contact","KEGG: hsa04514"
"Conventional Dendritic Cells","C1Q+ Monocytes","TGFB1","ACVR1B_TGFbR2",0.0199506834467742,0,"TGFB1_ACVR1B_TGFBR2","TGFB1 - (ACVR1B+TGFBR2)","TGFb","Secreted Signaling","PMID: 27449815"
"NK cells","NK cells","HLA-E","KLRC2",0.0199132097858288,0,"HLA-E_KLRC2","HLA-E - KLRC2","MHC-I","Cell-Cell Contact","PMID: 26697006"
"Regulatory / Activated CD4 T cells","Naive CD4 T cells","HLA-E","CD8A",0.0199127407147454,0,"HLA-E_CD8A","HLA-E - CD8A","MHC-I","Cell-Cell Contact","KEGG: hsa04514"
"Regulatory / Activated CD4 T cells","Naive B cells","CLEC2B","KLRB1",0.0198919242720258,0,"CLEC2B_KLRB1","CLEC2B - KLRB1","CLEC","Cell-Cell Contact","PMID: 24223577"
"Plasma cells","MAIT / CD161-like T cells","ALCAM","CD6",0.0198876238548491,0,"ALCAM_CD6","ALCAM - CD6","ALCAM","Cell-Cell Contact","KEGG: hsa04514"
"MAIT / CD161-like T cells","Plasma cells","CD6","ALCAM",0.0198876238548491,0,"CD6_ALCAM","CD6 - ALCAM","CD6","Cell-Cell Contact","PMID: 23602662"
"Gamma-delta Cytotoxic T cells","NK cells","HLA-B","CD8A",0.0198638596808888,0,"HLA-B_CD8A","HLA-B - CD8A","MHC-I","Cell-Cell Contact","KEGG: hsa04514"
"Gamma-delta Cytotoxic T cells","Myeloid cells","LGALS9","CD44",0.0198556572810952,0,"LGALS9_CD44","LGALS9 - CD44","GALECTIN","Secreted Signaling","PMID: 25065622"
"Regulatory / Activated CD4 T cells","NK cells","HLA-A","CD8A",0.0198452302193176,0,"HLA-A_CD8A","HLA-A - CD8A","MHC-I","Cell-Cell Contact","KEGG: hsa04514"
"Monocytes","Conventional Dendritic Cells","ICAM1","ITGAX_ITGB2",0.0197725386373121,0,"ICAM1_ITGAX_ITGB2","ICAM1 - (ITGAX+ITGB2)","ICAM","Cell-Cell Contact","PMID: 16252253"
"C1Q+ Monocytes","C1Q+ Monocytes","CD48","CD244",0.0197635684315638,0,"CD48_CD244A","CD48 - CD244A","CD48","Cell-Cell Contact","PMID: 26697006"
"Classical Monocytes","NK cells","HLA-C","CD8A",0.019726846153426,0,"HLA-C_CD8A","HLA-C - CD8A","MHC-I","Cell-Cell Contact","KEGG: hsa04514"
"Classical Monocytes","Myeloid cells","LGALS9","HAVCR2",0.0197248634490239,0,"LGALS9_HAVCR2","LGALS9 - HAVCR2","GALECTIN","Secreted Signaling","PMID: 27192565"
"C1Q+ Monocytes","Platelets","ITGB2","ICAM2",0.0197062730248495,0,"ITGB2_ICAM2","ITGB2 - ICAM2","ITGB2","Cell-Cell Contact","KEGG: hsa04514"
"Classical Monocytes","NK cells","HLA-C","KIR2DL3",0.0196923106506728,0,"HLA-C_KIR2DL3","HLA-C - KIR2DL3","MHC-I","Cell-Cell Contact","PMID: 28484462"
"Naive B cells","Conventional Dendritic Cells","ITGB2","ICAM1",0.0196549106160808,0,"ITGB2_ICAM1","ITGB2 - ICAM1","ITGB2","Cell-Cell Contact","KEGG: hsa04514"
"Classical Monocytes","Conventional Dendritic Cells","HLA-DPB1","CD4",0.0196450700050896,0,"HLA-DPB1_CD4","HLA-DPB1 - CD4","MHC-II","Cell-Cell Contact","KEGG: hsa04514"
"Conventional Dendritic Cells","C1Q+ Monocytes","IL16","CD4",0.0196424365672453,0,"IL16_CD4","IL16 - CD4","IL16","Secreted Signaling","KEGG: hsa04060"
"Naive B cells","Regulatory / Activated CD4 T cells","HLA-DRB1","CD4",0.0196289052861229,0,"HLA-DRB1_CD4","HLA-DRB1 - CD4","MHC-II","Cell-Cell Contact","KEGG: hsa04514"
"Classical Monocytes","Monocytes","ICAM1","ITGAX_ITGB2",0.0196047779033956,0,"ICAM1_ITGAX_ITGB2","ICAM1 - (ITGAX+ITGB2)","ICAM","Cell-Cell Contact","PMID: 16252253"
"Plasma cells","C1Q+ Monocytes","COL4A3","CD44",0.0195785117735124,0,"COL4A3_CD44","COL4A3 - CD44","COLLAGEN","ECM-Receptor","KEGG: hsa04512"
"MAIT / CD161-like T cells","Regulatory / Activated CD4 T cells","CD69","KLRB1",0.0195639465114364,0,"CLEC2C_KLRB1","CLEC2C - KLRB1","CLEC","Cell-Cell Contact","PMID: 24223577"
"C1Q+ Monocytes","Regulatory / Activated CD4 T cells","HLA-DQA1","CD4",0.0195409961483308,0,"HLA-DQA1_CD4","HLA-DQA1 - CD4","MHC-II","Cell-Cell Contact","KEGG: hsa04514"
"Myeloid cells","Myeloid cells","CD99","PILRA",0.0195376609398498,0,"CD99_PILRA","CD99 - PILRA","CD99","Cell-Cell Contact","PMID: 18234675"
"Monocytes","NK cells","HLA-A","CD8A",0.0195308794197335,0,"HLA-A_CD8A","HLA-A - CD8A","MHC-I","Cell-Cell Contact","KEGG: hsa04514"
"Plasma cells","NK-like cells","CLEC2D","KLRB1",0.0195082671227855,0,"CLEC2D_KLRB1","CLEC2D - KLRB1","CLEC","Cell-Cell Contact","PMID: 24223577"
"NK-like cells","Naive B cells","CD69","KLRB1",0.0194748859035398,0,"CLEC2C_KLRB1","CLEC2C - KLRB1","CLEC","Cell-Cell Contact","PMID: 24223577"
"Gamma-delta Cytotoxic T cells","Gamma-delta Cytotoxic T cells","LGALS9","PTPRC",0.0194289430267701,0,"LGALS9_CD45","LGALS9 - CD45","GALECTIN","Secreted Signaling","PMID: 30120235"
"MAIT / CD161-like T cells","Monocytes","HLA-F","LILRB1",0.0194269531973493,0,"HLA-F_LILRB1","HLA-F - LILRB1","MHC-I","Cell-Cell Contact","PMID: 28484462"
"NK-like cells","Naive CD4 T cells","HLA-E","KLRK1",0.0194178491641473,0,"HLA-E_KLRK1","HLA-E - KLRK1","MHC-I","Cell-Cell Contact","PMID: 28484462"
"Monocytes","Naive CD4 T cells","HLA-DRB1","CD4",0.0194126194875519,0,"HLA-DRB1_CD4","HLA-DRB1 - CD4","MHC-II","Cell-Cell Contact","KEGG: hsa04514"
"Plasma cells","Monocytes","COL4A3","CD44",0.0194106963516584,0,"COL4A3_CD44","COL4A3 - CD44","COLLAGEN","ECM-Receptor","KEGG: hsa04512"
"Plasma cells","Classical Monocytes","TGFB1","ACVR1B_TGFbR2",0.0193771771592721,0,"TGFB1_ACVR1B_TGFBR2","TGFB1 - (ACVR1B+TGFBR2)","TGFb","Secreted Signaling","PMID: 27449815"
"Naive B cells","NK-like cells","HLA-E","KLRC2",0.0193752156737757,0,"HLA-E_KLRC2","HLA-E - KLRC2","MHC-I","Cell-Cell Contact","PMID: 26697006"
"Monocytes","Regulatory / Activated CD4 T cells","HLA-DMB","CD4",0.0192968493343835,0,"HLA-DMB_CD4","HLA-DMB - CD4","MHC-II","Cell-Cell Contact","KEGG: hsa04514"
"Gamma-delta Cytotoxic T cells","Naive CD4 T cells","LGALS9","PTPRC",0.0192946799393862,0,"LGALS9_CD45","LGALS9 - CD45","GALECTIN","Secreted Signaling","PMID: 30120235"
"Conventional Dendritic Cells","Naive CD4 T cells","HLA-A","CD8A",0.0192769745333011,0,"HLA-A_CD8A","HLA-A - CD8A","MHC-I","Cell-Cell Contact","KEGG: hsa04514"
"Gamma-delta Cytotoxic T cells","MAIT / CD161-like T cells","HLA-F","CD8A",0.0192657389689766,0,"HLA-F_CD8A","HLA-F - CD8A","MHC-I","Cell-Cell Contact","KEGG: hsa04514"
"Gamma-delta Cytotoxic T cells","Naive B cells","CLEC2B","KLRB1",0.0192560643413331,0,"CLEC2B_KLRB1","CLEC2B - KLRB1","CLEC","Cell-Cell Contact","PMID: 24223577"
"Classical Monocytes","C1Q+ Monocytes","ICAM1","ITGAX_ITGB2",0.0192501304921026,0,"ICAM1_ITGAX_ITGB2","ICAM1 - (ITGAX+ITGB2)","ICAM","Cell-Cell Contact","PMID: 16252253"
"Plasma cells","Classical Monocytes","FCER2","ITGAM_ITGB2",0.0192414345670468,0,"FCER2A_ITGAM_ITGB2","FCER2A - (ITGAM+ITGB2)","CD23","Cell-Cell Contact","PMID: 7621072"
"Monocytes","Naive B cells","CLEC2B","KLRB1",0.0192374073380448,0,"CLEC2B_KLRB1","CLEC2B - KLRB1","CLEC","Cell-Cell Contact","PMID: 24223577"
"Conventional Dendritic Cells","Naive CD4 T cells","HLA-E","KLRK1",0.0191918846598386,0,"HLA-E_KLRK1","HLA-E - KLRK1","MHC-I","Cell-Cell Contact","PMID: 28484462"
"Classical Monocytes","NK cells","CD48","CD244",0.0191630945601047,0,"CD48_CD244A","CD48 - CD244A","CD48","Cell-Cell Contact","PMID: 26697006"
"Plasma cells","NK cells","HLA-C","CD8A",0.0191331335074815,0,"HLA-C_CD8A","HLA-C - CD8A","MHC-I","Cell-Cell Contact","KEGG: hsa04514"
"Monocytes","NK cells","ICAM1","ITGAL_ITGB2",0.0191169662436354,0,"ICAM1_ITGAL_ITGB2","ICAM1 - (ITGAL+ITGB2)","ICAM","Cell-Cell Contact","KEGG: hsa04514"
"Myeloid cells","Monocytes","HLA-DRA","CD4",0.0191142084856431,0,"HLA-DRA_CD4","HLA-DRA - CD4","MHC-II","Cell-Cell Contact","KEGG: hsa04514"
"Plasma cells","NK cells","HLA-C","KIR2DL3",0.0190996171571026,0,"HLA-C_KIR2DL3","HLA-C - KIR2DL3","MHC-I","Cell-Cell Contact","PMID: 28484462"
"Gamma-delta Cytotoxic T cells","Naive CD4 T cells","HLA-C","CD8A",0.0190922997877634,0,"HLA-C_CD8A","HLA-C - CD8A","MHC-I","Cell-Cell Contact","KEGG: hsa04514"
"C1Q+ Monocytes","NK-like cells","HLA-E","KLRC2",0.019080565892455,0,"HLA-E_KLRC2","HLA-E - KLRC2","MHC-I","Cell-Cell Contact","PMID: 26697006"
"Classical Monocytes","NK cells","HLA-A","KIR3DL1",0.0190557198377001,0,"HLA-A_KIR3DL1","HLA-A - KIR3DL1","MHC-I","Cell-Cell Contact","PMID: 28484462"
"NK cells","Conventional Dendritic Cells","SELPLG","SELL",0.0190299411798746,0,"SELPLG_SELL","SELPLG - SELL","SELPLG","Cell-Cell Contact","PMC2431087; PMID:  8892633,PMID:  8896607"
"Naive B cells","NK cells","HLA-E","CD8A",0.0190064499211769,0,"HLA-E_CD8A","HLA-E - CD8A","MHC-I","Cell-Cell Contact","KEGG: hsa04514"
"Naive B cells","Naive B cells","HLA-F","CD8A",0.0189958248309859,0,"HLA-F_CD8A","HLA-F - CD8A","MHC-I","Cell-Cell Contact","KEGG: hsa04514"
"Monocytes","Monocytes","HLA-DQA1","CD4",0.0189860829630204,0,"HLA-DQA1_CD4","HLA-DQA1 - CD4","MHC-II","Cell-Cell Contact","KEGG: hsa04514"
"Myeloid cells","Myeloid cells","PECAM1","PECAM1",0.0189800981979406,0,"PECAM1_PECAM1","PECAM1 - PECAM1","PECAM1","Cell-Cell Contact","KEGG: hsa04514"
"Naive B cells","C1Q+ Monocytes","ANXA1","FPR1",0.0189769596819653,0,"ANXA1_FPR1","ANXA1 - FPR1","ANNEXIN","Secreted Signaling","PMID: 23230437"
"Conventional Dendritic Cells","NK-like cells","ICAM1","ITGAL",0.018963594784071,0,"ICAM1_ITGAL","ICAM1 - ITGAL","ICAM","Cell-Cell Contact","PMID: 23602662"
"Myeloid cells","Naive B cells","HLA-A","CD8A",0.0189121238122252,0,"HLA-A_CD8A","HLA-A - CD8A","MHC-I","Cell-Cell Contact","KEGG: hsa04514"
"Gamma-delta Cytotoxic T cells","C1Q+ Monocytes","IL16","CD4",0.0189036359235779,0,"IL16_CD4","IL16 - CD4","IL16","Secreted Signaling","KEGG: hsa04060"
"Naive B cells","C1Q+ Monocytes","ITGB2","ICAM2",0.0189028368836717,0,"ITGB2_ICAM2","ITGB2 - ICAM2","ITGB2","Cell-Cell Contact","KEGG: hsa04514"
"Plasma cells","Regulatory / Activated CD4 T cells","CD80","CD28",0.0188992985995152,0,"CD80_CD28","CD80 - CD28","CD80","Cell-Cell Contact","PMID: 23954143"
"Classical Monocytes","Conventional Dendritic Cells","ANXA1","FPR1",0.0188536914033349,0,"ANXA1_FPR1","ANXA1 - FPR1","ANNEXIN","Secreted Signaling","PMID: 23230437"
"MAIT / CD161-like T cells","Conventional Dendritic Cells","TGFB1","ACVR1B_TGFbR2",0.0188461595144285,0,"TGFB1_ACVR1B_TGFBR2","TGFB1 - (ACVR1B+TGFBR2)","TGFb","Secreted Signaling","PMID: 27449815"
"Gamma-delta Cytotoxic T cells","NK-like cells","FCER2","ITGAX_ITGB2",0.0187835233671031,0,"FCER2A_ITGAX_ITGB2","FCER2A - (ITGAX+ITGB2)","CD23","Cell-Cell Contact","PMID: 7621072"
"Plasma cells","Naive CD4 T cells","HLA-E","CD8A",0.0187776522403041,0,"HLA-E_CD8A","HLA-E - CD8A","MHC-I","Cell-Cell Contact","KEGG: hsa04514"
"Naive CD4 T cells","Naive CD4 T cells","HLA-E","CD8A",0.0187362076477337,0,"HLA-E_CD8A","HLA-E - CD8A","MHC-I","Cell-Cell Contact","KEGG: hsa04514"
"Naive CD4 T cells","Myeloid cells","CD99","PILRA",0.0187222952908262,0,"CD99_PILRA","CD99 - PILRA","CD99","Cell-Cell Contact","PMID: 18234675"
"C1Q+ Monocytes","NK cells","HLA-E","CD8A",0.0187173011265787,0,"HLA-E_CD8A","HLA-E - CD8A","MHC-I","Cell-Cell Contact","KEGG: hsa04514"
"Classical Monocytes","Plasma cells","TNFSF13B","TNFRSF13B",0.0187134673530537,0,"TNFSF13B_TNFRSF13B","TNFSF13B - TNFRSF13B","BAFF","Secreted Signaling","KEGG: hsa04060"
"Conventional Dendritic Cells","NK cells","HLA-C","CD8A",0.0186976317815222,0,"HLA-C_CD8A","HLA-C - CD8A","MHC-I","Cell-Cell Contact","KEGG: hsa04514"
"MAIT / CD161-like T cells","C1Q+ Monocytes","CD48","CD244",0.018695085108518,0,"CD48_CD244A","CD48 - CD244A","CD48","Cell-Cell Contact","PMID: 26697006"
"NK cells","C1Q+ Monocytes","HLA-DPA1","CD4",0.0186942083539325,0,"HLA-DPA1_CD4","HLA-DPA1 - CD4","MHC-II","Cell-Cell Contact","KEGG: hsa04514"
"NK-like cells","C1Q+ Monocytes","ITGB2","ICAM1",0.0186851230982745,0,"ITGB2_ICAM1","ITGB2 - ICAM1","ITGB2","Cell-Cell Contact","KEGG: hsa04514"
"Classical Monocytes","Conventional Dendritic Cells","HLA-DMA","CD4",0.0186846385257092,0,"HLA-DMA_CD4","HLA-DMA - CD4","MHC-II","Cell-Cell Contact","KEGG: hsa04514"
"Naive CD4 T cells","Conventional Dendritic Cells","FLT3LG","FLT3",0.0186780621490491,0,"FLT3L_FLT3","FLT3L - FLT3","FLT3","Secreted Signaling","PMID: 25992210"
"Conventional Dendritic Cells","Monocytes","IL16","CD4",0.0186680030929006,0,"IL16_CD4","IL16 - CD4","IL16","Secreted Signaling","KEGG: hsa04060"
"Conventional Dendritic Cells","NK cells","HLA-C","KIR2DL3",0.0186648638016999,0,"HLA-C_KIR2DL3","HLA-C - KIR2DL3","MHC-I","Cell-Cell Contact","PMID: 28484462"
"Plasma cells","Naive CD4 T cells","HLA-DRB1","CD4",0.0186562086773431,0,"HLA-DRB1_CD4","HLA-DRB1 - CD4","MHC-II","Cell-Cell Contact","KEGG: hsa04514"
"C1Q+ Monocytes","Monocytes","HLA-F","LILRB1",0.018526399193397,0,"HLA-F_LILRB1","HLA-F - LILRB1","MHC-I","Cell-Cell Contact","PMID: 28484462"
"Conventional Dendritic Cells","Conventional Dendritic Cells","ITGB2","CD226",0.0185073645773449,0,"ITGB2_CD226","ITGB2 - CD226","ITGB2","Cell-Cell Contact","KEGG: hsa04514"
"Naive CD4 T cells","NK cells","HLA-C","CD8A",0.0184662222417415,0,"HLA-C_CD8A","HLA-C - CD8A","MHC-I","Cell-Cell Contact","KEGG: hsa04514"
"Naive CD4 T cells","NK cells","HLA-C","KIR2DL3",0.0184338521935509,0,"HLA-C_KIR2DL3","HLA-C - KIR2DL3","MHC-I","Cell-Cell Contact","PMID: 28484462"
"Gamma-delta Cytotoxic T cells","Conventional Dendritic Cells","LGALS9","PTPRC",0.0183765565126464,0.01,"LGALS9_CD45","LGALS9 - CD45","GALECTIN","Secreted Signaling","PMID: 30120235"
"Naive CD4 T cells","NK cells","ITGB2","CD226",0.0183654090633621,0,"ITGB2_CD226","ITGB2 - CD226","ITGB2","Cell-Cell Contact","KEGG: hsa04514"
"Conventional Dendritic Cells","Classical Monocytes","ITGB2","ICAM1",0.0183471180254863,0,"ITGB2_ICAM1","ITGB2 - ICAM1","ITGB2","Cell-Cell Contact","KEGG: hsa04514"
"Naive CD4 T cells","NK cells","HLA-A","KIR3DL1",0.0183408663886907,0,"HLA-A_KIR3DL1","HLA-A - KIR3DL1","MHC-I","Cell-Cell Contact","PMID: 28484462"
"Gamma-delta Cytotoxic T cells","Classical Monocytes","LGALS9","PTPRC",0.0183354327367489,0.01,"LGALS9_CD45","LGALS9 - CD45","GALECTIN","Secreted Signaling","PMID: 30120235"
"Myeloid cells","Classical Monocytes","LAMB3","CD44",0.018327438768531,0,"LAMB3_CD44","LAMB3 - CD44","LAMININ","ECM-Receptor","KEGG: hsa04512"
"Gamma-delta Cytotoxic T cells","Naive B cells","CLEC2D","KLRB1",0.0183220920697585,0,"CLEC2D_KLRB1","CLEC2D - KLRB1","CLEC","Cell-Cell Contact","PMID: 24223577"
"Naive CD4 T cells","Monocytes","ANXA1","FPR1",0.0183032196867257,0,"ANXA1_FPR1","ANXA1 - FPR1","ANNEXIN","Secreted Signaling","PMID: 23230437"
"Gamma-delta Cytotoxic T cells","Monocytes","LGALS9","PTPRC",0.0182744237766071,0.01,"LGALS9_CD45","LGALS9 - CD45","GALECTIN","Secreted Signaling","PMID: 30120235"
"Naive B cells","Conventional Dendritic Cells","HLA-DPA1","CD4",0.0182415156575106,0,"HLA-DPA1_CD4","HLA-DPA1 - CD4","MHC-II","Cell-Cell Contact","KEGG: hsa04514"
"Classical Monocytes","Monocytes","THBS1","CD47",0.0182162885503099,0,"THBS1_CD47","THBS1 - CD47","THBS","ECM-Receptor","KEGG: hsa04512"
"Gamma-delta Cytotoxic T cells","NK cells","HLA-C","KIR2DL1",0.0182161587249325,0,"HLA-C_KIR2DL1","HLA-C - KIR2DL1","MHC-I","Cell-Cell Contact","PMID: 28484462"
"Classical Monocytes","Regulatory / Activated CD4 T cells","HLA-DPA1","CD4",0.0182062562688214,0,"HLA-DPA1_CD4","HLA-DPA1 - CD4","MHC-II","Cell-Cell Contact","KEGG: hsa04514"
"Classical Monocytes","NK cells","HLA-A","CD8A",0.0181828295298499,0,"HLA-A_CD8A","HLA-A - CD8A","MHC-I","Cell-Cell Contact","KEGG: hsa04514"
"NK cells","C1Q+ Monocytes","ANXA1","FPR1",0.0181816284048806,0,"ANXA1_FPR1","ANXA1 - FPR1","ANNEXIN","Secreted Signaling","PMID: 23230437"
"Gamma-delta Cytotoxic T cells","Classical Monocytes","LGALS9","CD44",0.0181470236921028,0,"LGALS9_CD44","LGALS9 - CD44","GALECTIN","Secreted Signaling","PMID: 25065622"
"Monocytes","Classical Monocytes","IL1B","IL1R1_IL1RAP",0.0181281484495171,0,"IL1B_IL1R1_IL1RAP","IL1B - (IL1R1+IL1RAP)","IL1","Secreted Signaling","KEGG: hsa04060"
"Classical Monocytes","NK cells","LGALS9","CD44",0.0181023397664746,0,"LGALS9_CD44","LGALS9 - CD44","GALECTIN","Secreted Signaling","PMID: 25065622"
"C1Q+ Monocytes","Classical Monocytes","ICAM1","ITGAL_ITGB2",0.018074625955529,0,"ICAM1_ITGAL_ITGB2","ICAM1 - (ITGAL+ITGB2)","ICAM","Cell-Cell Contact","KEGG: hsa04514"
"Naive B cells","Monocytes","TGFB1","ACVR1_TGFbR",0.0180739100634249,0,"TGFB1_ACVR1_TGFBR1","TGFB1 - (ACVR1+TGFBR1)","TGFb","Secreted Signaling","PMID: 29376829"
"NK cells","Monocytes","TGFB1","ACVR1_TGFbR",0.0180716948235363,0,"TGFB1_ACVR1_TGFBR1","TGFB1 - (ACVR1+TGFBR1)","TGFb","Secreted Signaling","PMID: 29376829"
"C1Q+ Monocytes","NK cells","HLA-A","KIR3DL1",0.0180705878721983,0,"HLA-A_KIR3DL1","HLA-A - KIR3DL1","MHC-I","Cell-Cell Contact","PMID: 28484462"
"Conventional Dendritic Cells","C1Q+ Monocytes","ICAM1","ITGAL_ITGB2",0.0180559917710002,0,"ICAM1_ITGAL_ITGB2","ICAM1 - (ITGAL+ITGB2)","ICAM","Cell-Cell Contact","KEGG: hsa04514"
"Gamma-delta Cytotoxic T cells","Myeloid cells","LGALS9","PTPRC",0.0180547414972185,0.02,"LGALS9_CD45","LGALS9 - CD45","GALECTIN","Secreted Signaling","PMID: 30120235"
"Naive B cells","Classical Monocytes","HLA-DRB1","CD4",0.0180358684721231,0,"HLA-DRB1_CD4","HLA-DRB1 - CD4","MHC-II","Cell-Cell Contact","KEGG: hsa04514"
"Gamma-delta Cytotoxic T cells","Plasma cells","LGALS9","PTPRC",0.0180352929872847,0.01,"LGALS9_CD45","LGALS9 - CD45","GALECTIN","Secreted Signaling","PMID: 30120235"
"Gamma-delta Cytotoxic T cells","C1Q+ Monocytes","FCER2","ITGAM_ITGB2",0.0180118964905758,0,"FCER2A_ITGAM_ITGB2","FCER2A - (ITGAM+ITGB2)","CD23","Cell-Cell Contact","PMID: 7621072"
"Plasma cells","NK cells","HLA-A","KIR3DL1",0.0180024902976346,0,"HLA-A_KIR3DL1","HLA-A - KIR3DL1","MHC-I","Cell-Cell Contact","PMID: 28484462"
"Conventional Dendritic Cells","Platelets","ITGB2","ICAM2",0.0179938663056181,0,"ITGB2_ICAM2","ITGB2 - ICAM2","ITGB2","Cell-Cell Contact","KEGG: hsa04514"
"MAIT / CD161-like T cells","NK-like cells","HLA-E","KLRC2",0.0179844804952992,0,"HLA-E_KLRC2","HLA-E - KLRC2","MHC-I","Cell-Cell Contact","PMID: 26697006"
"Gamma-delta Cytotoxic T cells","Monocytes","IL16","CD4",0.0179651816716603,0,"IL16_CD4","IL16 - CD4","IL16","Secreted Signaling","KEGG: hsa04060"
"C1Q+ Monocytes","Classical Monocytes","HLA-DQA1","CD4",0.0179549631732476,0,"HLA-DQA1_CD4","HLA-DQA1 - CD4","MHC-II","Cell-Cell Contact","KEGG: hsa04514"
"Classical Monocytes","Conventional Dendritic Cells","ICAM1","ITGAX_ITGB2",0.0179416215924873,0,"ICAM1_ITGAX_ITGB2","ICAM1 - (ITGAX+ITGB2)","ICAM","Cell-Cell Contact","PMID: 16252253"
"C1Q+ Monocytes","Naive CD4 T cells","HLA-DRA","CD4",0.0179415807071781,0,"HLA-DRA_CD4","HLA-DRA - CD4","MHC-II","Cell-Cell Contact","KEGG: hsa04514"
"Naive B cells","NK cells","HLA-E","KLRC2",0.0179263671350916,0,"HLA-E_KLRC2","HLA-E - KLRC2","MHC-I","Cell-Cell Contact","PMID: 26697006"
"C1Q+ Monocytes","Regulatory / Activated CD4 T cells","HLA-DQB1","CD4",0.0179191552920201,0,"HLA-DQB1_CD4","HLA-DQB1 - CD4","MHC-II","Cell-Cell Contact","KEGG: hsa04514"
"NK cells","Platelets","GZMA","PARD3",0.017850686336968,0,"GZMA_PARD3","GZMA - PARD3","PARs","Secreted Signaling","KEGG: hsa04080"
"Conventional Dendritic Cells","Conventional Dendritic Cells","NEGR1","NEGR1",0.0178470131440563,0,"NEGR1_NEGR1","NEGR1 - NEGR1","NEGR","Cell-Cell Contact","KEGG: hsa04514"
"Naive CD4 T cells","C1Q+ Monocytes","CD48","CD244",0.0178415337363268,0,"CD48_CD244A","CD48 - CD244A","CD48","Cell-Cell Contact","PMID: 26697006"
"Plasma cells","Regulatory / Activated CD4 T cells","ALCAM","CD6",0.0177955017978465,0,"ALCAM_CD6","ALCAM - CD6","ALCAM","Cell-Cell Contact","KEGG: hsa04514"
"Regulatory / Activated CD4 T cells","Plasma cells","CD6","ALCAM",0.0177955017978465,0,"CD6_ALCAM","CD6 - ALCAM","CD6","Cell-Cell Contact","PMID: 23602662"
"NK cells","Monocytes","HLA-DPA1","CD4",0.0177659626791557,0,"HLA-DPA1_CD4","HLA-DPA1 - CD4","MHC-II","Cell-Cell Contact","KEGG: hsa04514"
"Gamma-delta Cytotoxic T cells","Classical Monocytes","TGFB1","ACVR1B_TGFbR2",0.0177496779329455,0,"TGFB1_ACVR1B_TGFBR2","TGFB1 - (ACVR1B+TGFBR2)","TGFb","Secreted Signaling","PMID: 27449815"
"MAIT / CD161-like T cells","NK cells","GZMA","F2R",0.0177478679898997,0,"GZMA_F2R","GZMA - F2R","PARs","Secreted Signaling","KEGG: hsa04080"
"C1Q+ Monocytes","Myeloid cells","ICAM1","ITGAX_ITGB2",0.0177464798620948,0,"ICAM1_ITGAX_ITGB2","ICAM1 - (ITGAX+ITGB2)","ICAM","Cell-Cell Contact","PMID: 16252253"
"Monocytes","Classical Monocytes","HLA-DMB","CD4",0.0177302740397905,0,"HLA-DMB_CD4","HLA-DMB - CD4","MHC-II","Cell-Cell Contact","KEGG: hsa04514"
"Plasma cells","Monocytes","FCER2","ITGAM_ITGB2",0.017706517489874,0,"FCER2A_ITGAM_ITGB2","FCER2A - (ITGAM+ITGB2)","CD23","Cell-Cell Contact","PMID: 7621072"
"Conventional Dendritic Cells","Naive B cells","ICAM1","ITGAL_ITGB2",0.0176867114113352,0,"ICAM1_ITGAL_ITGB2","ICAM1 - (ITGAL+ITGB2)","ICAM","Cell-Cell Contact","KEGG: hsa04514"
"Monocytes","Classical Monocytes","TGFB1","ACVR1_TGFbR",0.0176721324852412,0,"TGFB1_ACVR1_TGFBR1","TGFB1 - (ACVR1+TGFBR1)","TGFb","Secreted Signaling","PMID: 29376829"
"C1Q+ Monocytes","NK cells","HLA-E","KLRC2",0.0176533541573114,0,"HLA-E_KLRC2","HLA-E - KLRC2","MHC-I","Cell-Cell Contact","PMID: 26697006"
"Regulatory / Activated CD4 T cells","C1Q+ Monocytes","ANXA1","FPR1",0.0176453974716097,0,"ANXA1_FPR1","ANXA1 - FPR1","ANNEXIN","Secreted Signaling","PMID: 23230437"
"MAIT / CD161-like T cells","NK cells","HLA-E","CD8A",0.0176417082130372,0,"HLA-E_CD8A","HLA-E - CD8A","MHC-I","Cell-Cell Contact","KEGG: hsa04514"
"Monocytes","Naive CD4 T cells","HLA-E","CD8A",0.0176235235005099,0,"HLA-E_CD8A","HLA-E - CD8A","MHC-I","Cell-Cell Contact","KEGG: hsa04514"
"Monocytes","Naive B cells","HLA-F","CD8A",0.0176100365281497,0,"HLA-F_CD8A","HLA-F - CD8A","MHC-I","Cell-Cell Contact","KEGG: hsa04514"
"NK-like cells","Naive CD4 T cells","HLA-B","CD8A",0.0175646528125871,0,"HLA-B_CD8A","HLA-B - CD8A","MHC-I","Cell-Cell Contact","KEGG: hsa04514"
"Monocytes","Plasma cells","TNFSF13B","TNFRSF13B",0.0175193191512955,0,"TNFSF13B_TNFRSF13B","TNFSF13B - TNFRSF13B","BAFF","Secreted Signaling","KEGG: hsa04060"
"Naive CD4 T cells","NK cells","HLA-A","CD8A",0.0175001373760723,0,"HLA-A_CD8A","HLA-A - CD8A","MHC-I","Cell-Cell Contact","KEGG: hsa04514"
"NK cells","Classical Monocytes","HLA-F","LILRB1",0.0174997188866766,0,"HLA-F_LILRB1","HLA-F - LILRB1","MHC-I","Cell-Cell Contact","PMID: 28484462"
"Regulatory / Activated CD4 T cells","C1Q+ Monocytes","CD48","CD244",0.017440856829886,0,"CD48_CD244A","CD48 - CD244A","CD48","Cell-Cell Contact","PMID: 26697006"
"Platelets","Regulatory / Activated CD4 T cells","F11R","ITGAL_ITGB2",0.0174355942633908,0,"JAM1_ITGAL_ITGB2","JAM1 - (ITGAL+ITGB2)","JAM","Cell-Cell Contact","PMID: 11812992"
"Naive B cells","Regulatory / Activated CD4 T cells","CD69","KLRB1",0.017412391644627,0,"CLEC2C_KLRB1","CLEC2C - KLRB1","CLEC","Cell-Cell Contact","PMID: 24223577"
"Regulatory / Activated CD4 T cells","NK-like cells","HLA-E","KLRC2",0.0173921177170376,0,"HLA-E_KLRC2","HLA-E - KLRC2","MHC-I","Cell-Cell Contact","PMID: 26697006"
"C1Q+ Monocytes","C1Q+ Monocytes","ICAM2","ITGAL_ITGB2",0.0173640152807048,0,"ICAM2_ITGAL_ITGB2","ICAM2 - (ITGAL+ITGB2)","ICAM","Cell-Cell Contact","KEGG: hsa04514"
"MAIT / CD161-like T cells","C1Q+ Monocytes","ITGB2","ICAM1",0.0173589074532227,0,"ITGB2_ICAM1","ITGB2 - ICAM1","ITGB2","Cell-Cell Contact","KEGG: hsa04514"
"Naive B cells","Monocytes","ITGB2","ICAM1",0.0173489953485143,0,"ITGB2_ICAM1","ITGB2 - ICAM1","ITGB2","Cell-Cell Contact","KEGG: hsa04514"
"Classical Monocytes","NK cells","ICAM1","ITGAL_ITGB2",0.0173456803228802,0,"ICAM1_ITGAL_ITGB2","ICAM1 - (ITGAL+ITGB2)","ICAM","Cell-Cell Contact","KEGG: hsa04514"
"NK-like cells","Monocytes","TGFB1","ACVR1_TGFbR",0.0173253867784677,0,"TGFB1_ACVR1_TGFBR1","TGFB1 - (ACVR1+TGFBR1)","TGFb","Secreted Signaling","PMID: 29376829"
"Myeloid cells","Classical Monocytes","THBS1","CD47",0.0173233443062611,0,"THBS1_CD47","THBS1 - CD47","THBS","ECM-Receptor","KEGG: hsa04512"
"Conventional Dendritic Cells","NK cells","HLA-A","KIR3DL1",0.017308403880294,0,"HLA-A_KIR3DL1","HLA-A - KIR3DL1","MHC-I","Cell-Cell Contact","PMID: 28484462"
"Gamma-delta Cytotoxic T cells","Naive CD4 T cells","HLA-E","CD8A",0.0172884793049206,0,"HLA-E_CD8A","HLA-E - CD8A","MHC-I","Cell-Cell Contact","KEGG: hsa04514"
"C1Q+ Monocytes","Naive CD4 T cells","SELPLG","SELL",0.0172625502292037,0,"SELPLG_SELL","SELPLG - SELL","SELPLG","Cell-Cell Contact","PMC2431087; PMID:  8892633,PMID:  8896607"
"C1Q+ Monocytes","NK cells","HLA-A","CD8A",0.0172420305782551,0,"HLA-A_CD8A","HLA-A - CD8A","MHC-I","Cell-Cell Contact","KEGG: hsa04514"
"MAIT / CD161-like T cells","C1Q+ Monocytes","IL16","CD4",0.0172254645031354,0,"IL16_CD4","IL16 - CD4","IL16","Secreted Signaling","KEGG: hsa04060"
"Plasma cells","NK cells","HLA-A","CD8A",0.0171770007363614,0,"HLA-A_CD8A","HLA-A - CD8A","MHC-I","Cell-Cell Contact","KEGG: hsa04514"
"Myeloid cells","C1Q+ Monocytes","LAMB3","CD44",0.0171528676703109,0,"LAMB3_CD44","LAMB3 - CD44","LAMININ","ECM-Receptor","KEGG: hsa04512"
"C1Q+ Monocytes","NK cells","LGALS9","HAVCR2",0.0171516583759471,0,"LGALS9_HAVCR2","LGALS9 - HAVCR2","GALECTIN","Secreted Signaling","PMID: 27192565"
"NK cells","Naive B cells","GZMA","F2R",0.0171397290853038,0,"GZMA_F2R","GZMA - F2R","PARs","Secreted Signaling","KEGG: hsa04080"
"Plasma cells","C1Q+ Monocytes","CD48","CD244",0.0170932624360119,0,"CD48_CD244A","CD48 - CD244A","CD48","Cell-Cell Contact","PMID: 26697006"
"Regulatory / Activated CD4 T cells","NK cells","HLA-E","CD8A",0.0170604393362835,0,"HLA-E_CD8A","HLA-E - CD8A","MHC-I","Cell-Cell Contact","KEGG: hsa04514"
"NK cells","Regulatory / Activated CD4 T cells","HLA-DPB1","CD4",0.0170353834264456,0,"HLA-DPB1_CD4","HLA-DPB1 - CD4","MHC-II","Cell-Cell Contact","KEGG: hsa04514"
"Regulatory / Activated CD4 T cells","Classical Monocytes","TGFB1","ACVR1_TGFbR",0.0170170147095465,0,"TGFB1_ACVR1_TGFBR1","TGFB1 - (ACVR1+TGFBR1)","TGFb","Secreted Signaling","PMID: 29376829"
"Platelets","NK cells","ICAM2","ITGAL_ITGB2",0.0170113759481756,0,"ICAM2_ITGAL_ITGB2","ICAM2 - (ITGAL+ITGB2)","ICAM","Cell-Cell Contact","KEGG: hsa04514"
"C1Q+ Monocytes","Naive B cells","ICAM2","ITGAL_ITGB2",0.0170086420570299,0,"ICAM2_ITGAL_ITGB2","ICAM2 - (ITGAL+ITGB2)","ICAM","Cell-Cell Contact","KEGG: hsa04514"
"Myeloid cells","Monocytes","LAMB3","CD44",0.0170054828102365,0,"LAMB3_CD44","LAMB3 - CD44","LAMININ","ECM-Receptor","KEGG: hsa04512"
"Conventional Dendritic Cells","NK cells","ICAM1","ITGAL",0.017000055226264,0,"ICAM1_ITGAL","ICAM1 - ITGAL","ICAM","Cell-Cell Contact","PMID: 23602662"
"Gamma-delta Cytotoxic T cells","C1Q+ Monocytes","LGALS9","CD44",0.0169838150160084,0,"LGALS9_CD44","LGALS9 - CD44","GALECTIN","Secreted Signaling","PMID: 25065622"
"Naive CD4 T cells","Myeloid cells","TGFB1","ACVR1B_TGFbR2",0.0169828854710193,0,"TGFB1_ACVR1B_TGFBR2","TGFB1 - (ACVR1B+TGFBR2)","TGFb","Secreted Signaling","PMID: 27449815"
"C1Q+ Monocytes","NK-like cells","CD48","CD244",0.0168878576764055,0,"CD48_CD244A","CD48 - CD244A","CD48","Cell-Cell Contact","PMID: 26697006"
"Classical Monocytes","Monocytes","HLA-F","LILRB1",0.0168760928797543,0,"HLA-F_LILRB1","HLA-F - LILRB1","MHC-I","Cell-Cell Contact","PMID: 28484462"
"Platelets","Myeloid cells","GP1BA","ITGAM_ITGB2",0.0168703326050688,0,"GP1BA_ITGAM_ITGB2","GP1BA - (ITGAM+ITGB2)","GP1BA","Cell-Cell Contact","PMC2194217"
"Gamma-delta Cytotoxic T cells","Monocytes","LGALS9","CD44",0.0168378578444017,0,"LGALS9_CD44","LGALS9 - CD44","GALECTIN","Secreted Signaling","PMID: 25065622"
"Plasma cells","Conventional Dendritic Cells","COL4A3","CD44",0.0168268323631441,0,"COL4A3_CD44","COL4A3 - CD44","COLLAGEN","ECM-Receptor","KEGG: hsa04512"
"NK cells","Regulatory / Activated CD4 T cells","CLEC2B","KLRB1",0.0168260166305939,0,"CLEC2B_KLRB1","CLEC2B - KLRB1","CLEC","Cell-Cell Contact","PMID: 24223577"
"Myeloid cells","Conventional Dendritic Cells","HLA-DRA","CD4",0.0167977295098225,0.02,"HLA-DRA_CD4","HLA-DRA - CD4","MHC-II","Cell-Cell Contact","KEGG: hsa04514"
"Classical Monocytes","Naive CD4 T cells","HLA-E","CD8A",0.0167866661096597,0,"HLA-E_CD8A","HLA-E - CD8A","MHC-I","Cell-Cell Contact","KEGG: hsa04514"
"Classical Monocytes","C1Q+ Monocytes","GRN","SORT1",0.0167782278992303,0,"GRN_SORT1","GRN - SORT1","GRN","Secreted Signaling","PMID: 29555433"
"NK-like cells","Naive CD4 T cells","HLA-C","CD8A",0.0167417990652221,0,"HLA-C_CD8A","HLA-C - CD8A","MHC-I","Cell-Cell Contact","KEGG: hsa04514"
"Monocytes","NK-like cells","ICAM1","ITGAL",0.0167374000238111,0,"ICAM1_ITGAL","ICAM1 - ITGAL","ICAM","Cell-Cell Contact","PMID: 23602662"
"Classical Monocytes","Classical Monocytes","HLA-DPA1","CD4",0.0167267084624993,0,"HLA-DPA1_CD4","HLA-DPA1 - CD4","MHC-II","Cell-Cell Contact","KEGG: hsa04514"
"Classical Monocytes","Naive B cells","CLEC2B","KLRB1",0.0167254402740653,0,"CLEC2B_KLRB1","CLEC2B - KLRB1","CLEC","Cell-Cell Contact","PMID: 24223577"
"MAIT / CD161-like T cells","Naive B cells","HLA-F","CD8A",0.0166966270144892,0,"HLA-F_CD8A","HLA-F - CD8A","MHC-I","Cell-Cell Contact","KEGG: hsa04514"
"Plasma cells","Regulatory / Activated CD4 T cells","COL4A3","CD44",0.016691068217002,0,"COL4A3_CD44","COL4A3 - CD44","COLLAGEN","ECM-Receptor","KEGG: hsa04512"
"Monocytes","Conventional Dendritic Cells","HLA-DQA1","CD4",0.0166848675807831,0,"HLA-DQA1_CD4","HLA-DQA1 - CD4","MHC-II","Cell-Cell Contact","KEGG: hsa04514"
"Naive B cells","Myeloid cells","COL6A2","CD44",0.0166552007871524,0,"COL6A2_CD44","COL6A2 - CD44","COLLAGEN","ECM-Receptor","KEGG: hsa04512"
"Monocytes","C1Q+ Monocytes","GRN","SORT1",0.0166526824578415,0,"GRN_SORT1","GRN - SORT1","GRN","Secreted Signaling","PMID: 29555433"
"Conventional Dendritic Cells","NK cells","ICAM1","ITGAM_ITGB2",0.0166507126488803,0,"ICAM1_ITGAM_ITGB2","ICAM1 - (ITGAM+ITGB2)","ICAM","Cell-Cell Contact","KEGG: hsa04514"
"MAIT / CD161-like T cells","NK cells","HLA-E","KLRC2",0.0166378644981066,0,"HLA-E_KLRC2","HLA-E - KLRC2","MHC-I","Cell-Cell Contact","PMID: 26697006"
"Monocytes","Monocytes","THBS1","CD47",0.016637378101492,0,"THBS1_CD47","THBS1 - CD47","THBS","ECM-Receptor","KEGG: hsa04512"
"Gamma-delta Cytotoxic T cells","Naive CD4 T cells","HLA-A","CD8A",0.0165394957687203,0,"HLA-A_CD8A","HLA-A - CD8A","MHC-I","Cell-Cell Contact","KEGG: hsa04514"
"NK-like cells","Naive B cells","ITGB2","CD226",0.0165245230312921,0,"ITGB2_CD226","ITGB2 - CD226","ITGB2","Cell-Cell Contact","KEGG: hsa04514"
"Plasma cells","Naive CD4 T cells","HLA-DPB1","CD4",0.0165212234139169,0,"HLA-DPB1_CD4","HLA-DPB1 - CD4","MHC-II","Cell-Cell Contact","KEGG: hsa04514"
"Conventional Dendritic Cells","NK cells","HLA-A","CD8A",0.0165142058583095,0,"HLA-A_CD8A","HLA-A - CD8A","MHC-I","Cell-Cell Contact","KEGG: hsa04514"
"Conventional Dendritic Cells","NK cells","LGALS9","HAVCR2",0.016482857997353,0,"LGALS9_HAVCR2","LGALS9 - HAVCR2","GALECTIN","Secreted Signaling","PMID: 27192565"
"C1Q+ Monocytes","Classical Monocytes","HLA-DQB1","CD4",0.0164625477861641,0,"HLA-DQB1_CD4","HLA-DQB1 - CD4","MHC-II","Cell-Cell Contact","KEGG: hsa04514"
"Conventional Dendritic Cells","Conventional Dendritic Cells","IL16","CD4",0.016404696011646,0,"IL16_CD4","IL16 - CD4","IL16","Secreted Signaling","KEGG: hsa04060"
"Plasma cells","NK-like cells","HLA-E","KLRC2",0.0163983085982279,0,"HLA-E_KLRC2","HLA-E - KLRC2","MHC-I","Cell-Cell Contact","PMID: 26697006"
"MAIT / CD161-like T cells","Monocytes","IL16","CD4",0.0163689315906534,0,"IL16_CD4","IL16 - CD4","IL16","Secreted Signaling","KEGG: hsa04060"
"Naive CD4 T cells","NK-like cells","HLA-E","KLRC2",0.0163620279406781,0,"HLA-E_KLRC2","HLA-E - KLRC2","MHC-I","Cell-Cell Contact","PMID: 26697006"
"Gamma-delta Cytotoxic T cells","NK cells","HLA-C","CD8A",0.016355557227423,0,"HLA-C_CD8A","HLA-C - CD8A","MHC-I","Cell-Cell Contact","KEGG: hsa04514"
"Naive B cells","Conventional Dendritic Cells","ANXA1","FPR1",0.016335496375533,0,"ANXA1_FPR1","ANXA1 - FPR1","ANNEXIN","Secreted Signaling","PMID: 23230437"
"Gamma-delta Cytotoxic T cells","NK cells","HLA-C","KIR2DL3",0.0163268254899953,0,"HLA-C_KIR2DL3","HLA-C - KIR2DL3","MHC-I","Cell-Cell Contact","PMID: 28484462"
"Platelets","Myeloid cells","THBS1","CD47",0.0162857539246336,0.03,"THBS1_CD47","THBS1 - CD47","THBS","ECM-Receptor","KEGG: hsa04512"
"Classical Monocytes","Regulatory / Activated CD4 T cells","HLA-DPB1","CD4",0.0162400635446828,0,"HLA-DPB1_CD4","HLA-DPB1 - CD4","MHC-II","Cell-Cell Contact","KEGG: hsa04514"
"Gamma-delta Cytotoxic T cells","Conventional Dendritic Cells","FCER2","ITGAM_ITGB2",0.0161616787339648,0,"FCER2A_ITGAM_ITGB2","FCER2A - (ITGAM+ITGB2)","CD23","Cell-Cell Contact","PMID: 7621072"
"Monocytes","Myeloid cells","TGFB1","ACVR1_TGFbR",0.0161295880144107,0,"TGFB1_ACVR1_TGFBR1","TGFB1 - (ACVR1+TGFBR1)","TGFb","Secreted Signaling","PMID: 29376829"
"Regulatory / Activated CD4 T cells","NK cells","HLA-E","KLRC2",0.0160891291180614,0,"HLA-E_KLRC2","HLA-E - KLRC2","MHC-I","Cell-Cell Contact","PMID: 26697006"
"Plasma cells","NK cells","HLA-E","CD8A",0.0160852725156432,0,"HLA-E_CD8A","HLA-E - CD8A","MHC-I","Cell-Cell Contact","KEGG: hsa04514"
"Myeloid cells","Naive B cells","HLA-E","KLRC2",0.0160656587666742,0,"HLA-E_KLRC2","HLA-E - KLRC2","MHC-I","Cell-Cell Contact","PMID: 26697006"
"NK-like cells","Naive CD4 T cells","HLA-A","CD8A",0.0160622655149226,0,"HLA-A_CD8A","HLA-A - CD8A","MHC-I","Cell-Cell Contact","KEGG: hsa04514"
"Regulatory / Activated CD4 T cells","Monocytes","HLA-F","LILRB1",0.0160501734396748,0,"HLA-F_LILRB1","HLA-F - LILRB1","MHC-I","Cell-Cell Contact","PMID: 28484462"
"Naive CD4 T cells","NK cells","HLA-E","CD8A",0.0160496731379539,0,"HLA-E_CD8A","HLA-E - CD8A","MHC-I","Cell-Cell Contact","KEGG: hsa04514"
"C1Q+ Monocytes","NK cells","ICAM2","ITGAM_ITGB2",0.0160117137912215,0,"ICAM2_ITGAM_ITGB2","ICAM2 - (ITGAM+ITGB2)","ICAM","Cell-Cell Contact","KEGG: hsa04514"
"MAIT / CD161-like T cells","NK-like cells","CD48","CD244",0.0159723114198147,0,"CD48_CD244A","CD48 - CD244A","CD48","Cell-Cell Contact","PMID: 26697006"
"NK-like cells","NK cells","HLA-C","KIR2DL1",0.0159717656082306,0,"HLA-C_KIR2DL1","HLA-C - KIR2DL1","MHC-I","Cell-Cell Contact","PMID: 28484462"
"Monocytes","C1Q+ Monocytes","ICAM1","ITGAL_ITGB2",0.0159346127295188,0,"ICAM1_ITGAL_ITGB2","ICAM1 - (ITGAL+ITGB2)","ICAM","Cell-Cell Contact","KEGG: hsa04514"
"C1Q+ Monocytes","Naive B cells","HLA-F","CD8A",0.0159205848149537,0,"HLA-F_CD8A","HLA-F - CD8A","MHC-I","Cell-Cell Contact","KEGG: hsa04514"
"C1Q+ Monocytes","Naive CD4 T cells","HLA-DRB1","CD4",0.0159198229625978,0,"HLA-DRB1_CD4","HLA-DRB1 - CD4","MHC-II","Cell-Cell Contact","KEGG: hsa04514"
"C1Q+ Monocytes","Conventional Dendritic Cells","ICAM1","ITGAL_ITGB2",0.0159143668948503,0,"ICAM1_ITGAL_ITGB2","ICAM1 - (ITGAL+ITGB2)","ICAM","Cell-Cell Contact","KEGG: hsa04514"
"Conventional Dendritic Cells","Naive B cells","ICAM1","ITGAL",0.0159124042436848,0,"ICAM1_ITGAL","ICAM1 - ITGAL","ICAM","Cell-Cell Contact","PMID: 23602662"
"Myeloid cells","Naive B cells","HLA-B","CD8B",0.0158956440953116,0,"HLA-B_CD8B","HLA-B - CD8B","MHC-I","Cell-Cell Contact","KEGG: hsa04514"
"NK cells","NK-like cells","CLEC2D","KLRB1",0.015893353073675,0,"CLEC2D_KLRB1","CLEC2D - KLRB1","CLEC","Cell-Cell Contact","PMID: 24223577"
"Naive B cells","Conventional Dendritic Cells","ITGB2","CD226",0.0158767269761558,0,"ITGB2_CD226","ITGB2 - CD226","ITGB2","Cell-Cell Contact","KEGG: hsa04514"
"C1Q+ Monocytes","C1Q+ Monocytes","HLA-DMA","CD4",0.0158695868625903,0,"HLA-DMA_CD4","HLA-DMA - CD4","MHC-II","Cell-Cell Contact","KEGG: hsa04514"
"Naive B cells","Classical Monocytes","HLA-F","LILRB1",0.0158561169221633,0,"HLA-F_LILRB1","HLA-F - LILRB1","MHC-I","Cell-Cell Contact","PMID: 28484462"
"Plasma cells","NK cells","COL4A4","CD44",0.0158278170183375,0,"COL4A4_CD44","COL4A4 - CD44","COLLAGEN","ECM-Receptor","KEGG: hsa04512"
"C1Q+ Monocytes","NK cells","ICAM1","ITGAX_ITGB2",0.0158235026994605,0,"ICAM1_ITGAX_ITGB2","ICAM1 - (ITGAX+ITGB2)","ICAM","Cell-Cell Contact","PMID: 16252253"
"Gamma-delta Cytotoxic T cells","Conventional Dendritic Cells","IL16","CD4",0.0157857139099247,0,"IL16_CD4","IL16 - CD4","IL16","Secreted Signaling","KEGG: hsa04060"
"Myeloid cells","Naive B cells","HLA-C","CD8B",0.0157804973349707,0,"HLA-C_CD8B","HLA-C - CD8B","MHC-I","Cell-Cell Contact","KEGG: hsa04514"
"Myeloid cells","Naive CD4 T cells","HLA-B","CD8B",0.0157636856387954,0,"HLA-B_CD8B","HLA-B - CD8B","MHC-I","Cell-Cell Contact","KEGG: hsa04514"
"Naive B cells","Classical Monocytes","ITGB2","ICAM1",0.0157388926243917,0,"ITGB2_ICAM1","ITGB2 - ICAM1","ITGB2","Cell-Cell Contact","KEGG: hsa04514"
"Plasma cells","MAIT / CD161-like T cells","COL4A3","CD44",0.0157089308185476,0,"COL4A3_CD44","COL4A3 - CD44","COLLAGEN","ECM-Receptor","KEGG: hsa04512"
"Myeloid cells","Naive CD4 T cells","HLA-C","CD8B",0.0156494795739327,0,"HLA-C_CD8B","HLA-C - CD8B","MHC-I","Cell-Cell Contact","KEGG: hsa04514"
"NK cells","Classical Monocytes","HLA-DPB1","CD4",0.015649470963459,0,"HLA-DPB1_CD4","HLA-DPB1 - CD4","MHC-II","Cell-Cell Contact","KEGG: hsa04514"
"NK cells","Conventional Dendritic Cells","ANXA1","FPR1",0.0156491038442671,0,"ANXA1_FPR1","ANXA1 - FPR1","ANNEXIN","Secreted Signaling","PMID: 23230437"
"Conventional Dendritic Cells","Classical Monocytes","ICAM1","ITGAM_ITGB2",0.0156481169505566,0,"ICAM1_ITGAM_ITGB2","ICAM1 - (ITGAM+ITGB2)","ICAM","Cell-Cell Contact","KEGG: hsa04514"
"NK cells","Conventional Dendritic Cells","HLA-DPA1","CD4",0.0156102792318853,0,"HLA-DPA1_CD4","HLA-DPA1 - CD4","MHC-II","Cell-Cell Contact","KEGG: hsa04514"
"Monocytes","Naive B cells","ICAM1","ITGAL_ITGB2",0.0156080290945441,0,"ICAM1_ITGAL_ITGB2","ICAM1 - (ITGAL+ITGB2)","ICAM","Cell-Cell Contact","KEGG: hsa04514"
"Gamma-delta Cytotoxic T cells","C1Q+ Monocytes","CD48","CD244",0.0155936480510313,0,"CD48_CD244A","CD48 - CD244A","CD48","Cell-Cell Contact","PMID: 26697006"
"Classical Monocytes","Classical Monocytes","LGALS9","HAVCR2",0.0155559267622249,0,"LGALS9_HAVCR2","LGALS9 - HAVCR2","GALECTIN","Secreted Signaling","PMID: 27192565"
"Gamma-delta Cytotoxic T cells","C1Q+ Monocytes","BTLA","TNFRSF14",0.0155500491587884,0,"BTLA_TNFRSF14","BTLA - TNFRSF14","BTLA","Secreted Signaling","PMID: 21941365"
"Regulatory / Activated CD4 T cells","Myeloid cells","TGFB1","ACVR1_TGFbR",0.0155307493201955,0,"TGFB1_ACVR1_TGFBR1","TGFB1 - (ACVR1+TGFBR1)","TGFb","Secreted Signaling","PMID: 29376829"
"Plasma cells","Gamma-delta Cytotoxic T cells","COL4A3","CD44",0.0155100597422474,0,"COL4A3_CD44","COL4A3 - CD44","COLLAGEN","ECM-Receptor","KEGG: hsa04512"
"Gamma-delta Cytotoxic T cells","Naive CD4 T cells","HLA-DPB1","CD4",0.0154774514147794,0,"HLA-DPB1_CD4","HLA-DPB1 - CD4","MHC-II","Cell-Cell Contact","KEGG: hsa04514"
"Monocytes","Conventional Dendritic Cells","PECAM1","PECAM1",0.0154529642041909,0,"PECAM1_PECAM1","PECAM1 - PECAM1","PECAM1","Cell-Cell Contact","KEGG: hsa04514"
"Conventional Dendritic Cells","Monocytes","PECAM1","PECAM1",0.0154529642041909,0,"PECAM1_PECAM1","PECAM1 - PECAM1","PECAM1","Cell-Cell Contact","KEGG: hsa04514"
"Classical Monocytes","Regulatory / Activated CD4 T cells","HLA-DMA","CD4",0.015443477697896,0,"HLA-DMA_CD4","HLA-DMA - CD4","MHC-II","Cell-Cell Contact","KEGG: hsa04514"
"Naive CD4 T cells","Monocytes","HLA-F","LILRB1",0.0154421610253666,0,"HLA-F_LILRB1","HLA-F - LILRB1","MHC-I","Cell-Cell Contact","PMID: 28484462"
"Naive B cells","Platelets","ITGB2","ICAM2",0.0154350695425503,0,"ITGB2_ICAM2","ITGB2 - ICAM2","ITGB2","Cell-Cell Contact","KEGG: hsa04514"
"Myeloid cells","Conventional Dendritic Cells","CD99","PILRA",0.015403380749607,0,"CD99_PILRA","CD99 - PILRA","CD99","Cell-Cell Contact","PMID: 18234675"
"Myeloid cells","Platelets","ITGB2","CD226",0.0153976315157074,0.01,"ITGB2_CD226","ITGB2 - CD226","ITGB2","Cell-Cell Contact","KEGG: hsa04514"
"Monocytes","NK-like cells","HLA-E","KLRC2",0.0153881277448017,0,"HLA-E_KLRC2","HLA-E - KLRC2","MHC-I","Cell-Cell Contact","PMID: 26697006"
"Conventional Dendritic Cells","Naive CD4 T cells","HLA-DMA","CD4",0.0153847159671539,0,"HLA-DMA_CD4","HLA-DMA - CD4","MHC-II","Cell-Cell Contact","KEGG: hsa04514"
"MAIT / CD161-like T cells","Naive B cells","ITGB2","CD226",0.0153492618129827,0,"ITGB2_CD226","ITGB2 - CD226","ITGB2","Cell-Cell Contact","KEGG: hsa04514"
"Naive B cells","C1Q+ Monocytes","CD48","CD244",0.015310860233459,0,"CD48_CD244A","CD48 - CD244A","CD48","Cell-Cell Contact","PMID: 26697006"
"Platelets","C1Q+ Monocytes","THBS1","CD36",0.0152851210480059,0,"THBS1_CD36","THBS1 - CD36","THBS","ECM-Receptor","KEGG: hsa04512"
"Plasma cells","Naive CD4 T cells","COL4A3","CD44",0.0152780692859272,0,"COL4A3_CD44","COL4A3 - CD44","COLLAGEN","ECM-Receptor","KEGG: hsa04512"
"Conventional Dendritic Cells","C1Q+ Monocytes","CD48","CD244",0.0152724296321005,0,"CD48_CD244A","CD48 - CD244A","CD48","Cell-Cell Contact","PMID: 26697006"
"Naive CD4 T cells","NK-like cells","CD48","CD244",0.0152411414952698,0,"CD48_CD244A","CD48 - CD244A","CD48","Cell-Cell Contact","PMID: 26697006"
"Regulatory / Activated CD4 T cells","Regulatory / Activated CD4 T cells","CD69","KLRB1",0.0152289443165321,0,"CLEC2C_KLRB1","CLEC2C - KLRB1","CLEC","Cell-Cell Contact","PMID: 24223577"
"Conventional Dendritic Cells","Classical Monocytes","PECAM1","PECAM1",0.0152234934190814,0,"PECAM1_PECAM1","PECAM1 - PECAM1","PECAM1","Cell-Cell Contact","KEGG: hsa04514"
"Classical Monocytes","Conventional Dendritic Cells","PECAM1","PECAM1",0.0152234934190814,0,"PECAM1_PECAM1","PECAM1 - PECAM1","PECAM1","Cell-Cell Contact","KEGG: hsa04514"
"Classical Monocytes","Classical Monocytes","NAMPT","INSR",0.0152179316821515,0,"NAMPT_INSR","NAMPT - INSR","VISFATIN","Secreted Signaling","PMID: 28490838"
"Naive B cells","Classical Monocytes","COL6A2","CD44",0.0152176992496879,0,"COL6A2_CD44","COL6A2 - CD44","COLLAGEN","ECM-Receptor","KEGG: hsa04512"
"Conventional Dendritic Cells","C1Q+ Monocytes","GRN","SORT1",0.0152166527243624,0,"GRN_SORT1","GRN - SORT1","GRN","Secreted Signaling","PMID: 29555433"
"Regulatory / Activated CD4 T cells","Conventional Dendritic Cells","ANXA1","FPR1",0.0151864093759596,0,"ANXA1_FPR1","ANXA1 - FPR1","ANNEXIN","Secreted Signaling","PMID: 23230437"
"Classical Monocytes","NK-like cells","ICAM1","ITGAL",0.0151831804188747,0,"ICAM1_ITGAL","ICAM1 - ITGAL","ICAM","Cell-Cell Contact","PMID: 23602662"
"Plasma cells","NK cells","HLA-E","KLRC2",0.0151686251666016,0,"HLA-E_KLRC2","HLA-E - KLRC2","MHC-I","Cell-Cell Contact","PMID: 26697006"
"NK-like cells","Naive CD4 T cells","HLA-E","CD8A",0.0151596631104659,0,"HLA-E_CD8A","HLA-E - CD8A","MHC-I","Cell-Cell Contact","KEGG: hsa04514"
"Conventional Dendritic Cells","C1Q+ Monocytes","HLA-DRB5","CD4",0.0151578063735113,0,"HLA-DRB5_CD4","HLA-DRB5 - CD4","MHC-II","Cell-Cell Contact","KEGG: hsa04514"
"Myeloid cells","NK cells","CLEC2B","KLRB1",0.0151502543702437,0,"CLEC2B_KLRB1","CLEC2B - KLRB1","CLEC","Cell-Cell Contact","PMID: 24223577"
"Naive CD4 T cells","NK cells","HLA-E","KLRC2",0.0151350232753554,0,"HLA-E_KLRC2","HLA-E - KLRC2","MHC-I","Cell-Cell Contact","PMID: 26697006"
"C1Q+ Monocytes","Naive CD4 T cells","HLA-DPA1","CD4",0.0151142922554882,0,"HLA-DPA1_CD4","HLA-DPA1 - CD4","MHC-II","Cell-Cell Contact","KEGG: hsa04514"
"NK-like cells","Myeloid cells","CD99","PILRA",0.0151117925845045,0,"CD99_PILRA","CD99 - PILRA","CD99","Cell-Cell Contact","PMID: 18234675"
"Gamma-delta Cytotoxic T cells","NK-like cells","HLA-E","KLRC2",0.0150949280824082,0,"HLA-E_KLRC2","HLA-E - KLRC2","MHC-I","Cell-Cell Contact","PMID: 26697006"
"Monocytes","NK cells","HLA-E","CD8A",0.0150940796196387,0,"HLA-E_CD8A","HLA-E - CD8A","MHC-I","Cell-Cell Contact","KEGG: hsa04514"
"Plasma cells","Naive CD4 T cells","HLA-DQA1","CD4",0.0150875772727234,0,"HLA-DQA1_CD4","HLA-DQA1 - CD4","MHC-II","Cell-Cell Contact","KEGG: hsa04514"
"C1Q+ Monocytes","Monocytes","HLA-DMA","CD4",0.015079440218486,0,"HLA-DMA_CD4","HLA-DMA - CD4","MHC-II","Cell-Cell Contact","KEGG: hsa04514"
"Naive B cells","Regulatory / Activated CD4 T cells","HLA-DPA1","CD4",0.0150760409343323,0,"HLA-DPA1_CD4","HLA-DPA1 - CD4","MHC-II","Cell-Cell Contact","KEGG: hsa04514"
"Myeloid cells","Classical Monocytes","NAMPT","INSR",0.0150595414393715,0,"NAMPT_INSR","NAMPT - INSR","VISFATIN","Secreted Signaling","PMID: 28490838"
"C1Q+ Monocytes","Classical Monocytes","ICAM2","ITGAM_ITGB2",0.0150470056182995,0,"ICAM2_ITGAM_ITGB2","ICAM2 - (ITGAM+ITGB2)","ICAM","Cell-Cell Contact","KEGG: hsa04514"
"Gamma-delta Cytotoxic T cells","Myeloid cells","CD99","PILRA",0.0150436756977427,0,"CD99_PILRA","CD99 - PILRA","CD99","Cell-Cell Contact","PMID: 18234675"
"NK-like cells","NK cells","HLA-B","CD8A",0.0150435290488936,0,"HLA-B_CD8A","HLA-B - CD8A","MHC-I","Cell-Cell Contact","KEGG: hsa04514"
"C1Q+ Monocytes","Myeloid cells","ANXA1","FPR1",0.015038414664351,0,"ANXA1_FPR1","ANXA1 - FPR1","ANNEXIN","Secreted Signaling","PMID: 23230437"
"Monocytes","NK cells","ICAM1","ITGAL",0.0150008417954832,0,"ICAM1_ITGAL","ICAM1 - ITGAL","ICAM","Cell-Cell Contact","PMID: 23602662"
"Conventional Dendritic Cells","Naive CD4 T cells","HLA-E","CD8A",0.0149824937780694,0,"HLA-E_CD8A","HLA-E - CD8A","MHC-I","Cell-Cell Contact","KEGG: hsa04514"
"Classical Monocytes","Classical Monocytes","HLA-DPB1","CD4",0.0149178723146201,0,"HLA-DPB1_CD4","HLA-DPB1 - CD4","MHC-II","Cell-Cell Contact","KEGG: hsa04514"
"Classical Monocytes","Classical Monocytes","TGFB1","ACVR1_TGFbR",0.0149165018058281,0,"TGFB1_ACVR1_TGFBR1","TGFB1 - (ACVR1+TGFBR1)","TGFb","Secreted Signaling","PMID: 29376829"
"Regulatory / Activated CD4 T cells","NK-like cells","CD48","CD244",0.0148979771716078,0,"CD48_CD244A","CD48 - CD244A","CD48","Cell-Cell Contact","PMID: 26697006"
"Gamma-delta Cytotoxic T cells","NK cells","HLA-A","KIR3DL1",0.0148462454229783,0,"HLA-A_KIR3DL1","HLA-A - KIR3DL1","MHC-I","Cell-Cell Contact","PMID: 28484462"
"Regulatory / Activated CD4 T cells","C1Q+ Monocytes","HLA-DPB1","CD4",0.0148328876731074,0,"HLA-DPB1_CD4","HLA-DPB1 - CD4","MHC-II","Cell-Cell Contact","KEGG: hsa04514"
"Classical Monocytes","Myeloid cells","LAMB3","CD44",0.014807331916653,0,"LAMB3_CD44","LAMB3 - CD44","LAMININ","ECM-Receptor","KEGG: hsa04512"
"Gamma-delta Cytotoxic T cells","NK cells","HLA-E","CD8A",0.0148063983888033,0,"HLA-E_CD8A","HLA-E - CD8A","MHC-I","Cell-Cell Contact","KEGG: hsa04514"
"Naive CD4 T cells","C1Q+ Monocytes","IL16","CD4",0.0147864413036362,0,"IL16_CD4","IL16 - CD4","IL16","Secreted Signaling","KEGG: hsa04060"
"Classical Monocytes","Classical Monocytes","THBS1","CD47",0.0147714953378774,0,"THBS1_CD47","THBS1 - CD47","THBS","ECM-Receptor","KEGG: hsa04512"
"Naive CD4 T cells","Conventional Dendritic Cells","CD99","PILRA",0.0147579540917662,0,"CD99_PILRA","CD99 - PILRA","CD99","Cell-Cell Contact","PMID: 18234675"
"Myeloid cells","Conventional Dendritic Cells","LAMB3","CD44",0.0147369782007741,0,"LAMB3_CD44","LAMB3 - CD44","LAMININ","ECM-Receptor","KEGG: hsa04512"
"C1Q+ Monocytes","Myeloid cells","IL1B","IL1R1_IL1RAP",0.0147177794878687,0,"IL1B_IL1R1_IL1RAP","IL1B - (IL1R1+IL1RAP)","IL1","Secreted Signaling","KEGG: hsa04060"
"Monocytes","Classical Monocytes","HLA-F","LILRB1",0.0146959461305949,0,"HLA-F_LILRB1","HLA-F - LILRB1","MHC-I","Cell-Cell Contact","PMID: 28484462"
"Monocytes","NK cells","ICAM1","ITGAM_ITGB2",0.0146919680216378,0,"ICAM1_ITGAM_ITGB2","ICAM1 - (ITGAM+ITGB2)","ICAM","Cell-Cell Contact","KEGG: hsa04514"
"Classical Monocytes","NK-like cells","HLA-E","KLRC2",0.0146558350757119,0,"HLA-E_KLRC2","HLA-E - KLRC2","MHC-I","Cell-Cell Contact","PMID: 26697006"
"C1Q+ Monocytes","C1Q+ Monocytes","IL16","CD4",0.0146462595553885,0,"IL16_CD4","IL16 - CD4","IL16","Secreted Signaling","KEGG: hsa04060"
"Monocytes","Myeloid cells","ANXA1","FPR1",0.0146431902602264,0,"ANXA1_FPR1","ANXA1 - FPR1","ANNEXIN","Secreted Signaling","PMID: 23230437"
"Regulatory / Activated CD4 T cells","C1Q+ Monocytes","ITGB2","ICAM1",0.0146266736497142,0,"ITGB2_ICAM1","ITGB2 - ICAM1","ITGB2","Cell-Cell Contact","KEGG: hsa04514"
"Myeloid cells","Regulatory / Activated CD4 T cells","LAMB3","CD44",0.0146178249532893,0,"LAMB3_CD44","LAMB3 - CD44","LAMININ","ECM-Receptor","KEGG: hsa04512"
"Monocytes","C1Q+ Monocytes","CD48","CD244",0.0146074400643792,0,"CD48_CD244A","CD48 - CD244A","CD48","Cell-Cell Contact","PMID: 26697006"
"Plasma cells","NK-like cells","CD48","CD244",0.0146003090269795,0,"CD48_CD244A","CD48 - CD244A","CD48","Cell-Cell Contact","PMID: 26697006"
"Gamma-delta Cytotoxic T cells","Conventional Dendritic Cells","LGALS9","CD44",0.0145913822202289,0,"LGALS9_CD44","LGALS9 - CD44","GALECTIN","Secreted Signaling","PMID: 25065622"
"Plasma cells","Plasma cells","COL4A3","CD44",0.0145176007949284,0,"COL4A3_CD44","COL4A3 - CD44","COLLAGEN","ECM-Receptor","KEGG: hsa04512"
"Platelets","C1Q+ Monocytes","CCL5","CCR1",0.0145132686963713,0,"CCL5_CCR1","CCL5 - CCR1","CCL","Secreted Signaling","KEGG: hsa04060"
"C1Q+ Monocytes","MAIT / CD161-like T cells","ICAM1","ITGAL_ITGB2",0.0145064860825522,0,"ICAM1_ITGAL_ITGB2","ICAM1 - (ITGAL+ITGB2)","ICAM","Cell-Cell Contact","KEGG: hsa04514"
"Classical Monocytes","Naive B cells","HLA-F","CD8A",0.0144989718197718,0,"HLA-F_CD8A","HLA-F - CD8A","MHC-I","Cell-Cell Contact","KEGG: hsa04514"
"NK cells","Naive CD4 T cells","SELPLG","SELL",0.0144957280125064,0,"SELPLG_SELL","SELPLG - SELL","SELPLG","Cell-Cell Contact","PMC2431087; PMID:  8892633,PMID:  8896607"
"Naive B cells","Regulatory / Activated CD4 T cells","CLEC2B","KLRB1",0.0144852419628799,0,"CLEC2B_KLRB1","CLEC2B - KLRB1","CLEC","Cell-Cell Contact","PMID: 24223577"
"Classical Monocytes","C1Q+ Monocytes","HLA-DQB1","CD4",0.0144848566322286,0,"HLA-DQB1_CD4","HLA-DQB1 - CD4","MHC-II","Cell-Cell Contact","KEGG: hsa04514"
"NK cells","Naive B cells","HLA-F","CD8B",0.0144736338961778,0,"HLA-F_CD8B","HLA-F - CD8B","MHC-I","Cell-Cell Contact","KEGG: hsa04514"
"Gamma-delta Cytotoxic T cells","Regulatory / Activated CD4 T cells","LGALS9","CD44",0.0144733888706766,0,"LGALS9_CD44","LGALS9 - CD44","GALECTIN","Secreted Signaling","PMID: 25065622"
"Classical Monocytes","C1Q+ Monocytes","ICAM1","ITGAL_ITGB2",0.0144538433972609,0,"ICAM1_ITGAL_ITGB2","ICAM1 - (ITGAL+ITGB2)","ICAM","Cell-Cell Contact","KEGG: hsa04514"
"Regulatory / Activated CD4 T cells","Conventional Dendritic Cells","FLT3LG","FLT3",0.0144377652028469,0,"FLT3L_FLT3","FLT3L - FLT3","FLT3","Secreted Signaling","PMID: 25992210"
"NK-like cells","NK cells","HLA-A","KIR3DL1",0.0144171559529775,0,"HLA-A_KIR3DL1","HLA-A - KIR3DL1","MHC-I","Cell-Cell Contact","PMID: 28484462"
"Gamma-delta Cytotoxic T cells","Naive CD4 T cells","HLA-DQA1","CD4",0.0144108648265424,0,"HLA-DQA1_CD4","HLA-DQA1 - CD4","MHC-II","Cell-Cell Contact","KEGG: hsa04514"
"Conventional Dendritic Cells","Monocytes","HLA-DRB5","CD4",0.0144025806243935,0,"HLA-DRB5_CD4","HLA-DRB5 - CD4","MHC-II","Cell-Cell Contact","KEGG: hsa04514"
"Conventional Dendritic Cells","Monocytes","ICAM1","ITGAM_ITGB2",0.0143956366380583,0,"ICAM1_ITGAM_ITGB2","ICAM1 - (ITGAM+ITGB2)","ICAM","Cell-Cell Contact","KEGG: hsa04514"
"Conventional Dendritic Cells","NK-like cells","ICAM1","ITGAL_ITGB2",0.0143836777927994,0,"ICAM1_ITGAL_ITGB2","ICAM1 - (ITGAL+ITGB2)","ICAM","Cell-Cell Contact","KEGG: hsa04514"
"MAIT / CD161-like T cells","Conventional Dendritic Cells","IL16","CD4",0.0143802791403423,0,"IL16_CD4","IL16 - CD4","IL16","Secreted Signaling","KEGG: hsa04060"
"Classical Monocytes","NK cells","HLA-E","CD8A",0.0143755758551717,0,"HLA-E_CD8A","HLA-E - CD8A","MHC-I","Cell-Cell Contact","KEGG: hsa04514"
"Classical Monocytes","Monocytes","NAMPT","INSR",0.0143614803996583,0,"NAMPT_INSR","NAMPT - INSR","VISFATIN","Secreted Signaling","PMID: 28490838"
"NK cells","Naive CD4 T cells","HLA-F","CD8B",0.0143533081499308,0,"HLA-F_CD8B","HLA-F - CD8B","MHC-I","Cell-Cell Contact","KEGG: hsa04514"
"NK-like cells","NK cells","HLA-C","CD8A",0.0143370591516208,0,"HLA-C_CD8A","HLA-C - CD8A","MHC-I","Cell-Cell Contact","KEGG: hsa04514"
"Plasma cells","Naive B cells","COL4A3","CD44",0.0143345081067745,0,"COL4A3_CD44","COL4A3 - CD44","COLLAGEN","ECM-Receptor","KEGG: hsa04512"
"NK-like cells","NK cells","HLA-C","KIR2DL3",0.0143118217092135,0,"HLA-C_KIR2DL3","HLA-C - KIR2DL3","MHC-I","Cell-Cell Contact","PMID: 28484462"
"Myeloid cells","NK cells","HLA-B","KIR3DL2",0.0142997240376247,0,"HLA-B_KIR3DL2","HLA-B - KIR3DL2","MHC-I","Cell-Cell Contact","PMID: 28484462"
"Naive CD4 T cells","Regulatory / Activated CD4 T cells","CLEC2D","KLRB1",0.0142992794633259,0,"CLEC2D_KLRB1","CLEC2D - KLRB1","CLEC","Cell-Cell Contact","PMID: 24223577"
"MAIT / CD161-like T cells","Naive B cells","CLEC2D","KLRB1",0.0142928443020065,0,"CLEC2D_KLRB1","CLEC2D - KLRB1","CLEC","Cell-Cell Contact","PMID: 24223577"
"Conventional Dendritic Cells","Classical Monocytes","TGFB1","ACVR1_TGFbR",0.0142913527109753,0,"TGFB1_ACVR1_TGFBR1","TGFB1 - (ACVR1+TGFBR1)","TGFb","Secreted Signaling","PMID: 29376829"
"Conventional Dendritic Cells","Myeloid cells","ANXA1","FPR1",0.0142882987061196,0,"ANXA1_FPR1","ANXA1 - FPR1","ANNEXIN","Secreted Signaling","PMID: 23230437"
"C1Q+ Monocytes","Plasma cells","TNFSF13B","TNFRSF13B",0.0142617177410333,0,"TNFSF13B_TNFRSF13B","TNFSF13B - TNFRSF13B","BAFF","Secreted Signaling","KEGG: hsa04060"
"NK-like cells","Naive B cells","CLEC2D","KLRB1",0.0142450702178345,0,"CLEC2D_KLRB1","CLEC2D - KLRB1","CLEC","Cell-Cell Contact","PMID: 24223577"
"Naive B cells","C1Q+ Monocytes","COL6A2","CD44",0.0142395346272903,0,"COL6A2_CD44","COL6A2 - CD44","COLLAGEN","ECM-Receptor","KEGG: hsa04512"
"Monocytes","NK cells","HLA-E","KLRC2",0.0142331000311237,0,"HLA-E_KLRC2","HLA-E - KLRC2","MHC-I","Cell-Cell Contact","PMID: 26697006"
"Myeloid cells","Monocytes","NAMPT","INSR",0.0142118755717711,0,"NAMPT_INSR","NAMPT - INSR","VISFATIN","Secreted Signaling","PMID: 28490838"
"C1Q+ Monocytes","Gamma-delta Cytotoxic T cells","SELPLG","SELL",0.0142026729837839,0,"SELPLG_SELL","SELPLG - SELL","SELPLG","Cell-Cell Contact","PMC2431087; PMID:  8892633,PMID:  8896607"
"Classical Monocytes","Classical Monocytes","HLA-DMA","CD4",0.0141852056618595,0,"HLA-DMA_CD4","HLA-DMA - CD4","MHC-II","Cell-Cell Contact","KEGG: hsa04514"
"Platelets","C1Q+ Monocytes","ICAM2","ITGAL_ITGB2",0.0141744696224854,0,"ICAM2_ITGAL_ITGB2","ICAM2 - (ITGAL+ITGB2)","ICAM","Cell-Cell Contact","KEGG: hsa04514"
"C1Q+ Monocytes","Classical Monocytes","NAMPT","INSR",0.0141637674458508,0,"NAMPT_INSR","NAMPT - INSR","VISFATIN","Secreted Signaling","PMID: 28490838"
"Gamma-delta Cytotoxic T cells","NK cells","HLA-A","CD8A",0.0141633955003869,0,"HLA-A_CD8A","HLA-A - CD8A","MHC-I","Cell-Cell Contact","KEGG: hsa04514"
"Classical Monocytes","Naive B cells","ICAM1","ITGAL_ITGB2",0.0141571718687772,0,"ICAM1_ITGAL_ITGB2","ICAM1 - (ITGAL+ITGB2)","ICAM","Cell-Cell Contact","KEGG: hsa04514"
"Classical Monocytes","Myeloid cells","IL1B","IL1R1_IL1RAP",0.0141559845459355,0,"IL1B_IL1R1_IL1RAP","IL1B - (IL1R1+IL1RAP)","IL1","Secreted Signaling","KEGG: hsa04060"
"Classical Monocytes","Naive CD4 T cells","HLA-DRA","CD4",0.0141403757347164,0,"HLA-DRA_CD4","HLA-DRA - CD4","MHC-II","Cell-Cell Contact","KEGG: hsa04514"
"Naive B cells","Monocytes","COL6A2","CD44",0.0141168228368344,0,"COL6A2_CD44","COL6A2 - CD44","COLLAGEN","ECM-Receptor","KEGG: hsa04512"
"Myeloid cells","Naive B cells","HLA-E","CD8B",0.014111754028325,0,"HLA-E_CD8B","HLA-E - CD8B","MHC-I","Cell-Cell Contact","KEGG: hsa04514"
"Regulatory / Activated CD4 T cells","Monocytes","HLA-DPB1","CD4",0.0140936190713532,0,"HLA-DPB1_CD4","HLA-DPB1 - CD4","MHC-II","Cell-Cell Contact","KEGG: hsa04514"
"Plasma cells","Naive CD4 T cells","CD80","CD28",0.0140657746008128,0,"CD80_CD28","CD80 - CD28","CD80","Cell-Cell Contact","PMID: 23954143"
"Naive CD4 T cells","Monocytes","IL16","CD4",0.0140494545685861,0,"IL16_CD4","IL16 - CD4","IL16","Secreted Signaling","KEGG: hsa04060"
"Monocytes","Naive B cells","ICAM1","ITGAL",0.0140392722186048,0,"ICAM1_ITGAL","ICAM1 - ITGAL","ICAM","Cell-Cell Contact","PMID: 23602662"
"Myeloid cells","Naive CD4 T cells","HLA-E","CD8B",0.0139943940301274,0,"HLA-E_CD8B","HLA-E - CD8B","MHC-I","Cell-Cell Contact","KEGG: hsa04514"
"NK cells","Regulatory / Activated CD4 T cells","ITGB2","CD226",0.0139740883654664,0,"ITGB2_CD226","ITGB2 - CD226","ITGB2","Cell-Cell Contact","KEGG: hsa04514"
"Platelets","Myeloid cells","SEMA4D","PLXNB2",0.013971263129949,0,"SEMA4D_PLXNB2","SEMA4D - PLXNB2","SEMA4","Cell-Cell Contact","PMID: 27533782"
"Naive CD4 T cells","Regulatory / Activated CD4 T cells","CD69","KLRB1",0.0139629227832845,0,"CLEC2C_KLRB1","CLEC2C - KLRB1","CLEC","Cell-Cell Contact","PMID: 24223577"
"Gamma-delta Cytotoxic T cells","NK cells","HLA-E","KLRC2",0.0139615957757515,0,"HLA-E_KLRC2","HLA-E - KLRC2","MHC-I","Cell-Cell Contact","PMID: 26697006"
"Conventional Dendritic Cells","Plasma cells","TNFSF13B","TNFRSF13B",0.0139491240323689,0,"TNFSF13B_TNFRSF13B","TNFSF13B - TNFRSF13B","BAFF","Secreted Signaling","KEGG: hsa04060"
"MAIT / CD161-like T cells","Classical Monocytes","HLA-F","LILRB1",0.0139315431658646,0,"HLA-F_LILRB1","HLA-F - LILRB1","MHC-I","Cell-Cell Contact","PMID: 28484462"
"C1Q+ Monocytes","Monocytes","IL16","CD4",0.0139161610770566,0,"IL16_CD4","IL16 - CD4","IL16","Secreted Signaling","KEGG: hsa04060"
"Platelets","Naive B cells","ICAM2","ITGAL_ITGB2",0.0138834515852611,0,"ICAM2_ITGAL_ITGB2","ICAM2 - (ITGAL+ITGB2)","ICAM","Cell-Cell Contact","KEGG: hsa04514"
"Myeloid cells","Regulatory / Activated CD4 T cells","HLA-DRA","CD4",0.0138792549879639,0,"HLA-DRA_CD4","HLA-DRA - CD4","MHC-II","Cell-Cell Contact","KEGG: hsa04514"
"NK cells","C1Q+ Monocytes","CD48","CD244",0.0138707838389247,0,"CD48_CD244A","CD48 - CD244A","CD48","Cell-Cell Contact","PMID: 26697006"
"Classical Monocytes","Naive CD4 T cells","HLA-DRB1","CD4",0.0138585454839975,0,"HLA-DRB1_CD4","HLA-DRB1 - CD4","MHC-II","Cell-Cell Contact","KEGG: hsa04514"
"Monocytes","Regulatory / Activated CD4 T cells","ITGB2","CD226",0.0138492124147246,0,"ITGB2_CD226","ITGB2 - CD226","ITGB2","Cell-Cell Contact","KEGG: hsa04514"
"Naive B cells","Classical Monocytes","HLA-DPA1","CD4",0.0138472851058474,0,"HLA-DPA1_CD4","HLA-DPA1 - CD4","MHC-II","Cell-Cell Contact","KEGG: hsa04514"
"C1Q+ Monocytes","Monocytes","ICAM2","ITGAM_ITGB2",0.0138419618828129,0,"ICAM2_ITGAM_ITGB2","ICAM2 - (ITGAM+ITGB2)","ICAM","Cell-Cell Contact","KEGG: hsa04514"
"C1Q+ Monocytes","NK-like cells","ICAM2","ITGAL_ITGB2",0.0138304565359013,0,"ICAM2_ITGAL_ITGB2","ICAM2 - (ITGAL+ITGB2)","ICAM","Cell-Cell Contact","KEGG: hsa04514"
"Monocytes","MAIT / CD161-like T cells","CD69","KLRB1",0.0138299784533918,0,"CLEC2C_KLRB1","CLEC2C - KLRB1","CLEC","Cell-Cell Contact","PMID: 24223577"
"Monocytes","Classical Monocytes","ICAM1","ITGAM_ITGB2",0.0138056591122375,0,"ICAM1_ITGAM_ITGB2","ICAM1 - (ITGAM+ITGB2)","ICAM","Cell-Cell Contact","KEGG: hsa04514"
"Monocytes","NK cells","LGALS9","HAVCR2",0.0137994441280455,0,"LGALS9_HAVCR2","LGALS9 - HAVCR2","GALECTIN","Secreted Signaling","PMID: 27192565"
"Regulatory / Activated CD4 T cells","Naive B cells","HLA-F","CD8A",0.0137877576131651,0,"HLA-F_CD8A","HLA-F - CD8A","MHC-I","Cell-Cell Contact","KEGG: hsa04514"
"Monocytes","Regulatory / Activated CD4 T cells","HLA-DQA1","CD4",0.0137857269979993,0,"HLA-DQA1_CD4","HLA-DQA1 - CD4","MHC-II","Cell-Cell Contact","KEGG: hsa04514"
"Classical Monocytes","Monocytes","HLA-DQB1","CD4",0.0137626915191278,0,"HLA-DQB1_CD4","HLA-DQB1 - CD4","MHC-II","Cell-Cell Contact","KEGG: hsa04514"
"Myeloid cells","MAIT / CD161-like T cells","LAMB3","CD44",0.0137559748974816,0,"LAMB3_CD44","LAMB3 - CD44","LAMININ","ECM-Receptor","KEGG: hsa04512"
"NK-like cells","NK cells","HLA-A","CD8A",0.0137537663766202,0,"HLA-A_CD8A","HLA-A - CD8A","MHC-I","Cell-Cell Contact","KEGG: hsa04514"
"Naive B cells","C1Q+ Monocytes","CCL5","CCR1",0.013748673540755,0,"CCL5_CCR1","CCL5 - CCR1","CCL","Secreted Signaling","KEGG: hsa04060"
"Monocytes","Monocytes","TGFB1","ACVR1_TGFbR",0.0137124715320074,0,"TGFB1_ACVR1_TGFBR1","TGFB1 - (ACVR1+TGFBR1)","TGFb","Secreted Signaling","PMID: 29376829"
"NK cells","NK cells","NCAM1","NCAM1",0.0136615244995011,0,"NCAM1_NCAM1","NCAM1 - NCAM1","NCAM","Cell-Cell Contact","KEGG: hsa04514"
"Monocytes","Monocytes","IL1B","IL1R1_IL1RAP",0.0136520114479042,0,"IL1B_IL1R1_IL1RAP","IL1B - (IL1R1+IL1RAP)","IL1","Secreted Signaling","KEGG: hsa04060"
"C1Q+ Monocytes","Classical Monocytes","CD99","PILRA",0.0136506515479589,0,"CD99_PILRA","CD99 - PILRA","CD99","Cell-Cell Contact","PMID: 18234675"
"C1Q+ Monocytes","NK cells","ICAM1","SPN",0.0136406251790574,0,"ICAM1_SPN","ICAM1 - SPN","ICAM","Cell-Cell Contact","PMID: 1683685"
"C1Q+ Monocytes","Plasma cells","SELPLG","SELL",0.0136295393433187,0,"SELPLG_SELL","SELPLG - SELL","SELPLG","Cell-Cell Contact","PMC2431087; PMID:  8892633,PMID:  8896607"
"Conventional Dendritic Cells","Platelets","SELPLG","SELP",0.0136141733632377,0,"SELPLG_SELP","SELPLG - SELP","SELPLG","Cell-Cell Contact","PMID: 19118202; PMID: 9829984"
"Classical Monocytes","Myeloid cells","TGFB1","ACVR1_TGFbR",0.0136111548166154,0,"TGFB1_ACVR1_TGFBR1","TGFB1 - (ACVR1+TGFBR1)","TGFb","Secreted Signaling","PMID: 29376829"
"Classical Monocytes","NK cells","ICAM1","ITGAL",0.0136056460659992,0,"ICAM1_ITGAL","ICAM1 - ITGAL","ICAM","Cell-Cell Contact","PMID: 23602662"
"Regulatory / Activated CD4 T cells","Regulatory / Activated CD4 T cells","CLEC2D","KLRB1",0.013583212514887,0,"CLEC2D_KLRB1","CLEC2D - KLRB1","CLEC","Cell-Cell Contact","PMID: 24223577"
"Myeloid cells","Gamma-delta Cytotoxic T cells","LAMB3","CD44",0.0135814866006431,0,"LAMB3_CD44","LAMB3 - CD44","LAMININ","ECM-Receptor","KEGG: hsa04512"
"Classical Monocytes","NK cells","HLA-E","KLRC2",0.0135550163000223,0,"HLA-E_KLRC2","HLA-E - KLRC2","MHC-I","Cell-Cell Contact","PMID: 26697006"
"Conventional Dendritic Cells","Regulatory / Activated CD4 T cells","IL16","CD4",0.0135535666573649,0,"IL16_CD4","IL16 - CD4","IL16","Secreted Signaling","KEGG: hsa04060"
"Classical Monocytes","Classical Monocytes","LAMB3","CD44",0.0135271249974774,0,"LAMB3_CD44","LAMB3 - CD44","LAMININ","ECM-Receptor","KEGG: hsa04512"
"Monocytes","Classical Monocytes","THBS1","CD47",0.0134870632346603,0,"THBS1_CD47","THBS1 - CD47","THBS","ECM-Receptor","KEGG: hsa04512"
"Myeloid cells","Myeloid cells","THBS1","CD36",0.0134704394827001,0,"THBS1_CD36","THBS1 - CD36","THBS","ECM-Receptor","KEGG: hsa04512"
"Platelets","Gamma-delta Cytotoxic T cells","SEMA4D","CD72",0.0134374600156095,0,"SEMA4D_CD72","SEMA4D - CD72","SEMA4","Cell-Cell Contact","PMID: 22325954"
"Monocytes","Plasma cells","TNFSF13","TNFRSF13B",0.0134060031981447,0,"TNFSF13_TNFRSF13B","TNFSF13 - TNFRSF13B","APRIL","Secreted Signaling","KEGG: hsa04060"
"Myeloid cells","Regulatory / Activated CD4 T cells","CD86","CTLA4",0.0133993025638812,0,"CD86_CTLA4","CD86 - CTLA4","CD86","Cell-Cell Contact","PMID: 23954143"
"Myeloid cells","Naive CD4 T cells","HLA-E","KLRK1",0.0133889392127793,0.04,"HLA-E_KLRK1","HLA-E - KLRK1","MHC-I","Cell-Cell Contact","PMID: 28484462"
"Myeloid cells","Naive CD4 T cells","LAMB3","CD44",0.0133779506336702,0,"LAMB3_CD44","LAMB3 - CD44","LAMININ","ECM-Receptor","KEGG: hsa04512"
"C1Q+ Monocytes","Monocytes","NAMPT","INSR",0.0133658383487112,0,"NAMPT_INSR","NAMPT - INSR","VISFATIN","Secreted Signaling","PMID: 28490838"
"Plasma cells","Naive CD4 T cells","HLA-DPA1","CD4",0.013361035132374,0,"HLA-DPA1_CD4","HLA-DPA1 - CD4","MHC-II","Cell-Cell Contact","KEGG: hsa04514"
"Classical Monocytes","NK cells","ICAM1","ITGAM_ITGB2",0.0133251113420231,0,"ICAM1_ITGAM_ITGB2","ICAM1 - (ITGAM+ITGB2)","ICAM","Cell-Cell Contact","KEGG: hsa04514"
"Gamma-delta Cytotoxic T cells","NK-like cells","CD48","CD244",0.0133164416330377,0,"CD48_CD244A","CD48 - CD244A","CD48","Cell-Cell Contact","PMID: 26697006"
"Classical Monocytes","Myeloid cells","ANXA1","FPR1",0.0132827831274942,0,"ANXA1_FPR1","ANXA1 - FPR1","ANNEXIN","Secreted Signaling","PMID: 23230437"
"C1Q+ Monocytes","Classical Monocytes","HLA-F","LILRB1",0.0132822832427577,0,"HLA-F_LILRB1","HLA-F - LILRB1","MHC-I","Cell-Cell Contact","PMID: 28484462"
"Myeloid cells","Classical Monocytes","TGFB1","ACVR1_TGFbR",0.0132771942154762,0,"TGFB1_ACVR1_TGFBR1","TGFB1 - (ACVR1+TGFBR1)","TGFb","Secreted Signaling","PMID: 29376829"
"Naive CD4 T cells","Naive B cells","HLA-F","CD8A",0.0132642946417109,0,"HLA-F_CD8A","HLA-F - CD8A","MHC-I","Cell-Cell Contact","KEGG: hsa04514"
"Classical Monocytes","Conventional Dendritic Cells","LGALS9","HAVCR2",0.013263772178757,0,"LGALS9_HAVCR2","LGALS9 - HAVCR2","GALECTIN","Secreted Signaling","PMID: 27192565"
"Plasma cells","Naive CD4 T cells","HLA-DQB1","CD4",0.013259364216411,0,"HLA-DQB1_CD4","HLA-DQB1 - CD4","MHC-II","Cell-Cell Contact","KEGG: hsa04514"
"C1Q+ Monocytes","Monocytes","CD99","PILRA",0.0132481593064106,0,"CD99_PILRA","CD99 - PILRA","CD99","Cell-Cell Contact","PMID: 18234675"
"C1Q+ Monocytes","Conventional Dendritic Cells","HLA-DMA","CD4",0.0132453378219932,0,"HLA-DMA_CD4","HLA-DMA - CD4","MHC-II","Cell-Cell Contact","KEGG: hsa04514"
"Regulatory / Activated CD4 T cells","C1Q+ Monocytes","SEMA4D","PLXNB2",0.0132404550856606,0,"SEMA4D_PLXNB2","SEMA4D - PLXNB2","SEMA4","Cell-Cell Contact","PMID: 27533782"
"Monocytes","Classical Monocytes","NAMPT","INSR",0.0132359622355092,0,"NAMPT_INSR","NAMPT - INSR","VISFATIN","Secreted Signaling","PMID: 28490838"
"NK-like cells","NK-like cells","HLA-E","KLRC2",0.0132325776926831,0,"HLA-E_KLRC2","HLA-E - KLRC2","MHC-I","Cell-Cell Contact","PMID: 26697006"
"Regulatory / Activated CD4 T cells","Monocytes","TGFB1","ACVR1_TGFbR",0.0132021682637711,0,"TGFB1_ACVR1_TGFBR1","TGFB1 - (ACVR1+TGFBR1)","TGFb","Secreted Signaling","PMID: 29376829"
"Plasma cells","Regulatory / Activated CD4 T cells","CD69","KLRB1",0.0132003001188672,0,"CLEC2C_KLRB1","CLEC2C - KLRB1","CLEC","Cell-Cell Contact","PMID: 24223577"
"Naive B cells","Platelets","GZMA","PARD3",0.0131659454171524,0,"GZMA_PARD3","GZMA - PARD3","PARs","Secreted Signaling","KEGG: hsa04080"
"Naive CD4 T cells","C1Q+ Monocytes","SEMA4D","PLXNB2",0.0131537658488103,0,"SEMA4D_PLXNB2","SEMA4D - PLXNB2","SEMA4","Cell-Cell Contact","PMID: 27533782"
"Conventional Dendritic Cells","Naive CD4 T cells","HLA-DMB","CD4",0.0131524053406178,0,"HLA-DMB_CD4","HLA-DMB - CD4","MHC-II","Cell-Cell Contact","KEGG: hsa04514"
"Naive B cells","Naive B cells","HLA-F","CD8B",0.0131104541853534,0,"HLA-F_CD8B","HLA-F - CD8B","MHC-I","Cell-Cell Contact","KEGG: hsa04514"
"Conventional Dendritic Cells","NK-like cells","HLA-E","KLRC2",0.0130776309344068,0,"HLA-E_KLRC2","HLA-E - KLRC2","MHC-I","Cell-Cell Contact","PMID: 26697006"
"Naive B cells","NK-like cells","CD48","CD244",0.0130744020347126,0,"CD48_CD244A","CD48 - CD244A","CD48","Cell-Cell Contact","PMID: 26697006"
"Platelets","NK cells","ICAM2","ITGAM_ITGB2",0.0130672652043824,0,"ICAM2_ITGAM_ITGB2","ICAM2 - (ITGAM+ITGB2)","ICAM","Cell-Cell Contact","KEGG: hsa04514"
"Myeloid cells","Naive B cells","HLA-A","CD8B",0.0130523407515814,0,"HLA-A_CD8B","HLA-A - CD8B","MHC-I","Cell-Cell Contact","KEGG: hsa04514"
"Regulatory / Activated CD4 T cells","C1Q+ Monocytes","IL16","CD4",0.0130460680605881,0,"IL16_CD4","IL16 - CD4","IL16","Secreted Signaling","KEGG: hsa04060"
"Conventional Dendritic Cells","NK-like cells","CD48","CD244",0.0130415106457847,0,"CD48_CD244A","CD48 - CD244A","CD48","Cell-Cell Contact","PMID: 26697006"
"Gamma-delta Cytotoxic T cells","Regulatory / Activated CD4 T cells","IL16","CD4",0.0130407370824992,0,"IL16_CD4","IL16 - CD4","IL16","Secreted Signaling","KEGG: hsa04060"
"Conventional Dendritic Cells","Myeloid cells","TGFB1","ACVR1_TGFbR",0.0130399885027942,0,"TGFB1_ACVR1_TGFBR1","TGFB1 - (ACVR1+TGFBR1)","TGFb","Secreted Signaling","PMID: 29376829"
"NK-like cells","NK cells","CD48","CD244",0.013034837743183,0,"CD48_CD244A","CD48 - CD244A","CD48","Cell-Cell Contact","PMID: 26697006"
"NK cells","Classical Monocytes","IFNG","IFNGR1_IFNGR2",0.013022691207939,0,"IFNG_IFNGR1_IFNGR2","IFNG - (IFNGR1+IFNGR2)","IFN-II","Secreted Signaling","KEGG: hsa04060"
"NK cells","NK cells","HLA-F","KIR3DL2",0.0130185947477953,0,"HLA-F_KIR3DL2","HLA-F - KIR3DL2","MHC-I","Cell-Cell Contact","PMID: 28484462"
"Naive B cells","Naive CD4 T cells","HLA-F","CD8B",0.0130013116533538,0,"HLA-F_CD8B","HLA-F - CD8B","MHC-I","Cell-Cell Contact","KEGG: hsa04514"
"Monocytes","Regulatory / Activated CD4 T cells","ICOSLG","CD28",0.012984043414696,0,"ICOSL_CD28","ICOSL - CD28","ICOS","Cell-Cell Contact","KEGG: hsa04514"
"Conventional Dendritic Cells","C1Q+ Monocytes","ICAM1","ITGAL",0.012981308920729,0,"ICAM1_ITGAL","ICAM1 - ITGAL","ICAM","Cell-Cell Contact","PMID: 23602662"
"NK-like cells","NK cells","HLA-E","CD8A",0.012979176501851,0,"HLA-E_CD8A","HLA-E - CD8A","MHC-I","Cell-Cell Contact","KEGG: hsa04514"
"C1Q+ Monocytes","Naive B cells","ICAM1","ITGAM_ITGB2",0.0129475085519458,0,"ICAM1_ITGAM_ITGB2","ICAM1 - (ITGAM+ITGB2)","ICAM","Cell-Cell Contact","KEGG: hsa04514"
"Myeloid cells","Naive CD4 T cells","HLA-A","CD8B",0.0129436756599067,0,"HLA-A_CD8B","HLA-A - CD8B","MHC-I","Cell-Cell Contact","KEGG: hsa04514"
"Regulatory / Activated CD4 T cells","Naive B cells","ITGB2","CD226",0.0129291775987336,0,"ITGB2_CD226","ITGB2 - CD226","ITGB2","Cell-Cell Contact","KEGG: hsa04514"
"Classical Monocytes","Regulatory / Activated CD4 T cells","ITGB2","CD226",0.0129227117521823,0,"ITGB2_CD226","ITGB2 - CD226","ITGB2","Cell-Cell Contact","KEGG: hsa04514"
"Monocytes","Regulatory / Activated CD4 T cells","ICOSLG","ICOS",0.0129105318127101,0,"ICOSL_ICOS","ICOSL - ICOS","ICOS","Cell-Cell Contact","PMID: 23954143"
"Myeloid cells","C1Q+ Monocytes","SEMA4D","PLXNB2",0.0129037156909412,0,"SEMA4D_PLXNB2","SEMA4D - PLXNB2","SEMA4","Cell-Cell Contact","PMID: 27533782"
"NK cells","Regulatory / Activated CD4 T cells","HLA-DPA1","CD4",0.0128954090287945,0,"HLA-DPA1_CD4","HLA-DPA1 - CD4","MHC-II","Cell-Cell Contact","KEGG: hsa04514"
"Gamma-delta Cytotoxic T cells","Naive CD4 T cells","HLA-DPA1","CD4",0.0128653486744043,0,"HLA-DPA1_CD4","HLA-DPA1 - CD4","MHC-II","Cell-Cell Contact","KEGG: hsa04514"
"Plasma cells","C1Q+ Monocytes","IL16","CD4",0.0128467179868778,0,"IL16_CD4","IL16 - CD4","IL16","Secreted Signaling","KEGG: hsa04060"
"Gamma-delta Cytotoxic T cells","Naive CD4 T cells","HLA-DQB1","CD4",0.0128452073587581,0,"HLA-DQB1_CD4","HLA-DQB1 - CD4","MHC-II","Cell-Cell Contact","KEGG: hsa04514"
"Conventional Dendritic Cells","NK cells","HLA-E","CD8A",0.0128271583715795,0,"HLA-E_CD8A","HLA-E - CD8A","MHC-I","Cell-Cell Contact","KEGG: hsa04514"
"Classical Monocytes","C1Q+ Monocytes","HLA-DMB","CD4",0.012802020769485,0,"HLA-DMB_CD4","HLA-DMB - CD4","MHC-II","Cell-Cell Contact","KEGG: hsa04514"
"Classical Monocytes","Monocytes","LGALS9","HAVCR2",0.012757580266336,0,"LGALS9_HAVCR2","LGALS9 - HAVCR2","GALECTIN","Secreted Signaling","PMID: 27192565"
"Myeloid cells","Classical Monocytes","HLA-DRA","CD4",0.0127467794703644,0,"HLA-DRA_CD4","HLA-DRA - CD4","MHC-II","Cell-Cell Contact","KEGG: hsa04514"
"Plasma cells","Myeloid cells","FCER2","ITGAX_ITGB2",0.012737549141297,0,"FCER2A_ITGAX_ITGB2","FCER2A - (ITGAX+ITGB2)","CD23","Cell-Cell Contact","PMID: 7621072"
"Classical Monocytes","Naive B cells","ICAM1","ITGAL",0.012732353947414,0,"ICAM1_ITGAL","ICAM1 - ITGAL","ICAM","Cell-Cell Contact","PMID: 23602662"
"Myeloid cells","Plasma cells","LAMB3","CD44",0.0127108400440221,0,"LAMB3_CD44","LAMB3 - CD44","LAMININ","ECM-Receptor","KEGG: hsa04512"
"C1Q+ Monocytes","Regulatory / Activated CD4 T cells","ITGB2","CD226",0.0127004595143361,0,"ITGB2_CD226","ITGB2 - CD226","ITGB2","Cell-Cell Contact","KEGG: hsa04514"
"Monocytes","Monocytes","ICAM1","ITGAM_ITGB2",0.0126987472516533,0,"ICAM1_ITGAM_ITGB2","ICAM1 - (ITGAM+ITGB2)","ICAM","Cell-Cell Contact","KEGG: hsa04514"
"Monocytes","NK-like cells","ICAM1","ITGAL_ITGB2",0.0126881799112099,0,"ICAM1_ITGAL_ITGB2","ICAM1 - (ITGAL+ITGB2)","ICAM","Cell-Cell Contact","KEGG: hsa04514"
"Monocytes","Classical Monocytes","HLA-DQA1","CD4",0.0126607849018818,0,"HLA-DQA1_CD4","HLA-DQA1 - CD4","MHC-II","Cell-Cell Contact","KEGG: hsa04514"
"Classical Monocytes","C1Q+ Monocytes","LAMB3","CD44",0.0126562306912013,0,"LAMB3_CD44","LAMB3 - CD44","LAMININ","ECM-Receptor","KEGG: hsa04512"
"Conventional Dendritic Cells","Conventional Dendritic Cells","HLA-DRB5","CD4",0.0126497468680784,0,"HLA-DRB5_CD4","HLA-DRB5 - CD4","MHC-II","Cell-Cell Contact","KEGG: hsa04514"
"Naive B cells","Naive B cells","GZMA","F2R",0.0126391709298721,0,"GZMA_F2R","GZMA - F2R","PARs","Secreted Signaling","KEGG: hsa04080"
"C1Q+ Monocytes","Regulatory / Activated CD4 T cells","SELPLG","SELL",0.0126353216085278,0,"SELPLG_SELL","SELPLG - SELL","SELPLG","Cell-Cell Contact","PMC2431087; PMID:  8892633,PMID:  8896607"
"Myeloid cells","Naive CD4 T cells","ALCAM","CD6",0.0126288660923821,0,"ALCAM_CD6","ALCAM - CD6","ALCAM","Cell-Cell Contact","KEGG: hsa04514"
"Naive CD4 T cells","Myeloid cells","CD6","ALCAM",0.0126288660923821,0,"CD6_ALCAM","CD6 - ALCAM","CD6","Cell-Cell Contact","PMID: 23602662"
"C1Q+ Monocytes","Classical Monocytes","IL1B","IL1R1_IL1RAP",0.0126280633084676,0,"IL1B_IL1R1_IL1RAP","IL1B - (IL1R1+IL1RAP)","IL1","Secreted Signaling","KEGG: hsa04060"
"NK-like cells","Platelets","GZMA","F2R",0.0125823151670897,0,"GZMA_F2R","GZMA - F2R","PARs","Secreted Signaling","KEGG: hsa04080"
"Monocytes","Platelets","SELPLG","SELP",0.0125817325454017,0,"SELPLG_SELP","SELPLG - SELP","SELPLG","Cell-Cell Contact","PMID: 19118202; PMID: 9829984"
"Myeloid cells","Naive B cells","LAMB3","CD44",0.0125502436242023,0,"LAMB3_CD44","LAMB3 - CD44","LAMININ","ECM-Receptor","KEGG: hsa04512"
"Classical Monocytes","Monocytes","LAMB3","CD44",0.0125469896423491,0,"LAMB3_CD44","LAMB3 - CD44","LAMININ","ECM-Receptor","KEGG: hsa04512"
"C1Q+ Monocytes","Regulatory / Activated CD4 T cells","CD86","CTLA4",0.0125288839091534,0,"CD86_CTLA4","CD86 - CTLA4","CD86","Cell-Cell Contact","PMID: 23954143"
"Classical Monocytes","Classical Monocytes","ICAM1","ITGAM_ITGB2",0.0125202117702749,0,"ICAM1_ITGAM_ITGB2","ICAM1 - (ITGAM+ITGB2)","ICAM","Cell-Cell Contact","KEGG: hsa04514"
"MAIT / CD161-like T cells","Conventional Dendritic Cells","FLT3LG","FLT3",0.0125193519583115,0,"FLT3L_FLT3","FLT3L - FLT3","FLT3","Secreted Signaling","PMID: 25992210"
"Monocytes","Monocytes","NAMPT","INSR",0.0124896397159938,0,"NAMPT_INSR","NAMPT - INSR","VISFATIN","Secreted Signaling","PMID: 28490838"
"Monocytes","NK-like cells","CD48","CD244",0.0124724290372804,0,"CD48_CD244A","CD48 - CD244A","CD48","Cell-Cell Contact","PMID: 26697006"
"Conventional Dendritic Cells","Classical Monocytes","IL16","CD4",0.0124473301882784,0,"IL16_CD4","IL16 - CD4","IL16","Secreted Signaling","KEGG: hsa04060"
"Conventional Dendritic Cells","Regulatory / Activated CD4 T cells","CD86","CTLA4",0.0123957693970648,0,"CD86_CTLA4","CD86 - CTLA4","CD86","Cell-Cell Contact","PMID: 23954143"
"Regulatory / Activated CD4 T cells","Monocytes","IL16","CD4",0.0123947338151967,0,"IL16_CD4","IL16 - CD4","IL16","Secreted Signaling","KEGG: hsa04060"
"Classical Monocytes","Regulatory / Activated CD4 T cells","ICOSLG","CD28",0.0123930603811259,0,"ICOSL_CD28","ICOSL - CD28","ICOS","Cell-Cell Contact","KEGG: hsa04514"
"Regulatory / Activated CD4 T cells","Conventional Dendritic Cells","HLA-DPB1","CD4",0.0123779145584263,0.01,"HLA-DPB1_CD4","HLA-DPB1 - CD4","MHC-II","Cell-Cell Contact","KEGG: hsa04514"
"Naive CD4 T cells","Conventional Dendritic Cells","IL16","CD4",0.0123390591888486,0,"IL16_CD4","IL16 - CD4","IL16","Secreted Signaling","KEGG: hsa04060"
"Gamma-delta Cytotoxic T cells","Plasma cells","BTLA","TNFRSF14",0.0123340867826895,0,"BTLA_TNFRSF14","BTLA - TNFRSF14","BTLA","Secreted Signaling","PMID: 21941365"
"Classical Monocytes","Regulatory / Activated CD4 T cells","ICOSLG","ICOS",0.012322852966463,0,"ICOSL_ICOS","ICOSL - ICOS","ICOS","Cell-Cell Contact","PMID: 23954143"
"MAIT / CD161-like T cells","Myeloid cells","TNF","TNFRSF1B",0.0123130599244454,0,"TNF_TNFRSF1B","TNF - TNFRSF1B","TNF","Secreted Signaling","KEGG: hsa04060"
"C1Q+ Monocytes","Classical Monocytes","TGFB1","ACVR1_TGFbR",0.0122903429663311,0,"TGFB1_ACVR1_TGFBR1","TGFB1 - (ACVR1+TGFBR1)","TGFb","Secreted Signaling","PMID: 29376829"
"C1Q+ Monocytes","C1Q+ Monocytes","LGALS9","HAVCR2",0.0122858133755536,0,"LGALS9_HAVCR2","LGALS9 - HAVCR2","GALECTIN","Secreted Signaling","PMID: 27192565"
"Platelets","Classical Monocytes","ICAM2","ITGAM_ITGB2",0.0122777469454998,0,"ICAM2_ITGAM_ITGB2","ICAM2 - (ITGAM+ITGB2)","ICAM","Cell-Cell Contact","KEGG: hsa04514"
"Gamma-delta Cytotoxic T cells","NK cells","BTLA","TNFRSF14",0.0122599308471001,0,"BTLA_TNFRSF14","BTLA - TNFRSF14","BTLA","Secreted Signaling","PMID: 21941365"
"NK-like cells","NK cells","HLA-E","KLRC2",0.0122373339623368,0,"HLA-E_KLRC2","HLA-E - KLRC2","MHC-I","Cell-Cell Contact","PMID: 26697006"
"C1Q+ Monocytes","MAIT / CD161-like T cells","CD69","KLRB1",0.0122307462472966,0,"CLEC2C_KLRB1","CLEC2C - KLRB1","CLEC","Cell-Cell Contact","PMID: 24223577"
"Naive B cells","Conventional Dendritic Cells","COL6A2","CD44",0.0122288670899979,0,"COL6A2_CD44","COL6A2 - CD44","COLLAGEN","ECM-Receptor","KEGG: hsa04512"
"C1Q+ Monocytes","Conventional Dendritic Cells","IL16","CD4",0.0122217918345637,0,"IL16_CD4","IL16 - CD4","IL16","Secreted Signaling","KEGG: hsa04060"
"Plasma cells","Monocytes","IL16","CD4",0.01220521335551,0,"IL16_CD4","IL16 - CD4","IL16","Secreted Signaling","KEGG: hsa04060"
"Gamma-delta Cytotoxic T cells","Gamma-delta Cytotoxic T cells","BTLA","TNFRSF14",0.0121742513804417,0,"BTLA_TNFRSF14","BTLA - TNFRSF14","BTLA","Secreted Signaling","PMID: 21941365"
"Classical Monocytes","Monocytes","HLA-DMB","CD4",0.0121627206066827,0,"HLA-DMB_CD4","HLA-DMB - CD4","MHC-II","Cell-Cell Contact","KEGG: hsa04514"
"Plasma cells","Monocytes","HLA-F","LILRB1",0.0121542284236315,0,"HLA-F_LILRB1","HLA-F - LILRB1","MHC-I","Cell-Cell Contact","PMID: 28484462"
"Monocytes","Naive B cells","HLA-F","CD8B",0.0121486998975473,0,"HLA-F_CD8B","HLA-F - CD8B","MHC-I","Cell-Cell Contact","KEGG: hsa04514"
"Classical Monocytes","Classical Monocytes","IL1B","IL1R1_IL1RAP",0.012146469945935,0,"IL1B_IL1R1_IL1RAP","IL1B - (IL1R1+IL1RAP)","IL1","Secreted Signaling","KEGG: hsa04060"
"Naive B cells","Regulatory / Activated CD4 T cells","COL6A2","CD44",0.01212974307721,0,"COL6A2_CD44","COL6A2 - CD44","COLLAGEN","ECM-Receptor","KEGG: hsa04512"
"C1Q+ Monocytes","MAIT / CD161-like T cells","ICAM1","ITGAL",0.0121169958315861,0,"ICAM1_ITGAL","ICAM1 - ITGAL","ICAM","Cell-Cell Contact","PMID: 23602662"
"Myeloid cells","Myeloid cells","TGFB1","ACVR1_TGFbR",0.0121135393872427,0,"TGFB1_ACVR1_TGFBR1","TGFB1 - (ACVR1+TGFBR1)","TGFb","Secreted Signaling","PMID: 29376829"
"Conventional Dendritic Cells","NK cells","HLA-E","KLRC2",0.012093898172376,0,"HLA-E_KLRC2","HLA-E - KLRC2","MHC-I","Cell-Cell Contact","PMID: 26697006"
"Classical Monocytes","Classical Monocytes","HLA-F","LILRB1",0.0120933596966162,0,"HLA-F_LILRB1","HLA-F - LILRB1","MHC-I","Cell-Cell Contact","PMID: 28484462"
"Classical Monocytes","Conventional Dendritic Cells","HLA-DQB1","CD4",0.0120867790023878,0,"HLA-DQB1_CD4","HLA-DQB1 - CD4","MHC-II","Cell-Cell Contact","KEGG: hsa04514"
"Conventional Dendritic Cells","Regulatory / Activated CD4 T cells","ICOSLG","CD28",0.0120687311914824,0,"ICOSL_CD28","ICOSL - CD28","ICOS","Cell-Cell Contact","KEGG: hsa04514"
"Monocytes","Naive CD4 T cells","HLA-F","CD8B",0.012047466084414,0,"HLA-F_CD8B","HLA-F - CD8B","MHC-I","Cell-Cell Contact","KEGG: hsa04514"
"Naive CD4 T cells","C1Q+ Monocytes","ITGB2","ICAM1",0.0120279520659135,0,"ITGB2_ICAM1","ITGB2 - ICAM1","ITGB2","Cell-Cell Contact","KEGG: hsa04514"
"Conventional Dendritic Cells","Regulatory / Activated CD4 T cells","ICOSLG","ICOS",0.0120003387952907,0,"ICOSL_ICOS","ICOSL - ICOS","ICOS","Cell-Cell Contact","PMID: 23954143"
"Gamma-delta Cytotoxic T cells","Classical Monocytes","IL16","CD4",0.0119758493901111,0,"IL16_CD4","IL16 - CD4","IL16","Secreted Signaling","KEGG: hsa04060"
"NK cells","C1Q+ Monocytes","CCL5","CCR1",0.0119730112094795,0,"CCL5_CCR1","CCL5 - CCR1","CCL","Secreted Signaling","KEGG: hsa04060"
"Conventional Dendritic Cells","C1Q+ Monocytes","ICAM1","SPN",0.011960897101763,0,"ICAM1_SPN","ICAM1 - SPN","ICAM","Cell-Cell Contact","PMID: 1683685"
"NK cells","Gamma-delta Cytotoxic T cells","SELPLG","SELL",0.0119203356387252,0,"SELPLG_SELL","SELPLG - SELL","SELPLG","Cell-Cell Contact","PMC2431087; PMID:  8892633,PMID:  8896607"
"Classical Monocytes","Plasma cells","TNFSF13","TNFRSF13B",0.0119086330376861,0,"TNFSF13_TNFRSF13B","TNFSF13 - TNFRSF13B","APRIL","Secreted Signaling","KEGG: hsa04060"
"Conventional Dendritic Cells","Regulatory / Activated CD4 T cells","CLEC2B","KLRB1",0.0118946586173852,0,"CLEC2B_KLRB1","CLEC2B - KLRB1","CLEC","Cell-Cell Contact","PMID: 24223577"
"MAIT / CD161-like T cells","Regulatory / Activated CD4 T cells","IL16","CD4",0.0118767441561477,0,"IL16_CD4","IL16 - CD4","IL16","Secreted Signaling","KEGG: hsa04060"
"C1Q+ Monocytes","Regulatory / Activated CD4 T cells","ICAM1","ITGAL_ITGB2",0.0118594257904197,0,"ICAM1_ITGAL_ITGB2","ICAM1 - (ITGAL+ITGB2)","ICAM","Cell-Cell Contact","KEGG: hsa04514"
"NK cells","Classical Monocytes","HLA-DPA1","CD4",0.0118422462225426,0,"HLA-DPA1_CD4","HLA-DPA1 - CD4","MHC-II","Cell-Cell Contact","KEGG: hsa04514"
"NK cells","NK-like cells","CD48","CD244",0.0118421479259089,0,"CD48_CD244A","CD48 - CD244A","CD48","Cell-Cell Contact","PMID: 26697006"
"Gamma-delta Cytotoxic T cells","Regulatory / Activated CD4 T cells","BTLA","TNFRSF14",0.0118257435665588,0,"BTLA_TNFRSF14","BTLA - TNFRSF14","BTLA","Secreted Signaling","PMID: 21941365"
"Myeloid cells","MAIT / CD161-like T cells","ALCAM","CD6",0.0118114862933414,0,"ALCAM_CD6","ALCAM - CD6","ALCAM","Cell-Cell Contact","KEGG: hsa04514"
"MAIT / CD161-like T cells","Myeloid cells","CD6","ALCAM",0.0118114862933414,0,"CD6_ALCAM","CD6 - ALCAM","CD6","Cell-Cell Contact","PMID: 23602662"
"Conventional Dendritic Cells","C1Q+ Monocytes","LGALS9","HAVCR2",0.0118044697134241,0,"LGALS9_HAVCR2","LGALS9 - HAVCR2","GALECTIN","Secreted Signaling","PMID: 27192565"
"NK cells","Myeloid cells","ITGB2","ICAM1",0.011801574339443,0,"ITGB2_ICAM1","ITGB2 - ICAM1","ITGB2","Cell-Cell Contact","KEGG: hsa04514"
"Naive B cells","NK cells","HLA-F","KIR3DL2",0.0117908163846283,0,"HLA-F_KIR3DL2","HLA-F - KIR3DL2","MHC-I","Cell-Cell Contact","PMID: 28484462"
"Conventional Dendritic Cells","Monocytes","ICAM1","ITGAL_ITGB2",0.0117736183127002,0,"ICAM1_ITGAL_ITGB2","ICAM1 - (ITGAL+ITGB2)","ICAM","Cell-Cell Contact","KEGG: hsa04514"
"Myeloid cells","Naive CD4 T cells","HLA-B","CD8A",0.0117638954484968,0,"HLA-B_CD8A","HLA-B - CD8A","MHC-I","Cell-Cell Contact","KEGG: hsa04514"
"Regulatory / Activated CD4 T cells","Conventional Dendritic Cells","NAMPT","INSR",0.0117362099259078,0,"NAMPT_INSR","NAMPT - INSR","VISFATIN","Secreted Signaling","PMID: 28490838"
"Myeloid cells","Conventional Dendritic Cells","PECAM1","PECAM1",0.0117052394085394,0,"PECAM1_PECAM1","PECAM1 - PECAM1","PECAM1","Cell-Cell Contact","KEGG: hsa04514"
"Conventional Dendritic Cells","Myeloid cells","PECAM1","PECAM1",0.0117052394085394,0,"PECAM1_PECAM1","PECAM1 - PECAM1","PECAM1","Cell-Cell Contact","KEGG: hsa04514"
"Monocytes","Myeloid cells","ITGB2","ICAM1",0.0116958822343569,0,"ITGB2_ICAM1","ITGB2 - ICAM1","ITGB2","Cell-Cell Contact","KEGG: hsa04514"
"Myeloid cells","Naive CD4 T cells","HLA-C","CD8A",0.0116783235625805,0,"HLA-C_CD8A","HLA-C - CD8A","MHC-I","Cell-Cell Contact","KEGG: hsa04514"
"Conventional Dendritic Cells","Classical Monocytes","SELPLG","SELL",0.011677703950208,0,"SELPLG_SELL","SELPLG - SELL","SELPLG","Cell-Cell Contact","PMC2431087; PMID:  8892633,PMID:  8896607"
"Naive B cells","Regulatory / Activated CD4 T cells","CLEC2D","KLRB1",0.0116355977917038,0,"CLEC2D_KLRB1","CLEC2D - KLRB1","CLEC","Cell-Cell Contact","PMID: 24223577"
"Monocytes","Naive CD4 T cells","HLA-DPA1","CD4",0.011631893149885,0,"HLA-DPA1_CD4","HLA-DPA1 - CD4","MHC-II","Cell-Cell Contact","KEGG: hsa04514"
"Conventional Dendritic Cells","Regulatory / Activated CD4 T cells","ITGB2","CD226",0.0115896362873007,0,"ITGB2_CD226","ITGB2 - CD226","ITGB2","Cell-Cell Contact","KEGG: hsa04514"
"NK cells","Monocytes","IFNG","IFNGR1_IFNGR2",0.0115809951765872,0,"IFNG_IFNGR1_IFNGR2","IFNG - (IFNGR1+IFNGR2)","IFN-II","Secreted Signaling","KEGG: hsa04060"
"Classical Monocytes","Monocytes","TGFB1","ACVR1_TGFbR",0.0115670038238737,0,"TGFB1_ACVR1_TGFBR1","TGFB1 - (ACVR1+TGFBR1)","TGFb","Secreted Signaling","PMID: 29376829"
"Plasma cells","NK-like cells","COL4A3","CD44",0.0115389210371804,0,"COL4A3_CD44","COL4A3 - CD44","COLLAGEN","ECM-Receptor","KEGG: hsa04512"
"MAIT / CD161-like T cells","Naive B cells","HLA-F","CD8B",0.0115152423340844,0,"HLA-F_CD8B","HLA-F - CD8B","MHC-I","Cell-Cell Contact","KEGG: hsa04514"
"Classical Monocytes","Monocytes","ICAM1","ITGAM_ITGB2",0.0115151612458966,0,"ICAM1_ITGAM_ITGB2","ICAM1 - (ITGAM+ITGB2)","ICAM","Cell-Cell Contact","KEGG: hsa04514"
"Classical Monocytes","NK-like cells","ICAM1","ITGAL_ITGB2",0.0115055673558955,0,"ICAM1_ITGAL_ITGB2","ICAM1 - (ITGAL+ITGB2)","ICAM","Cell-Cell Contact","KEGG: hsa04514"
"Naive B cells","Myeloid cells","ANXA1","FPR1",0.0114999456810929,0,"ANXA1_FPR1","ANXA1 - FPR1","ANNEXIN","Secreted Signaling","PMID: 23230437"
"Regulatory / Activated CD4 T cells","Classical Monocytes","HLA-F","LILRB1",0.0114987705024143,0,"HLA-F_LILRB1","HLA-F - LILRB1","MHC-I","Cell-Cell Contact","PMID: 28484462"
"Classical Monocytes","Myeloid cells","THBS1","CD36",0.0114795199934395,0,"THBS1_CD36","THBS1 - CD36","THBS","ECM-Receptor","KEGG: hsa04512"
"Classical Monocytes","Regulatory / Activated CD4 T cells","CD86","CTLA4",0.0114693920492024,0,"CD86_CTLA4","CD86 - CTLA4","CD86","Cell-Cell Contact","PMID: 23954143"
"Monocytes","C1Q+ Monocytes","ICAM1","ITGAL",0.0114491971560737,0,"ICAM1_ITGAL","ICAM1 - ITGAL","ICAM","Cell-Cell Contact","PMID: 23602662"
"NK cells","Plasma cells","SELPLG","SELL",0.0114382346209985,0,"SELPLG_SELL","SELPLG - SELL","SELPLG","Cell-Cell Contact","PMC2431087; PMID:  8892633,PMID:  8896607"
"MAIT / CD161-like T cells","Naive CD4 T cells","HLA-F","CD8B",0.0114192260368184,0,"HLA-F_CD8B","HLA-F - CD8B","MHC-I","Cell-Cell Contact","KEGG: hsa04514"
"Naive B cells","MAIT / CD161-like T cells","COL6A2","CD44",0.0114128884082193,0,"COL6A2_CD44","COL6A2 - CD44","COLLAGEN","ECM-Receptor","KEGG: hsa04512"
"Conventional Dendritic Cells","Monocytes","HLA-F","LILRB1",0.011411378486707,0,"HLA-F_LILRB1","HLA-F - LILRB1","MHC-I","Cell-Cell Contact","PMID: 28484462"
"Conventional Dendritic Cells","Classical Monocytes","NAMPT","INSR",0.011368158258402,0,"NAMPT_INSR","NAMPT - INSR","VISFATIN","Secreted Signaling","PMID: 28490838"
"Plasma cells","NK cells","FCER2","ITGAX_ITGB2",0.0113510586530825,0,"FCER2A_ITGAX_ITGB2","FCER2A - (ITGAX+ITGB2)","CD23","Cell-Cell Contact","PMID: 7621072"
"C1Q+ Monocytes","Monocytes","ICAM2","ITGAL_ITGB2",0.011319631549458,0,"ICAM2_ITGAL_ITGB2","ICAM2 - (ITGAL+ITGB2)","ICAM","Cell-Cell Contact","KEGG: hsa04514"
"Platelets","Monocytes","ICAM2","ITGAM_ITGB2",0.0112919375321527,0,"ICAM2_ITGAM_ITGB2","ICAM2 - (ITGAM+ITGB2)","ICAM","Cell-Cell Contact","KEGG: hsa04514"
"Platelets","NK-like cells","ICAM2","ITGAL_ITGB2",0.0112825274988738,0,"ICAM2_ITGAL_ITGB2","ICAM2 - (ITGAL+ITGB2)","ICAM","Cell-Cell Contact","KEGG: hsa04514"
"Naive B cells","Gamma-delta Cytotoxic T cells","COL6A2","CD44",0.0112677815392252,0,"COL6A2_CD44","COL6A2 - CD44","COLLAGEN","ECM-Receptor","KEGG: hsa04512"
"Plasma cells","Naive B cells","ALCAM","CD6",0.011267052468382,0,"ALCAM_CD6","ALCAM - CD6","ALCAM","Cell-Cell Contact","KEGG: hsa04514"
"Naive B cells","Plasma cells","CD6","ALCAM",0.011267052468382,0,"CD6_ALCAM","CD6 - ALCAM","CD6","Cell-Cell Contact","PMID: 23602662"
"MAIT / CD161-like T cells","Platelets","GZMA","PARD3",0.0112342169393509,0,"GZMA_PARD3","GZMA - PARD3","PARs","Secreted Signaling","KEGG: hsa04080"
"Regulatory / Activated CD4 T cells","Myeloid cells","NAMPT","INSR",0.0112298258859861,0,"NAMPT_INSR","NAMPT - INSR","VISFATIN","Secreted Signaling","PMID: 28490838"
"MAIT / CD161-like T cells","Conventional Dendritic Cells","NAMPT","INSR",0.0112247800130129,0,"NAMPT_INSR","NAMPT - INSR","VISFATIN","Secreted Signaling","PMID: 28490838"
"C1Q+ Monocytes","Myeloid cells","TGFB1","ACVR1_TGFbR",0.0112121960683074,0,"TGFB1_ACVR1_TGFBR1","TGFB1 - (ACVR1+TGFBR1)","TGFb","Secreted Signaling","PMID: 29376829"
"Platelets","Regulatory / Activated CD4 T cells","CLEC1B","KLRB1",0.0112053572089642,0,"CLEC1B_KLRB1","CLEC1B - KLRB1","CLEC","Cell-Cell Contact","PMID: 24223577"
"C1Q+ Monocytes","Regulatory / Activated CD4 T cells","CLEC2B","KLRB1",0.011171094504353,0,"CLEC2B_KLRB1","CLEC2B - KLRB1","CLEC","Cell-Cell Contact","PMID: 24223577"
"NK-like cells","C1Q+ Monocytes","SEMA4D","PLXNB2",0.0111665547916273,0,"SEMA4D_PLXNB2","SEMA4D - PLXNB2","SEMA4","Cell-Cell Contact","PMID: 27533782"
"Myeloid cells","NK cells","HLA-C","KIR2DL1",0.0111385447136062,0,"HLA-C_KIR2DL1","HLA-C - KIR2DL1","MHC-I","Cell-Cell Contact","PMID: 28484462"
"Naive B cells","Naive CD4 T cells","COL6A2","CD44",0.0110985292781003,0,"COL6A2_CD44","COL6A2 - CD44","COLLAGEN","ECM-Receptor","KEGG: hsa04512"
"Conventional Dendritic Cells","Monocytes","TGFB1","ACVR1_TGFbR",0.0110806528298644,0,"TGFB1_ACVR1_TGFBR1","TGFB1 - (ACVR1+TGFBR1)","TGFb","Secreted Signaling","PMID: 29376829"
"Gamma-delta Cytotoxic T cells","Naive CD4 T cells","HLA-DMB","CD4",0.0110707051987401,0,"HLA-DMB_CD4","HLA-DMB - CD4","MHC-II","Cell-Cell Contact","KEGG: hsa04514"
"Naive CD4 T cells","Classical Monocytes","HLA-F","LILRB1",0.0110612360164404,0,"HLA-F_LILRB1","HLA-F - LILRB1","MHC-I","Cell-Cell Contact","PMID: 28484462"
"NK cells","Myeloid cells","ANXA1","FPR1",0.0110144604718941,0,"ANXA1_FPR1","ANXA1 - FPR1","ANNEXIN","Secreted Signaling","PMID: 23230437"
"C1Q+ Monocytes","NK-like cells","ICAM1","ITGAM_ITGB2",0.0110120272412876,0,"ICAM1_ITGAM_ITGB2","ICAM1 - (ITGAM+ITGB2)","ICAM","Cell-Cell Contact","KEGG: hsa04514"
"C1Q+ Monocytes","Naive B cells","HLA-F","CD8B",0.0109773370999704,0,"HLA-F_CD8B","HLA-F - CD8B","MHC-I","Cell-Cell Contact","KEGG: hsa04514"
"MAIT / CD161-like T cells","Regulatory / Activated CD4 T cells","CLEC2B","KLRB1",0.0109670724593138,0,"CLEC2B_KLRB1","CLEC2B - KLRB1","CLEC","Cell-Cell Contact","PMID: 24223577"
"C1Q+ Monocytes","Naive CD4 T cells","HLA-DPB1","CD4",0.0109670710952875,0,"HLA-DPB1_CD4","HLA-DPB1 - CD4","MHC-II","Cell-Cell Contact","KEGG: hsa04514"
"C1Q+ Monocytes","Regulatory / Activated CD4 T cells","HLA-DMA","CD4",0.0109371978842784,0,"HLA-DMA_CD4","HLA-DMA - CD4","MHC-II","Cell-Cell Contact","KEGG: hsa04514"
"Myeloid cells","Classical Monocytes","ICAM1","ITGAX_ITGB2",0.0109356537779285,0,"ICAM1_ITGAX_ITGB2","ICAM1 - (ITGAX+ITGB2)","ICAM","Cell-Cell Contact","PMID: 16252253"
"Monocytes","NK cells","HLA-F","KIR3DL2",0.0109247962113451,0,"HLA-F_KIR3DL2","HLA-F - KIR3DL2","MHC-I","Cell-Cell Contact","PMID: 28484462"
"Monocytes","Regulatory / Activated CD4 T cells","CD86","CTLA4",0.0109155579249183,0,"CD86_CTLA4","CD86 - CTLA4","CD86","Cell-Cell Contact","PMID: 23954143"
"Classical Monocytes","Myeloid cells","ITGB2","ICAM1",0.010911843557977,0,"ITGB2_ICAM1","ITGB2 - ICAM1","ITGB2","Cell-Cell Contact","KEGG: hsa04514"
"MAIT / CD161-like T cells","Classical Monocytes","IL16","CD4",0.0109058561413241,0,"IL16_CD4","IL16 - CD4","IL16","Secreted Signaling","KEGG: hsa04060"
"Plasma cells","NK cells","JAM3","ITGAM_ITGB2",0.0108984604758143,0,"JAM3_ITGAM_ITGB2","JAM3 - (ITGAM+ITGB2)","JAM","Cell-Cell Contact","KEGG: hsa04514; PMID: 16118203, PMC2194005"
"NK-like cells","Conventional Dendritic Cells","ITGB2","ICAM1",0.0108975743812572,0,"ITGB2_ICAM1","ITGB2 - ICAM1","ITGB2","Cell-Cell Contact","KEGG: hsa04514"
"C1Q+ Monocytes","Naive CD4 T cells","HLA-F","CD8B",0.0108857565665261,0,"HLA-F_CD8B","HLA-F - CD8B","MHC-I","Cell-Cell Contact","KEGG: hsa04514"
"Regulatory / Activated CD4 T cells","Conventional Dendritic Cells","IL16","CD4",0.0108835621731297,0,"IL16_CD4","IL16 - CD4","IL16","Secreted Signaling","KEGG: hsa04060"
"Classical Monocytes","Conventional Dendritic Cells","LAMB3","CD44",0.0108666661732068,0,"LAMB3_CD44","LAMB3 - CD44","LAMININ","ECM-Receptor","KEGG: hsa04512"
"MAIT / CD161-like T cells","C1Q+ Monocytes","CCL5","CCR1",0.0108543311536948,0,"CCL5_CCR1","CCL5 - CCR1","CCL","Secreted Signaling","KEGG: hsa04060"
"Gamma-delta Cytotoxic T cells","Naive B cells","BTLA","TNFRSF14",0.0108106845986759,0,"BTLA_TNFRSF14","BTLA - TNFRSF14","BTLA","Secreted Signaling","PMID: 21941365"
"Monocytes","Classical Monocytes","SELPLG","SELL",0.0107905102138291,0,"SELPLG_SELL","SELPLG - SELL","SELPLG","Cell-Cell Contact","PMC2431087; PMID:  8892633,PMID:  8896607"
"MAIT / CD161-like T cells","Naive B cells","GZMA","F2R",0.0107838870458683,0,"GZMA_F2R","GZMA - F2R","PARs","Secreted Signaling","KEGG: hsa04080"
"Classical Monocytes","Regulatory / Activated CD4 T cells","LAMB3","CD44",0.0107784633210192,0,"LAMB3_CD44","LAMB3 - CD44","LAMININ","ECM-Receptor","KEGG: hsa04512"
"Myeloid cells","C1Q+ Monocytes","ANXA1","FPR1",0.0107738635350277,0,"ANXA1_FPR1","ANXA1 - FPR1","ANNEXIN","Secreted Signaling","PMID: 23230437"
"MAIT / CD161-like T cells","Myeloid cells","NAMPT","INSR",0.0107402229012681,0,"NAMPT_INSR","NAMPT - INSR","VISFATIN","Secreted Signaling","PMID: 28490838"
"Conventional Dendritic Cells","Monocytes","NAMPT","INSR",0.0107260088773305,0,"NAMPT_INSR","NAMPT - INSR","VISFATIN","Secreted Signaling","PMID: 28490838"
"C1Q+ Monocytes","Myeloid cells","ITGB2","ICAM1",0.0107237996611754,0,"ITGB2_ICAM1","ITGB2 - ICAM1","ITGB2","Cell-Cell Contact","KEGG: hsa04514"
"Monocytes","Naive CD4 T cells","HLA-DPB1","CD4",0.0107210178220335,0,"HLA-DPB1_CD4","HLA-DPB1 - CD4","MHC-II","Cell-Cell Contact","KEGG: hsa04514"
"Plasma cells","Conventional Dendritic Cells","IL16","CD4",0.010716897398005,0,"IL16_CD4","IL16 - CD4","IL16","Secreted Signaling","KEGG: hsa04060"
"NK cells","Naive CD4 T cells","HLA-F","CD8A",0.0107074861573953,0,"HLA-F_CD8A","HLA-F - CD8A","MHC-I","Cell-Cell Contact","KEGG: hsa04514"
"Regulatory / Activated CD4 T cells","Myeloid cells","ANXA1","FPR1",0.0106873099554886,0,"ANXA1_FPR1","ANXA1 - FPR1","ANNEXIN","Secreted Signaling","PMID: 23230437"
"Classical Monocytes","Conventional Dendritic Cells","HLA-DMB","CD4",0.0106795302366962,0,"HLA-DMB_CD4","HLA-DMB - CD4","MHC-II","Cell-Cell Contact","KEGG: hsa04514"
"Naive CD4 T cells","Naive B cells","ITGB2","CD226",0.0106287970272939,0,"ITGB2_CD226","ITGB2 - CD226","ITGB2","Cell-Cell Contact","KEGG: hsa04514"
"MAIT / CD161-like T cells","Classical Monocytes","TNF","TNFRSF1B",0.0106158318990382,0,"TNF_TNFRSF1B","TNF - TNFRSF1B","TNF","Secreted Signaling","KEGG: hsa04060"
"NK-like cells","Regulatory / Activated CD4 T cells","CLEC2B","KLRB1",0.0106072546791466,0,"CLEC2B_KLRB1","CLEC2B - KLRB1","CLEC","Cell-Cell Contact","PMID: 24223577"
"NK cells","Regulatory / Activated CD4 T cells","SELPLG","SELL",0.0106021452426277,0,"SELPLG_SELL","SELPLG - SELL","SELPLG","Cell-Cell Contact","PMC2431087; PMID:  8892633,PMID:  8896607"
"Myeloid cells","Regulatory / Activated CD4 T cells","ALCAM","CD6",0.0105597976702774,0,"ALCAM_CD6","ALCAM - CD6","ALCAM","Cell-Cell Contact","KEGG: hsa04514"
"Regulatory / Activated CD4 T cells","Myeloid cells","CD6","ALCAM",0.0105597976702774,0,"CD6_ALCAM","CD6 - ALCAM","CD6","Cell-Cell Contact","PMID: 23602662"
"Monocytes","C1Q+ Monocytes","ICAM1","SPN",0.0105479318423434,0,"ICAM1_SPN","ICAM1 - SPN","ICAM","Cell-Cell Contact","PMID: 1683685"
"Naive B cells","Plasma cells","COL6A2","CD44",0.0105438705489711,0,"COL6A2_CD44","COL6A2 - CD44","COLLAGEN","ECM-Receptor","KEGG: hsa04512"
"Conventional Dendritic Cells","Classical Monocytes","ICAM1","ITGAL_ITGB2",0.0105387864663636,0,"ICAM1_ITGAL_ITGB2","ICAM1 - (ITGAL+ITGB2)","ICAM","Cell-Cell Contact","KEGG: hsa04514"
"Platelets","Conventional Dendritic Cells","CCL5","CCR1",0.010512631168682,0,"CCL5_CCR1","CCL5 - CCR1","CCL","Secreted Signaling","KEGG: hsa04060"
"Conventional Dendritic Cells","NK-like cells","CD69","KLRB1",0.0105015685947303,0,"CLEC2C_KLRB1","CLEC2C - KLRB1","CLEC","Cell-Cell Contact","PMID: 24223577"
"Classical Monocytes","C1Q+ Monocytes","CD48","CD244",0.0104926086253758,0,"CD48_CD244A","CD48 - CD244A","CD48","Cell-Cell Contact","PMID: 26697006"
"Gamma-delta Cytotoxic T cells","Naive CD4 T cells","BTLA","TNFRSF14",0.0104859620280192,0,"BTLA_TNFRSF14","BTLA - TNFRSF14","BTLA","Secreted Signaling","PMID: 21941365"
"Monocytes","Myeloid cells","THBS1","CD36",0.0104782920539588,0,"THBS1_CD36","THBS1 - CD36","THBS","ECM-Receptor","KEGG: hsa04512"
"NK-like cells","C1Q+ Monocytes","ITGB2","ICAM2",0.0104770094480071,0,"ITGB2_ICAM2","ITGB2 - ICAM2","ITGB2","Cell-Cell Contact","KEGG: hsa04514"
"Myeloid cells","Monocytes","ICAM1","ITGAX_ITGB2",0.0104610880237282,0,"ICAM1_ITGAX_ITGB2","ICAM1 - (ITGAX+ITGB2)","ICAM","Cell-Cell Contact","PMID: 16252253"
"Conventional Dendritic Cells","Regulatory / Activated CD4 T cells","HLA-DRB5","CD4",0.0104442963980146,0,"HLA-DRB5_CD4","HLA-DRB5 - CD4","MHC-II","Cell-Cell Contact","KEGG: hsa04514"
"Myeloid cells","Naive CD4 T cells","HLA-E","CD8A",0.0104387727455557,0,"HLA-E_CD8A","HLA-E - CD8A","MHC-I","Cell-Cell Contact","KEGG: hsa04514"
"Plasma cells","Naive B cells","HLA-F","CD8A",0.010435156835424,0,"HLA-F_CD8A","HLA-F - CD8A","MHC-I","Cell-Cell Contact","KEGG: hsa04514"
"Naive B cells","Naive B cells","COL6A2","CD44",0.0104103642359822,0,"COL6A2_CD44","COL6A2 - CD44","COLLAGEN","ECM-Receptor","KEGG: hsa04512"
"Monocytes","Monocytes","ICAM1","ITGAL_ITGB2",0.0103825441998012,0,"ICAM1_ITGAL_ITGB2","ICAM1 - (ITGAL+ITGB2)","ICAM","Cell-Cell Contact","KEGG: hsa04514"
"Classical Monocytes","C1Q+ Monocytes","ICAM1","ITGAL",0.0103808508467829,0,"ICAM1_ITGAL","ICAM1 - ITGAL","ICAM","Cell-Cell Contact","PMID: 23602662"
"Naive CD4 T cells","Regulatory / Activated CD4 T cells","CLEC2B","KLRB1",0.0103781201419777,0,"CLEC2B_KLRB1","CLEC2B - KLRB1","CLEC","Cell-Cell Contact","PMID: 24223577"
"NK cells","Myeloid cells","IFNG","IFNGR1_IFNGR2",0.0103751162395278,0,"IFNG_IFNGR1_IFNGR2","IFNG - (IFNGR1+IFNGR2)","IFN-II","Secreted Signaling","KEGG: hsa04060"
"Plasma cells","Naive B cells","CLEC2D","KLRB1",0.0103700656809932,0,"CLEC2D_KLRB1","CLEC2D - KLRB1","CLEC","Cell-Cell Contact","PMID: 24223577"
"MAIT / CD161-like T cells","NK cells","HLA-F","KIR3DL2",0.0103544865226954,0,"HLA-F_KIR3DL2","HLA-F - KIR3DL2","MHC-I","Cell-Cell Contact","PMID: 28484462"
"Plasma cells","Conventional Dendritic Cells","NAMPT","INSR",0.0103464891842644,0,"NAMPT_INSR","NAMPT - INSR","VISFATIN","Secreted Signaling","PMID: 28490838"
"Conventional Dendritic Cells","Myeloid cells","ICAM1","ITGAX_ITGB2",0.0103460125325572,0,"ICAM1_ITGAX_ITGB2","ICAM1 - (ITGAX+ITGB2)","ICAM","Cell-Cell Contact","PMID: 16252253"
"Conventional Dendritic Cells","C1Q+ Monocytes","SEMA4A","PLXNB2",0.0103306298482172,0,"SEMA4A_PLXNB2","SEMA4A - PLXNB2","SEMA4","Cell-Cell Contact","PMID: 27533782"
"Myeloid cells","Monocytes","TGFB1","ACVR1_TGFbR",0.010291956577473,0,"TGFB1_ACVR1_TGFBR1","TGFB1 - (ACVR1+TGFBR1)","TGFb","Secreted Signaling","PMID: 29376829"
"Gamma-delta Cytotoxic T cells","Monocytes","HLA-F","LILRB1",0.0102797892483079,0,"HLA-F_LILRB1","HLA-F - LILRB1","MHC-I","Cell-Cell Contact","PMID: 28484462"
"Myeloid cells","C1Q+ Monocytes","ICAM1","ITGAX_ITGB2",0.0102701158249017,0,"ICAM1_ITGAX_ITGB2","ICAM1 - (ITGAX+ITGB2)","ICAM","Cell-Cell Contact","PMID: 16252253"
"Plasma cells","Classical Monocytes","JAM3","ITGAM_ITGB2",0.0102386210042926,0,"JAM3_ITGAM_ITGB2","JAM3 - (ITGAM+ITGB2)","JAM","Cell-Cell Contact","KEGG: hsa04514; PMID: 16118203, PMC2194005"
"Regulatory / Activated CD4 T cells","Regulatory / Activated CD4 T cells","HLA-DPB1","CD4",0.0102193668104312,0,"HLA-DPB1_CD4","HLA-DPB1 - CD4","MHC-II","Cell-Cell Contact","KEGG: hsa04514"
"Classical Monocytes","C1Q+ Monocytes","SEMA4D","PLXNB2",0.0102095886012934,0,"SEMA4D_PLXNB2","SEMA4D - PLXNB2","SEMA4","Cell-Cell Contact","PMID: 27533782"
"NK cells","C1Q+ Monocytes","SEMA4D","PLXNB2",0.0101988510610543,0,"SEMA4D_PLXNB2","SEMA4D - PLXNB2","SEMA4","Cell-Cell Contact","PMID: 27533782"
"Naive CD4 T cells","Regulatory / Activated CD4 T cells","IL16","CD4",0.0101872174209158,0,"IL16_CD4","IL16 - CD4","IL16","Secreted Signaling","KEGG: hsa04060"
"Monocytes","C1Q+ Monocytes","IL16","CD4",0.0101690204638086,0,"IL16_CD4","IL16 - CD4","IL16","Secreted Signaling","KEGG: hsa04060"
"Classical Monocytes","MAIT / CD161-like T cells","LAMB3","CD44",0.0101406480537358,0,"LAMB3_CD44","LAMB3 - CD44","LAMININ","ECM-Receptor","KEGG: hsa04512"
"C1Q+ Monocytes","Classical Monocytes","ICAM2","ITGAL_ITGB2",0.0101319262276658,0,"ICAM2_ITGAL_ITGB2","ICAM2 - (ITGAL+ITGB2)","ICAM","Cell-Cell Contact","KEGG: hsa04514"
"NK cells","MAIT / CD161-like T cells","ITGB2","ICAM1",0.0101189408663843,0,"ITGB2_ICAM1","ITGB2 - ICAM1","ITGB2","Cell-Cell Contact","KEGG: hsa04514"
"MAIT / CD161-like T cells","Conventional Dendritic Cells","ITGB2","ICAM1",0.0101183969644139,0,"ITGB2_ICAM1","ITGB2 - ICAM1","ITGB2","Cell-Cell Contact","KEGG: hsa04514"
"Myeloid cells","NK-like cells","LAMB3","CD44",0.010099067346942,0,"LAMB3_CD44","LAMB3 - CD44","LAMININ","ECM-Receptor","KEGG: hsa04512"
"C1Q+ Monocytes","Regulatory / Activated CD4 T cells","IL16","CD4",0.0100901917082648,0,"IL16_CD4","IL16 - CD4","IL16","Secreted Signaling","KEGG: hsa04060"
"Myeloid cells","NK cells","HLA-B","CD8A",0.0100668456592445,0,"HLA-B_CD8A","HLA-B - CD8A","MHC-I","Cell-Cell Contact","KEGG: hsa04514"
"Regulatory / Activated CD4 T cells","Regulatory / Activated CD4 T cells","CLEC2B","KLRB1",0.0100431510839574,0,"CLEC2B_KLRB1","CLEC2B - KLRB1","CLEC","Cell-Cell Contact","PMID: 24223577"
"C1Q+ Monocytes","Classical Monocytes","HLA-DMA","CD4",0.0100423343706338,0,"HLA-DMA_CD4","HLA-DMA - CD4","MHC-II","Cell-Cell Contact","KEGG: hsa04514"
"Myeloid cells","Gamma-delta Cytotoxic T cells","TNFSF13B","TNFRSF13C",0.0100397360535549,0,"TNFSF13B_TNFRSF13C","TNFSF13B - TNFRSF13C","BAFF","Secreted Signaling","KEGG: hsa04060"
"Monocytes","MAIT / CD161-like T cells","ITGB2","ICAM1",0.0100281651064082,0,"ITGB2_ICAM1","ITGB2 - ICAM1","ITGB2","Cell-Cell Contact","KEGG: hsa04514"
"Classical Monocytes","Gamma-delta Cytotoxic T cells","LAMB3","CD44",0.0100115530153727,0,"LAMB3_CD44","LAMB3 - CD44","LAMININ","ECM-Receptor","KEGG: hsa04512"
"Myeloid cells","NK cells","HLA-C","CD8A",0.00999349346903562,0,"HLA-C_CD8A","HLA-C - CD8A","MHC-I","Cell-Cell Contact","KEGG: hsa04514"
"Classical Monocytes","Naive B cells","HLA-F","CD8B",0.00999264442177202,0,"HLA-F_CD8B","HLA-F - CD8B","MHC-I","Cell-Cell Contact","KEGG: hsa04514"
"Classical Monocytes","C1Q+ Monocytes","NAMPT","INSR",0.00999139018535385,0,"NAMPT_INSR","NAMPT - INSR","VISFATIN","Secreted Signaling","PMID: 28490838"
"Classical Monocytes","Regulatory / Activated CD4 T cells","HLA-DQB1","CD4",0.00997848855923635,0,"HLA-DQB1_CD4","HLA-DQB1 - CD4","MHC-II","Cell-Cell Contact","KEGG: hsa04514"
"Myeloid cells","NK cells","HLA-C","KIR2DL3",0.009975824596056,0,"HLA-C_KIR2DL3","HLA-C - KIR2DL3","MHC-I","Cell-Cell Contact","PMID: 28484462"
"Conventional Dendritic Cells","Monocytes","SELPLG","SELL",0.00997544570905761,0,"SELPLG_SELL","SELPLG - SELL","SELPLG","Cell-Cell Contact","PMC2431087; PMID:  8892633,PMID:  8896607"
"Naive B cells","Conventional Dendritic Cells","CCL5","CCR1",0.00995667015801134,0,"CCL5_CCR1","CCL5 - CCR1","CCL","Secreted Signaling","KEGG: hsa04060"
"Naive B cells","Regulatory / Activated CD4 T cells","ITGB2","CD226",0.0099323343997689,0,"ITGB2_CD226","ITGB2 - CD226","ITGB2","Cell-Cell Contact","KEGG: hsa04514"
"C1Q+ Monocytes","NK-like cells","ICAM1","ITGAX_ITGB2",0.00992316550694358,0,"ICAM1_ITGAX_ITGB2","ICAM1 - (ITGAX+ITGB2)","ICAM","Cell-Cell Contact","PMID: 16252253"
"MAIT / CD161-like T cells","C1Q+ Monocytes","TNF","TNFRSF1B",0.00991118606832023,0,"TNF_TNFRSF1B","TNF - TNFRSF1B","TNF","Secreted Signaling","KEGG: hsa04060"
"Classical Monocytes","Naive CD4 T cells","HLA-F","CD8B",0.00990919656781605,0,"HLA-F_CD8B","HLA-F - CD8B","MHC-I","Cell-Cell Contact","KEGG: hsa04514"
"NK-like cells","C1Q+ Monocytes","HLA-F","LILRB1",0.00990134041410443,0,"HLA-F_LILRB1","HLA-F - LILRB1","MHC-I","Cell-Cell Contact","PMID: 28484462"
"Plasma cells","Myeloid cells","NAMPT","INSR",0.00989946699114485,0,"NAMPT_INSR","NAMPT - INSR","VISFATIN","Secreted Signaling","PMID: 28490838"
"Myeloid cells","C1Q+ Monocytes","NAMPT","INSR",0.00988685233532451,0,"NAMPT_INSR","NAMPT - INSR","VISFATIN","Secreted Signaling","PMID: 28490838"
"Gamma-delta Cytotoxic T cells","Myeloid cells","FCER2","ITGAM_ITGB2",0.00987699636281014,0,"FCER2A_ITGAM_ITGB2","FCER2A - (ITGAM+ITGB2)","CD23","Cell-Cell Contact","PMID: 7621072"
"Monocytes","C1Q+ Monocytes","LGALS9","HAVCR2",0.0098750514462483,0,"LGALS9_HAVCR2","LGALS9 - HAVCR2","GALECTIN","Secreted Signaling","PMID: 27192565"
"Naive CD4 T cells","C1Q+ Monocytes","PECAM1","PECAM1",0.00987302474093494,0,"PECAM1_PECAM1","PECAM1 - PECAM1","PECAM1","Cell-Cell Contact","KEGG: hsa04514"
"C1Q+ Monocytes","Naive CD4 T cells","PECAM1","PECAM1",0.00987302474093494,0,"PECAM1_PECAM1","PECAM1 - PECAM1","PECAM1","Cell-Cell Contact","KEGG: hsa04514"
"C1Q+ Monocytes","NK cells","HLA-F","KIR3DL2",0.00987026162421786,0,"HLA-F_KIR3DL2","HLA-F - KIR3DL2","MHC-I","Cell-Cell Contact","PMID: 28484462"
"Classical Monocytes","Naive CD4 T cells","LAMB3","CD44",0.00986098224771175,0,"LAMB3_CD44","LAMB3 - CD44","LAMININ","ECM-Receptor","KEGG: hsa04512"
"NK-like cells","Regulatory / Activated CD4 T cells","CD69","KLRB1",0.00983052329431518,0,"CLEC2C_KLRB1","CLEC2C - KLRB1","CLEC","Cell-Cell Contact","PMID: 24223577"
"Conventional Dendritic Cells","Naive B cells","HLA-F","CD8A",0.00979633228128286,0,"HLA-F_CD8A","HLA-F - CD8A","MHC-I","Cell-Cell Contact","KEGG: hsa04514"
"Classical Monocytes","MAIT / CD161-like T cells","CD69","KLRB1",0.00978935853742558,0,"CLEC2C_KLRB1","CLEC2C - KLRB1","CLEC","Cell-Cell Contact","PMID: 24223577"
"Conventional Dendritic Cells","Myeloid cells","ITGB2","ICAM1",0.00978414819927943,0,"ITGB2_ICAM1","ITGB2 - ICAM1","ITGB2","Cell-Cell Contact","KEGG: hsa04514"
"MAIT / CD161-like T cells","C1Q+ Monocytes","ITGB2","ICAM2",0.00972760672056128,0,"ITGB2_ICAM2","ITGB2 - ICAM2","ITGB2","Cell-Cell Contact","KEGG: hsa04514"
"Gamma-delta Cytotoxic T cells","Regulatory / Activated CD4 T cells","CLEC2B","KLRB1",0.00971899253798829,0,"CLEC2B_KLRB1","CLEC2B - KLRB1","CLEC","Cell-Cell Contact","PMID: 24223577"
"Monocytes","Regulatory / Activated CD4 T cells","CLEC2B","KLRB1",0.00970948442497775,0,"CLEC2B_KLRB1","CLEC2B - KLRB1","CLEC","Cell-Cell Contact","PMID: 24223577"
"Naive B cells","Naive CD4 T cells","HLA-F","CD8A",0.00969552639484969,0,"HLA-F_CD8A","HLA-F - CD8A","MHC-I","Cell-Cell Contact","KEGG: hsa04514"
"Monocytes","Monocytes","IL16","CD4",0.00965991899112441,0,"IL16_CD4","IL16 - CD4","IL16","Secreted Signaling","KEGG: hsa04060"
"Myeloid cells","Naive CD4 T cells","HLA-A","CD8A",0.00965240192942304,0,"HLA-A_CD8A","HLA-A - CD8A","MHC-I","Cell-Cell Contact","KEGG: hsa04514"
"Monocytes","Naive CD4 T cells","ICOSLG","CD28",0.00964847707627155,0,"ICOSL_CD28","ICOSL - CD28","ICOS","Cell-Cell Contact","KEGG: hsa04514"
"Monocytes","NK cells","CD69","KLRB1",0.00962289659431867,0,"CLEC2C_KLRB1","CLEC2C - KLRB1","CLEC","Cell-Cell Contact","PMID: 24223577"
"C1Q+ Monocytes","Regulatory / Activated CD4 T cells","ICAM1","ITGAL",0.00961061251581896,0,"ICAM1_ITGAL","ICAM1 - ITGAL","ICAM","Cell-Cell Contact","PMID: 23602662"
"NK-like cells","Monocytes","ITGB2","ICAM1",0.00960899998939827,0,"ITGB2_ICAM1","ITGB2 - ICAM1","ITGB2","Cell-Cell Contact","KEGG: hsa04514"
"NK cells","NK cells","HLA-F","KIR3DL1",0.00960546318322466,0,"HLA-F_KIR3DL1","HLA-F - KIR3DL1","MHC-I","Cell-Cell Contact","PMID: 28484462"
"NK cells","C1Q+ Monocytes","IFNG","IFNGR1_IFNGR2",0.00959900622151853,0,"IFNG_IFNGR1_IFNGR2","IFNG - (IFNGR1+IFNGR2)","IFN-II","Secreted Signaling","KEGG: hsa04060"
"Conventional Dendritic Cells","Classical Monocytes","HLA-DRB5","CD4",0.00958937027171243,0,"HLA-DRB5_CD4","HLA-DRB5 - CD4","MHC-II","Cell-Cell Contact","KEGG: hsa04514"
"MAIT / CD161-like T cells","Monocytes","TNF","TNFRSF1B",0.0095764810749693,0,"TNF_TNFRSF1B","TNF - TNFRSF1B","TNF","Secreted Signaling","KEGG: hsa04060"
"Myeloid cells","Conventional Dendritic Cells","ICAM1","ITGAX_ITGB2",0.00956606087986201,0,"ICAM1_ITGAX_ITGB2","ICAM1 - (ITGAX+ITGB2)","ICAM","Cell-Cell Contact","PMID: 16252253"
"Classical Monocytes","C1Q+ Monocytes","ICAM1","SPN",0.00956287076934326,0,"ICAM1_SPN","ICAM1 - SPN","ICAM","Cell-Cell Contact","PMID: 1683685"
"C1Q+ Monocytes","NK-like cells","LGALS9","HAVCR2",0.00955603826552692,0,"LGALS9_HAVCR2","LGALS9 - HAVCR2","GALECTIN","Secreted Signaling","PMID: 27192565"
"Monocytes","Myeloid cells","LAMB3","CD44",0.00954750633292177,0,"LAMB3_CD44","LAMB3 - CD44","LAMININ","ECM-Receptor","KEGG: hsa04512"
"C1Q+ Monocytes","Monocytes","TGFB1","ACVR1_TGFbR",0.00952484662402474,0,"TGFB1_ACVR1_TGFBR1","TGFB1 - (ACVR1+TGFBR1)","TGFb","Secreted Signaling","PMID: 29376829"
"Conventional Dendritic Cells","C1Q+ Monocytes","HLA-DOA","CD4",0.00951213443582053,0,"HLA-DOA_CD4","HLA-DOA - CD4","MHC-II","Cell-Cell Contact","KEGG: hsa04514"
"C1Q+ Monocytes","C1Q+ Monocytes","ICAM1","ITGAM_ITGB2",0.0095119935221672,0,"ICAM1_ITGAM_ITGB2","ICAM1 - (ITGAM+ITGB2)","ICAM","Cell-Cell Contact","KEGG: hsa04514"
"Regulatory / Activated CD4 T cells","Naive B cells","HLA-F","CD8B",0.00950034696804032,0,"HLA-F_CD8B","HLA-F - CD8B","MHC-I","Cell-Cell Contact","KEGG: hsa04514"
"C1Q+ Monocytes","Monocytes","IL1B","IL1R1_IL1RAP",0.00949280456982995,0,"IL1B_IL1R1_IL1RAP","IL1B - (IL1R1+IL1RAP)","IL1","Secreted Signaling","KEGG: hsa04060"
"Platelets","Classical Monocytes","THBS1","SDC4",0.00947812984580729,0,"THBS1_SDC4","THBS1 - SDC4","THBS","ECM-Receptor","KEGG: hsa04512"
"Regulatory / Activated CD4 T cells","Naive CD4 T cells","HLA-F","CD8B",0.00942097113280047,0,"HLA-F_CD8B","HLA-F - CD8B","MHC-I","Cell-Cell Contact","KEGG: hsa04514"
"Plasma cells","Monocytes","JAM3","ITGAM_ITGB2",0.0094149772075054,0,"JAM3_ITGAM_ITGB2","JAM3 - (ITGAM+ITGB2)","JAM","Cell-Cell Contact","KEGG: hsa04514; PMID: 16118203, PMC2194005"
"Conventional Dendritic Cells","Classical Monocytes","ENTPD1","ADORA2B",0.00941365551523288,0,"ENTPD1_ADORA2B","ENTPD1 - ADORA2B","CD39","Cell-Cell Contact","PMID: 21677139"
"Classical Monocytes","Monocytes","ICAM1","ITGAL_ITGB2",0.00941278158358542,0,"ICAM1_ITGAL_ITGB2","ICAM1 - (ITGAL+ITGB2)","ICAM","Cell-Cell Contact","KEGG: hsa04514"
"Plasma cells","Naive CD4 T cells","HLA-DMB","CD4",0.00940135458160539,0,"HLA-DMB_CD4","HLA-DMB - CD4","MHC-II","Cell-Cell Contact","KEGG: hsa04514"
"Conventional Dendritic Cells","Conventional Dendritic Cells","SELPLG","SELL",0.00940026255005765,0,"SELPLG_SELL","SELPLG - SELL","SELPLG","Cell-Cell Contact","PMC2431087; PMID:  8892633,PMID:  8896607"
"Regulatory / Activated CD4 T cells","Classical Monocytes","HLA-DPB1","CD4",0.00938267789787795,0,"HLA-DPB1_CD4","HLA-DPB1 - CD4","MHC-II","Cell-Cell Contact","KEGG: hsa04514"
"MAIT / CD161-like T cells","Classical Monocytes","ICAM1","ITGAX_ITGB2",0.00937530938821063,0,"ICAM1_ITGAX_ITGB2","ICAM1 - (ITGAX+ITGB2)","ICAM","Cell-Cell Contact","PMID: 16252253"
"Classical Monocytes","Plasma cells","LAMB3","CD44",0.00936758515227417,0,"LAMB3_CD44","LAMB3 - CD44","LAMININ","ECM-Receptor","KEGG: hsa04512"
"Classical Monocytes","MAIT / CD161-like T cells","ITGB2","ICAM1",0.00935486437603373,0,"ITGB2_ICAM1","ITGB2 - ICAM1","ITGB2","Cell-Cell Contact","KEGG: hsa04514"
"Naive CD4 T cells","Classical Monocytes","IL16","CD4",0.00935313579805608,0,"IL16_CD4","IL16 - CD4","IL16","Secreted Signaling","KEGG: hsa04060"
"Naive B cells","C1Q+ Monocytes","SEMA4D","PLXNB2",0.00933615551422582,0,"SEMA4D_PLXNB2","SEMA4D - PLXNB2","SEMA4","Cell-Cell Contact","PMID: 27533782"
"Platelets","Plasma cells","F11R","JAM3",0.00929596707559678,0,"F11R_JAM3","F11R - JAM3","JAM","Cell-Cell Contact","KEGG: hsa04514"
"Plasma cells","Platelets","JAM3","F11R",0.00929596707559678,0,"JAM3_F11R","JAM3 - F11R","JAM","Cell-Cell Contact","KEGG: hsa04514"
"C1Q+ Monocytes","C1Q+ Monocytes","NAMPT","INSR",0.00929585713622832,0,"NAMPT_INSR","NAMPT - INSR","VISFATIN","Secreted Signaling","PMID: 28490838"
"Monocytes","Classical Monocytes","ICAM1","ITGAL_ITGB2",0.00929223808303177,0,"ICAM1_ITGAL_ITGB2","ICAM1 - (ITGAL+ITGB2)","ICAM","Cell-Cell Contact","KEGG: hsa04514"
"Plasma cells","Naive B cells","FCER2","ITGAM_ITGB2",0.00928028659660281,0,"FCER2A_ITGAM_ITGB2","FCER2A - (ITGAM+ITGB2)","CD23","Cell-Cell Contact","PMID: 7621072"
"Conventional Dendritic Cells","Conventional Dendritic Cells","ICAM1","ITGAL_ITGB2",0.00927069891865702,0,"ICAM1_ITGAL_ITGB2","ICAM1 - (ITGAL+ITGB2)","ICAM","Cell-Cell Contact","KEGG: hsa04514"
"C1Q+ Monocytes","Classical Monocytes","IL16","CD4",0.00926397974549346,0,"IL16_CD4","IL16 - CD4","IL16","Secreted Signaling","KEGG: hsa04060"
"Classical Monocytes","Classical Monocytes","ENTPD1","ADORA2B",0.00926155238207222,0,"ENTPD1_ADORA2B","ENTPD1 - ADORA2B","CD39","Cell-Cell Contact","PMID: 21677139"
"Classical Monocytes","Naive B cells","LAMB3","CD44",0.00924883372431527,0,"LAMB3_CD44","LAMB3 - CD44","LAMININ","ECM-Receptor","KEGG: hsa04512"
"Myeloid cells","NK cells","ICAM1","ITGAL_ITGB2",0.00924569953504114,0,"ICAM1_ITGAL_ITGB2","ICAM1 - (ITGAL+ITGB2)","ICAM","Cell-Cell Contact","KEGG: hsa04514"
"Gamma-delta Cytotoxic T cells","Regulatory / Activated CD4 T cells","CLEC2D","KLRB1",0.00924323494095756,0,"CLEC2D_KLRB1","CLEC2D - KLRB1","CLEC","Cell-Cell Contact","PMID: 24223577"
"Platelets","Monocytes","ICAM2","ITGAL_ITGB2",0.0092299323734388,0,"ICAM2_ITGAL_ITGB2","ICAM2 - (ITGAL+ITGB2)","ICAM","Cell-Cell Contact","KEGG: hsa04514"
"Conventional Dendritic Cells","NK cells","ICAM1","ITGAX_ITGB2",0.00921741191848761,0,"ICAM1_ITGAX_ITGB2","ICAM1 - (ITGAX+ITGB2)","ICAM","Cell-Cell Contact","PMID: 16252253"
"Monocytes","Monocytes","SELPLG","SELL",0.00921637215167177,0,"SELPLG_SELL","SELPLG - SELL","SELPLG","Cell-Cell Contact","PMC2431087; PMID:  8892633,PMID:  8896607"
"Classical Monocytes","Naive CD4 T cells","ICOSLG","CD28",0.00920789966611655,0,"ICOSL_CD28","ICOSL - CD28","ICOS","Cell-Cell Contact","KEGG: hsa04514"
"Platelets","Conventional Dendritic Cells","PROS1","AXL",0.00919486300146993,0,"PROS1_AXL","PROS1 - AXL","PROS","Secreted Signaling","PMID: 29531161"
"C1Q+ Monocytes","MAIT / CD161-like T cells","ITGB2","ICAM1",0.00919340252174686,0,"ITGB2_ICAM1","ITGB2 - ICAM1","ITGB2","Cell-Cell Contact","KEGG: hsa04514"
"C1Q+ Monocytes","Plasma cells","TNFSF13","TNFRSF13B",0.00918131460856789,0,"TNFSF13_TNFRSF13B","TNFSF13 - TNFRSF13B","APRIL","Secreted Signaling","KEGG: hsa04060"
"Conventional Dendritic Cells","NK-like cells","LGALS9","HAVCR2",0.00918064989141177,0,"LGALS9_HAVCR2","LGALS9 - HAVCR2","GALECTIN","Secreted Signaling","PMID: 27192565"
"NK cells","NK cells","HLA-F","CD8A",0.00916142030489917,0,"HLA-F_CD8A","HLA-F - CD8A","MHC-I","Cell-Cell Contact","KEGG: hsa04514"
"Classical Monocytes","Classical Monocytes","HLA-DQB1","CD4",0.00916133850114237,0,"HLA-DQB1_CD4","HLA-DQB1 - CD4","MHC-II","Cell-Cell Contact","KEGG: hsa04514"
"Naive CD4 T cells","Naive B cells","HLA-F","CD8B",0.00913815062872983,0,"HLA-F_CD8B","HLA-F - CD8B","MHC-I","Cell-Cell Contact","KEGG: hsa04514"
"Classical Monocytes","Monocytes","IL1B","IL1R1_IL1RAP",0.00913162247161761,0,"IL1B_IL1R1_IL1RAP","IL1B - (IL1R1+IL1RAP)","IL1","Secreted Signaling","KEGG: hsa04060"
"NK-like cells","NK cells","NCAM1","NCAM1",0.00912294942501989,0,"NCAM1_NCAM1","NCAM1 - NCAM1","NCAM","Cell-Cell Contact","KEGG: hsa04514"
"NK cells","NK-like cells","NCAM1","NCAM1",0.00912294942501989,0,"NCAM1_NCAM1","NCAM1 - NCAM1","NCAM","Cell-Cell Contact","KEGG: hsa04514"
"Monocytes","Myeloid cells","ICAM1","ITGAX_ITGB2",0.00912205561553661,0,"ICAM1_ITGAX_ITGB2","ICAM1 - (ITGAX+ITGB2)","ICAM","Cell-Cell Contact","PMID: 16252253"
"Myeloid cells","NK-like cells","HLA-E","KLRC2",0.00910625456834048,0,"HLA-E_KLRC2","HLA-E - KLRC2","MHC-I","Cell-Cell Contact","PMID: 26697006"
"Platelets","Naive CD4 T cells","F11R","ITGAL_ITGB2",0.00909964363361008,0,"JAM1_ITGAL_ITGB2","JAM1 - (ITGAL+ITGB2)","JAM","Cell-Cell Contact","PMID: 11812992"
"Classical Monocytes","C1Q+ Monocytes","IL16","CD4",0.00908572654256151,0,"IL16_CD4","IL16 - CD4","IL16","Secreted Signaling","KEGG: hsa04060"
"Myeloid cells","Myeloid cells","THBS1","CD47",0.00907770464650484,0,"THBS1_CD47","THBS1 - CD47","THBS","ECM-Receptor","KEGG: hsa04512"
"Naive CD4 T cells","Naive CD4 T cells","HLA-F","CD8B",0.00906177327507831,0,"HLA-F_CD8B","HLA-F - CD8B","MHC-I","Cell-Cell Contact","KEGG: hsa04514"
"Conventional Dendritic Cells","Monocytes","HLA-DOA","CD4",0.00903561908048621,0,"HLA-DOA_CD4","HLA-DOA - CD4","MHC-II","Cell-Cell Contact","KEGG: hsa04514"
"Myeloid cells","Plasma cells","TNFSF13B","TNFRSF13C",0.00899368052056054,0,"TNFSF13B_TNFRSF13C","TNFSF13B - TNFRSF13C","BAFF","Secreted Signaling","KEGG: hsa04060"
"Conventional Dendritic Cells","Conventional Dendritic Cells","IL1B","IL1R1_IL1RAP",0.00899250592369273,0,"IL1B_IL1R1_IL1RAP","IL1B - (IL1R1+IL1RAP)","IL1","Secreted Signaling","KEGG: hsa04060"
"MAIT / CD161-like T cells","C1Q+ Monocytes","SEMA4D","PLXNB2",0.00898804116537183,0,"SEMA4D_PLXNB2","SEMA4D - PLXNB2","SEMA4","Cell-Cell Contact","PMID: 27533782"
"Classical Monocytes","NK cells","HLA-F","KIR3DL2",0.00898397411584183,0,"HLA-F_KIR3DL2","HLA-F - KIR3DL2","MHC-I","Cell-Cell Contact","PMID: 28484462"
"Regulatory / Activated CD4 T cells","Regulatory / Activated CD4 T cells","IL16","CD4",0.00898323976504492,0,"IL16_CD4","IL16 - CD4","IL16","Secreted Signaling","KEGG: hsa04060"
"Monocytes","Naive CD4 T cells","HLA-F","CD8A",0.00898200376385407,0,"HLA-F_CD8A","HLA-F - CD8A","MHC-I","Cell-Cell Contact","KEGG: hsa04514"
"MAIT / CD161-like T cells","Monocytes","ICAM1","ITGAX_ITGB2",0.0089678426884561,0,"ICAM1_ITGAX_ITGB2","ICAM1 - (ITGAX+ITGB2)","ICAM","Cell-Cell Contact","PMID: 16252253"
"Conventional Dendritic Cells","Naive CD4 T cells","ICOSLG","CD28",0.00896617008579361,0,"ICOSL_CD28","ICOSL - CD28","ICOS","Cell-Cell Contact","KEGG: hsa04514"
"NK cells","NK cells","ITGB2","ICAM2",0.00896460027637781,0,"ITGB2_ICAM2","ITGB2 - ICAM2","ITGB2","Cell-Cell Contact","KEGG: hsa04514"
"Classical Monocytes","NK-like cells","CD48","CD244",0.0089535531915792,0,"CD48_CD244A","CD48 - CD244A","CD48","Cell-Cell Contact","PMID: 26697006"
"Myeloid cells","NK cells","HLA-E","CD8A",0.00893115644395639,0,"HLA-E_CD8A","HLA-E - CD8A","MHC-I","Cell-Cell Contact","KEGG: hsa04514"
"MAIT / CD161-like T cells","Monocytes","ITGB2","ICAM1",0.00892112475466972,0,"ITGB2_ICAM1","ITGB2 - ICAM1","ITGB2","Cell-Cell Contact","KEGG: hsa04514"
"C1Q+ Monocytes","Conventional Dendritic Cells","ICAM2","ITGAL_ITGB2",0.00891235349129232,0,"ICAM2_ITGAL_ITGB2","ICAM2 - (ITGAL+ITGB2)","ICAM","Cell-Cell Contact","KEGG: hsa04514"
"Myeloid cells","NK-like cells","ITGB2","CD226",0.00890402271396015,0,"ITGB2_CD226","ITGB2 - CD226","ITGB2","Cell-Cell Contact","KEGG: hsa04514"
"Plasma cells","Regulatory / Activated CD4 T cells","CD86","CD28",0.00889183973249334,0,"CD86_CD28","CD86 - CD28","CD86","Cell-Cell Contact","PMID: 23954143"
"Monocytes","NK cells","ITGB2","ICAM2",0.00888408702313664,0,"ITGB2_ICAM2","ITGB2 - ICAM2","ITGB2","Cell-Cell Contact","KEGG: hsa04514"
"Plasma cells","Regulatory / Activated CD4 T cells","IL16","CD4",0.0088454152248036,0,"IL16_CD4","IL16 - CD4","IL16","Secreted Signaling","KEGG: hsa04060"
"Gamma-delta Cytotoxic T cells","Naive B cells","HLA-F","CD8A",0.00882346683561857,0,"HLA-F_CD8A","HLA-F - CD8A","MHC-I","Cell-Cell Contact","KEGG: hsa04514"
"Classical Monocytes","Regulatory / Activated CD4 T cells","HLA-DMB","CD4",0.00881451531605561,0,"HLA-DMB_CD4","HLA-DMB - CD4","MHC-II","Cell-Cell Contact","KEGG: hsa04514"
"Myeloid cells","Regulatory / Activated CD4 T cells","ICOSLG","CD28",0.00880556764631599,0,"ICOSL_CD28","ICOSL - CD28","ICOS","Cell-Cell Contact","KEGG: hsa04514"
"MAIT / CD161-like T cells","C1Q+ Monocytes","ICAM1","ITGAX_ITGB2",0.00880388787186893,0,"ICAM1_ITGAX_ITGB2","ICAM1 - (ITGAX+ITGB2)","ICAM","Cell-Cell Contact","PMID: 16252253"
"NK-like cells","Conventional Dendritic Cells","ITGB2","CD226",0.00878768825031976,0.01,"ITGB2_CD226","ITGB2 - CD226","ITGB2","Cell-Cell Contact","KEGG: hsa04514"
"Myeloid cells","Regulatory / Activated CD4 T cells","ICOSLG","ICOS",0.00875550341448941,0,"ICOSL_ICOS","ICOSL - ICOS","ICOS","Cell-Cell Contact","PMID: 23954143"
"Monocytes","Classical Monocytes","LAMB3","CD44",0.00871802737394203,0,"LAMB3_CD44","LAMB3 - CD44","LAMININ","ECM-Receptor","KEGG: hsa04512"
"Platelets","Monocytes","THBS1","SDC4",0.00871372991105047,0,"THBS1_SDC4","THBS1 - SDC4","THBS","ECM-Receptor","KEGG: hsa04512"
"NK-like cells","Classical Monocytes","ITGB2","ICAM1",0.008710852885065,0,"ITGB2_ICAM1","ITGB2 - ICAM1","ITGB2","Cell-Cell Contact","KEGG: hsa04514"
"C1Q+ Monocytes","Conventional Dendritic Cells","CD48","CD244",0.00870105378235941,0,"CD48_CD244A","CD48 - CD244A","CD48","Cell-Cell Contact","PMID: 26697006"
"Plasma cells","Classical Monocytes","HLA-F","LILRB1",0.00869784601755137,0,"HLA-F_LILRB1","HLA-F - LILRB1","MHC-I","Cell-Cell Contact","PMID: 28484462"
"Naive B cells","NK cells","HLA-F","KIR3DL1",0.0086967395388371,0,"HLA-F_KIR3DL1","HLA-F - KIR3DL1","MHC-I","Cell-Cell Contact","PMID: 28484462"
"Gamma-delta Cytotoxic T cells","Naive CD4 T cells","HLA-DMA","CD4",0.00869362916477882,0,"HLA-DMA_CD4","HLA-DMA - CD4","MHC-II","Cell-Cell Contact","KEGG: hsa04514"
"Monocytes","Conventional Dendritic Cells","SELPLG","SELL",0.00868457315757827,0,"SELPLG_SELL","SELPLG - SELL","SELPLG","Cell-Cell Contact","PMC2431087; PMID:  8892633,PMID:  8896607"
"Monocytes","C1Q+ Monocytes","NAMPT","INSR",0.00868411807694605,0,"NAMPT_INSR","NAMPT - INSR","VISFATIN","Secreted Signaling","PMID: 28490838"
"Naive CD4 T cells","Classical Monocytes","TGFB1","ACVR1_TGFbR",0.00866713831033402,0,"TGFB1_ACVR1_TGFBR1","TGFB1 - (ACVR1+TGFBR1)","TGFb","Secreted Signaling","PMID: 29376829"
"NK cells","Conventional Dendritic Cells","CCL5","CCR1",0.00866644739521847,0,"CCL5_CCR1","CCL5 - CCR1","CCL","Secreted Signaling","KEGG: hsa04060"
"C1Q+ Monocytes","Monocytes","ICAM1","ITGAL",0.00866441664231607,0,"ICAM1_ITGAL","ICAM1 - ITGAL","ICAM","Cell-Cell Contact","PMID: 23602662"
"Myeloid cells","NK cells","HLA-A","KIR3DL1",0.00865801871040534,0,"HLA-A_KIR3DL1","HLA-A - KIR3DL1","MHC-I","Cell-Cell Contact","PMID: 28484462"
"Naive B cells","Platelets","SELPLG","SELP",0.00864416654325428,0,"SELPLG_SELP","SELPLG - SELP","SELPLG","Cell-Cell Contact","PMID: 19118202; PMID: 9829984"
"Classical Monocytes","Monocytes","IL16","CD4",0.00863038618869609,0,"IL16_CD4","IL16 - CD4","IL16","Secreted Signaling","KEGG: hsa04060"
"Conventional Dendritic Cells","Plasma cells","TNFSF13","TNFRSF13B",0.00862064007713364,0,"TNFSF13_TNFRSF13B","TNFSF13 - TNFRSF13B","APRIL","Secreted Signaling","KEGG: hsa04060"
"Regulatory / Activated CD4 T cells","Monocytes","SEMA4D","PLXNB2",0.00858723973073447,0,"SEMA4D_PLXNB2","SEMA4D - PLXNB2","SEMA4","Cell-Cell Contact","PMID: 27533782"
"Monocytes","C1Q+ Monocytes","SEMA4D","PLXNB2",0.00855890179370612,0,"SEMA4D_PLXNB2","SEMA4D - PLXNB2","SEMA4","Cell-Cell Contact","PMID: 27533782"
"Gamma-delta Cytotoxic T cells","Monocytes","BTLA","TNFRSF14",0.0085498721168636,0,"BTLA_TNFRSF14","BTLA - TNFRSF14","BTLA","Secreted Signaling","PMID: 21941365"
"NK-like cells","Platelets","ITGB2","ICAM2",0.00854152150812159,0.01,"ITGB2_ICAM2","ITGB2 - ICAM2","ITGB2","Cell-Cell Contact","KEGG: hsa04514"
"Regulatory / Activated CD4 T cells","NK cells","HLA-F","KIR3DL2",0.00854094108652879,0,"HLA-F_KIR3DL2","HLA-F - KIR3DL2","MHC-I","Cell-Cell Contact","PMID: 28484462"
"Plasma cells","NK cells","COL4A3","CD44",0.00853735856921885,0,"COL4A3_CD44","COL4A3 - CD44","COLLAGEN","ECM-Receptor","KEGG: hsa04512"
"Monocytes","Naive CD4 T cells","HLA-DMA","CD4",0.00853362240249067,0,"HLA-DMA_CD4","HLA-DMA - CD4","MHC-II","Cell-Cell Contact","KEGG: hsa04514"
"Naive CD4 T cells","Monocytes","SEMA4D","PLXNB2",0.00853075310737473,0,"SEMA4D_PLXNB2","SEMA4D - PLXNB2","SEMA4","Cell-Cell Contact","PMID: 27533782"
"C1Q+ Monocytes","Conventional Dendritic Cells","ICAM1","ITGAM_ITGB2",0.00852732066937382,0,"ICAM1_ITGAM_ITGB2","ICAM1 - (ITGAM+ITGB2)","ICAM","Cell-Cell Contact","KEGG: hsa04514"
"Myeloid cells","C1Q+ Monocytes","THBS1","CD36",0.00851611627434278,0,"THBS1_CD36","THBS1 - CD36","THBS","ECM-Receptor","KEGG: hsa04512"
"Regulatory / Activated CD4 T cells","Conventional Dendritic Cells","ITGB2","ICAM1",0.00851591876529455,0,"ITGB2_ICAM1","ITGB2 - ICAM1","ITGB2","Cell-Cell Contact","KEGG: hsa04514"
"MAIT / CD161-like T cells","Naive CD4 T cells","HLA-F","CD8A",0.00851224127557575,0,"HLA-F_CD8A","HLA-F - CD8A","MHC-I","Cell-Cell Contact","KEGG: hsa04514"
"NK-like cells","MAIT / CD161-like T cells","HLA-F","CD8A",0.00850630474253061,0,"HLA-F_CD8A","HLA-F - CD8A","MHC-I","Cell-Cell Contact","KEGG: hsa04514"
"C1Q+ Monocytes","NK cells","CD69","KLRB1",0.00850595503877699,0,"CLEC2C_KLRB1","CLEC2C - KLRB1","CLEC","Cell-Cell Contact","PMID: 24223577"
"Plasma cells","Naive CD4 T cells","HLA-DMA","CD4",0.0084845931479961,0,"HLA-DMA_CD4","HLA-DMA - CD4","MHC-II","Cell-Cell Contact","KEGG: hsa04514"
"Monocytes","Conventional Dendritic Cells","IL16","CD4",0.00847931448933281,0,"IL16_CD4","IL16 - CD4","IL16","Secreted Signaling","KEGG: hsa04060"
"Conventional Dendritic Cells","MAIT / CD161-like T cells","ICAM1","ITGAL_ITGB2",0.00844551298815533,0,"ICAM1_ITGAL_ITGB2","ICAM1 - (ITGAL+ITGB2)","ICAM","Cell-Cell Contact","KEGG: hsa04514"
"C1Q+ Monocytes","Myeloid cells","LAMB3","CD44",0.0084365614507407,0,"LAMB3_CD44","LAMB3 - CD44","LAMININ","ECM-Receptor","KEGG: hsa04512"
"NK cells","Naive B cells","CLEC2D","KLRB1",0.00843390993183198,0,"CLEC2D_KLRB1","CLEC2D - KLRB1","CLEC","Cell-Cell Contact","PMID: 24223577"
"Classical Monocytes","Regulatory / Activated CD4 T cells","CLEC2B","KLRB1",0.00843095205453408,0,"CLEC2B_KLRB1","CLEC2B - KLRB1","CLEC","Cell-Cell Contact","PMID: 24223577"
"Classical Monocytes","Classical Monocytes","ICAM1","ITGAL_ITGB2",0.00842344669499437,0,"ICAM1_ITGAL_ITGB2","ICAM1 - (ITGAL+ITGB2)","ICAM","Cell-Cell Contact","KEGG: hsa04514"
"Myeloid cells","NK cells","HLA-E","KLRC2",0.00841871056151439,0,"HLA-E_KLRC2","HLA-E - KLRC2","MHC-I","Cell-Cell Contact","PMID: 26697006"
"Conventional Dendritic Cells","MAIT / CD161-like T cells","ITGB2","ICAM1",0.00838671221093024,0,"ITGB2_ICAM1","ITGB2 - ICAM1","ITGB2","Cell-Cell Contact","KEGG: hsa04514"
"Naive B cells","Myeloid cells","ITGB2","ICAM1",0.00838283892185169,0,"ITGB2_ICAM1","ITGB2 - ICAM1","ITGB2","Cell-Cell Contact","KEGG: hsa04514"
"Naive B cells","Naive CD4 T cells","HLA-DPB1","CD4",0.00837637789826864,0,"HLA-DPB1_CD4","HLA-DPB1 - CD4","MHC-II","Cell-Cell Contact","KEGG: hsa04514"
"Naive B cells","NK-like cells","COL6A2","CD44",0.00837358167314825,0,"COL6A2_CD44","COL6A2 - CD44","COLLAGEN","ECM-Receptor","KEGG: hsa04512"
"Myeloid cells","Monocytes","SEMA4D","PLXNB2",0.00836784020335828,0,"SEMA4D_PLXNB2","SEMA4D - PLXNB2","SEMA4","Cell-Cell Contact","PMID: 27533782"
"Gamma-delta Cytotoxic T cells","NK cells","JAM3","ITGAM_ITGB2",0.00836374437052068,0,"JAM3_ITGAM_ITGB2","JAM3 - (ITGAM+ITGB2)","JAM","Cell-Cell Contact","KEGG: hsa04514; PMID: 16118203, PMC2194005"
"NK cells","Naive CD4 T cells","ITGB2","ICAM2",0.00835762122156113,0,"ITGB2_ICAM2","ITGB2 - ICAM2","ITGB2","Cell-Cell Contact","KEGG: hsa04514"
"Regulatory / Activated CD4 T cells","Classical Monocytes","SEMA4D","PLXNB2",0.00833240991204572,0,"SEMA4D_PLXNB2","SEMA4D - PLXNB2","SEMA4","Cell-Cell Contact","PMID: 27533782"
"Naive B cells","NK cells","HLA-F","CD8A",0.00829435346785406,0,"HLA-F_CD8A","HLA-F - CD8A","MHC-I","Cell-Cell Contact","KEGG: hsa04514"
"Classical Monocytes","NK cells","ITGB2","ICAM2",0.00828695779798122,0,"ITGB2_ICAM2","ITGB2 - ICAM2","ITGB2","Cell-Cell Contact","KEGG: hsa04514"
"Monocytes","Naive CD4 T cells","ITGB2","ICAM2",0.00828251383475002,0,"ITGB2_ICAM2","ITGB2 - ICAM2","ITGB2","Cell-Cell Contact","KEGG: hsa04514"
"Conventional Dendritic Cells","Myeloid cells","COL9A2","CD44",0.00827822443621627,0,"COL9A2_CD44","COL9A2 - CD44","COLLAGEN","ECM-Receptor","KEGG: hsa04512"
"Naive CD4 T cells","Classical Monocytes","SEMA4D","PLXNB2",0.00827758555652583,0,"SEMA4D_PLXNB2","SEMA4D - PLXNB2","SEMA4","Cell-Cell Contact","PMID: 27533782"
"Classical Monocytes","Myeloid cells","ICAM1","ITGAX_ITGB2",0.00826904287955871,0,"ICAM1_ITGAX_ITGB2","ICAM1 - (ITGAX+ITGB2)","ICAM","Cell-Cell Contact","PMID: 16252253"
"Platelets","Classical Monocytes","ICAM2","ITGAL_ITGB2",0.00825965569194277,0,"ICAM2_ITGAL_ITGB2","ICAM2 - (ITGAL+ITGB2)","ICAM","Cell-Cell Contact","KEGG: hsa04514"
"Plasma cells","MAIT / CD161-like T cells","CD80","CD28",0.00825900788425401,0,"CD80_CD28","CD80 - CD28","CD80","Cell-Cell Contact","PMID: 23954143"
"Myeloid cells","NK cells","HLA-A","CD8A",0.0082574092750043,0,"HLA-A_CD8A","HLA-A - CD8A","MHC-I","Cell-Cell Contact","KEGG: hsa04514"
"Regulatory / Activated CD4 T cells","Classical Monocytes","IL16","CD4",0.0082469128755442,0,"IL16_CD4","IL16 - CD4","IL16","Secreted Signaling","KEGG: hsa04060"
"MAIT / CD161-like T cells","Conventional Dendritic Cells","CD48","CD244",0.00822562754311442,0,"CD48_CD244A","CD48 - CD244A","CD48","Cell-Cell Contact","PMID: 26697006"
"Naive CD4 T cells","NK cells","HLA-F","KIR3DL2",0.00821501829124095,0,"HLA-F_KIR3DL2","HLA-F - KIR3DL2","MHC-I","Cell-Cell Contact","PMID: 28484462"
"Regulatory / Activated CD4 T cells","Myeloid cells","CD40LG","ITGA5_ITGB1",0.00820405163035203,0,"CD40LG_ITGA5_ITGB1","CD40LG - (ITGA5+ITGB1)","CD40","Secreted Signaling","PMID: 28676852"
"MAIT / CD161-like T cells","Conventional Dendritic Cells","ICAM1","ITGAX_ITGB2",0.00819951562024807,0,"ICAM1_ITGAX_ITGB2","ICAM1 - (ITGAX+ITGB2)","ICAM","Cell-Cell Contact","PMID: 16252253"
"Regulatory / Activated CD4 T cells","C1Q+ Monocytes","ITGB2","ICAM2",0.00818650719484888,0,"ITGB2_ICAM2","ITGB2 - ICAM2","ITGB2","Cell-Cell Contact","KEGG: hsa04514"
"Conventional Dendritic Cells","Myeloid cells","LAMB3","CD44",0.00817326244226321,0,"LAMB3_CD44","LAMB3 - CD44","LAMININ","ECM-Receptor","KEGG: hsa04512"
"Monocytes","Conventional Dendritic Cells","ICAM1","ITGAL_ITGB2",0.00817290349762354,0,"ICAM1_ITGAL_ITGB2","ICAM1 - (ITGAL+ITGB2)","ICAM","Cell-Cell Contact","KEGG: hsa04514"
"Conventional Dendritic Cells","Classical Monocytes","HLA-F","LILRB1",0.0081644995133435,0,"HLA-F_LILRB1","HLA-F - LILRB1","MHC-I","Cell-Cell Contact","PMID: 28484462"
"MAIT / CD161-like T cells","Conventional Dendritic Cells","ITGB2","CD226",0.00815812358637631,0,"ITGB2_CD226","ITGB2 - CD226","ITGB2","Cell-Cell Contact","KEGG: hsa04514"
"Monocytes","C1Q+ Monocytes","LAMB3","CD44",0.0081541898832491,0,"LAMB3_CD44","LAMB3 - CD44","LAMININ","ECM-Receptor","KEGG: hsa04512"
"C1Q+ Monocytes","NK cells","ITGB2","ICAM2",0.00814377613559182,0,"ITGB2_ICAM2","ITGB2 - ICAM2","ITGB2","Cell-Cell Contact","KEGG: hsa04514"
"Monocytes","NK cells","ICAM1","ITGAX_ITGB2",0.00812587475564925,0,"ICAM1_ITGAX_ITGB2","ICAM1 - (ITGAX+ITGB2)","ICAM","Cell-Cell Contact","PMID: 16252253"
"Plasma cells","Classical Monocytes","IL16","CD4",0.00812029279700447,0,"IL16_CD4","IL16 - CD4","IL16","Secreted Signaling","KEGG: hsa04060"
"Myeloid cells","Classical Monocytes","SEMA4D","PLXNB2",0.00811946783267409,0,"SEMA4D_PLXNB2","SEMA4D - PLXNB2","SEMA4","Cell-Cell Contact","PMID: 27533782"
"C1Q+ Monocytes","MAIT / CD161-like T cells","ICAM2","ITGAL_ITGB2",0.00811880254319299,0,"ICAM2_ITGAL_ITGB2","ICAM2 - (ITGAL+ITGB2)","ICAM","Cell-Cell Contact","KEGG: hsa04514"
"C1Q+ Monocytes","Naive CD4 T cells","HLA-F","CD8A",0.00811346219671074,0,"HLA-F_CD8A","HLA-F - CD8A","MHC-I","Cell-Cell Contact","KEGG: hsa04514"
"NK-like cells","Platelets","SELPLG","SELP",0.00810378654482069,0,"SELPLG_SELP","SELPLG - SELP","SELPLG","Cell-Cell Contact","PMID: 19118202; PMID: 9829984"
"Conventional Dendritic Cells","NK cells","ALCAM","CD6",0.00809778373729753,0,"ALCAM_CD6","ALCAM - CD6","ALCAM","Cell-Cell Contact","KEGG: hsa04514"
"NK cells","Conventional Dendritic Cells","CD6","ALCAM",0.00809778373729753,0,"CD6_ALCAM","CD6 - ALCAM","CD6","Cell-Cell Contact","PMID: 23602662"
"Classical Monocytes","Classical Monocytes","HLA-DMB","CD4",0.00809190529601064,0,"HLA-DMB_CD4","HLA-DMB - CD4","MHC-II","Cell-Cell Contact","KEGG: hsa04514"
"MAIT / CD161-like T cells","Classical Monocytes","ITGB2","ICAM1",0.00808674792595117,0,"ITGB2_ICAM1","ITGB2 - ICAM1","ITGB2","Cell-Cell Contact","KEGG: hsa04514"
"Myeloid cells","NK-like cells","ICAM1","ITGAL",0.00808472242693564,0,"ICAM1_ITGAL","ICAM1 - ITGAL","ICAM","Cell-Cell Contact","PMID: 23602662"
"Monocytes","Monocytes","LAMB3","CD44",0.00808348962821873,0,"LAMB3_CD44","LAMB3 - CD44","LAMININ","ECM-Receptor","KEGG: hsa04512"
"C1Q+ Monocytes","Myeloid cells","TNF","TNFRSF1B",0.00806722870327472,0,"TNF_TNFRSF1B","TNF - TNFRSF1B","TNF","Secreted Signaling","KEGG: hsa04060"
"Gamma-delta Cytotoxic T cells","Myeloid cells","LGALS9","HAVCR2",0.0080655760074841,0,"LGALS9_HAVCR2","LGALS9 - HAVCR2","GALECTIN","Secreted Signaling","PMID: 27192565"
"Monocytes","NK cells","HLA-F","KIR3DL1",0.00805612265165263,0,"HLA-F_KIR3DL1","HLA-F - KIR3DL1","MHC-I","Cell-Cell Contact","PMID: 28484462"
"Classical Monocytes","NK cells","LGALS9","HAVCR2",0.00803847970264642,0,"LGALS9_HAVCR2","LGALS9 - HAVCR2","GALECTIN","Secreted Signaling","PMID: 27192565"
"Conventional Dendritic Cells","NK cells","ICAM1","SPN",0.00793850435318386,0,"ICAM1_SPN","ICAM1 - SPN","ICAM","Cell-Cell Contact","PMID: 1683685"
"Conventional Dendritic Cells","C1Q+ Monocytes","HLA-DQA2","CD4",0.00793260151387824,0,"HLA-DQA2_CD4","HLA-DQA2 - CD4","MHC-II","Cell-Cell Contact","KEGG: hsa04514"
"Conventional Dendritic Cells","Conventional Dendritic Cells","HLA-DOA","CD4",0.00793070350881822,0,"HLA-DOA_CD4","HLA-DOA - CD4","MHC-II","Cell-Cell Contact","KEGG: hsa04514"
"MAIT / CD161-like T cells","Platelets","ITGB2","ICAM2",0.00792945155877166,0.01,"ITGB2_ICAM2","ITGB2 - ICAM2","ITGB2","Cell-Cell Contact","KEGG: hsa04514"
"MAIT / CD161-like T cells","NK cells","ICAM1","ITGAL_ITGB2",0.00792455284631214,0,"ICAM1_ITGAL_ITGB2","ICAM1 - (ITGAL+ITGB2)","ICAM","Cell-Cell Contact","KEGG: hsa04514"
"Myeloid cells","NK cells","ITGB2","CD226",0.00791931324307403,0,"ITGB2_CD226","ITGB2 - CD226","ITGB2","Cell-Cell Contact","KEGG: hsa04514"
"Naive CD4 T cells","Myeloid cells","TGFB1","ACVR1_TGFbR",0.00790428658159362,0,"TGFB1_ACVR1_TGFBR1","TGFB1 - (ACVR1+TGFBR1)","TGFb","Secreted Signaling","PMID: 29376829"
"Plasma cells","NK-like cells","FCER2","ITGAM_ITGB2",0.00788862519256485,0,"FCER2A_ITGAM_ITGB2","FCER2A - (ITGAM+ITGB2)","CD23","Cell-Cell Contact","PMID: 7621072"
"Plasma cells","NK-like cells","CLEC2B","KLRB1",0.0078879073320536,0,"CLEC2B_KLRB1","CLEC2B - KLRB1","CLEC","Cell-Cell Contact","PMID: 24223577"
"Gamma-delta Cytotoxic T cells","Regulatory / Activated CD4 T cells","ICOSLG","CD28",0.00785829262002237,0,"ICOSL_CD28","ICOSL - CD28","ICOS","Cell-Cell Contact","KEGG: hsa04514"
"Gamma-delta Cytotoxic T cells","Classical Monocytes","JAM3","ITGAM_ITGB2",0.00785614855835491,0,"JAM3_ITGAM_ITGB2","JAM3 - (ITGAM+ITGB2)","JAM","Cell-Cell Contact","KEGG: hsa04514; PMID: 16118203, PMC2194005"
"MAIT / CD161-like T cells","Conventional Dendritic Cells","CCL5","CCR1",0.00785425516239533,0,"CCL5_CCR1","CCL5 - CCR1","CCL","Secreted Signaling","KEGG: hsa04060"
"Naive CD4 T cells","Conventional Dendritic Cells","CD48","CD244",0.00784625257542005,0,"CD48_CD244A","CD48 - CD244A","CD48","Cell-Cell Contact","PMID: 26697006"
"Regulatory / Activated CD4 T cells","Naive CD4 T cells","ALCAM","CD6",0.00784427087275009,0,"ALCAM_CD6","ALCAM - CD6","ALCAM","Cell-Cell Contact","KEGG: hsa04514"
"Naive CD4 T cells","Regulatory / Activated CD4 T cells","CD6","ALCAM",0.00784427087275009,0,"CD6_ALCAM","CD6 - ALCAM","CD6","Cell-Cell Contact","PMID: 23602662"
"Gamma-delta Cytotoxic T cells","Naive CD4 T cells","ALCAM","CD6",0.00782747281165596,0,"ALCAM_CD6","ALCAM - CD6","ALCAM","Cell-Cell Contact","KEGG: hsa04514"
"Naive CD4 T cells","Gamma-delta Cytotoxic T cells","CD6","ALCAM",0.00782747281165596,0,"CD6_ALCAM","CD6 - ALCAM","CD6","Cell-Cell Contact","PMID: 23602662"
"Gamma-delta Cytotoxic T cells","Regulatory / Activated CD4 T cells","ICOSLG","ICOS",0.00781357168359553,0,"ICOSL_ICOS","ICOSL - ICOS","ICOS","Cell-Cell Contact","PMID: 23954143"
"C1Q+ Monocytes","MAIT / CD161-like T cells","CXCL16","CXCR6",0.00779580656315193,0,"CXCL16_CXCR6","CXCL16 - CXCR6","CXCL","Secreted Signaling","KEGG: hsa04060"
"Monocytes","Naive CD4 T cells","ICOSLG","ICOS",0.00776442851148224,0,"ICOSL_ICOS","ICOSL - ICOS","ICOS","Cell-Cell Contact","PMID: 23954143"
"Naive B cells","Conventional Dendritic Cells","NAMPT","INSR",0.00774253679739152,0,"NAMPT_INSR","NAMPT - INSR","VISFATIN","Secreted Signaling","PMID: 28490838"
"Classical Monocytes","Myeloid cells","THBS1","CD47",0.00773093983762877,0,"THBS1_CD47","THBS1 - CD47","THBS","ECM-Receptor","KEGG: hsa04512"
"Monocytes","Naive CD4 T cells","ALCAM","CD6",0.00772799011739914,0,"ALCAM_CD6","ALCAM - CD6","ALCAM","Cell-Cell Contact","KEGG: hsa04514"
"Naive CD4 T cells","Monocytes","CD6","ALCAM",0.00772799011739914,0,"CD6_ALCAM","CD6 - ALCAM","CD6","Cell-Cell Contact","PMID: 23602662"
"Classical Monocytes","Naive CD4 T cells","ITGB2","ICAM2",0.00772550318608641,0,"ITGB2_ICAM2","ITGB2 - ICAM2","ITGB2","Cell-Cell Contact","KEGG: hsa04514"
"Monocytes","Naive CD4 T cells","HLA-DQB1","CD4",0.0077233385875306,0,"HLA-DQB1_CD4","HLA-DQB1 - CD4","MHC-II","Cell-Cell Contact","KEGG: hsa04514"
"C1Q+ Monocytes","Classical Monocytes","LAMB3","CD44",0.00770284977708355,0,"LAMB3_CD44","LAMB3 - CD44","LAMININ","ECM-Receptor","KEGG: hsa04512"
"Myeloid cells","C1Q+ Monocytes","ICAM1","ITGAL_ITGB2",0.00769370204152325,0,"ICAM1_ITGAL_ITGB2","ICAM1 - (ITGAL+ITGB2)","ICAM","Cell-Cell Contact","KEGG: hsa04514"
"Monocytes","NK cells","HLA-F","CD8A",0.00768314730524951,0,"HLA-F_CD8A","HLA-F - CD8A","MHC-I","Cell-Cell Contact","KEGG: hsa04514"
"Myeloid cells","C1Q+ Monocytes","HLA-DMB","CD4",0.00767682971471096,0,"HLA-DMB_CD4","HLA-DMB - CD4","MHC-II","Cell-Cell Contact","KEGG: hsa04514"
"Monocytes","NK-like cells","LGALS9","HAVCR2",0.00767675844609027,0,"LGALS9_HAVCR2","LGALS9 - HAVCR2","GALECTIN","Secreted Signaling","PMID: 27192565"
"Regulatory / Activated CD4 T cells","Conventional Dendritic Cells","CD48","CD244",0.00766829250137569,0,"CD48_CD244A","CD48 - CD244A","CD48","Cell-Cell Contact","PMID: 26697006"
"MAIT / CD161-like T cells","NK cells","HLA-F","KIR3DL1",0.00763441108698556,0,"HLA-F_KIR3DL1","HLA-F - KIR3DL1","MHC-I","Cell-Cell Contact","PMID: 28484462"
"NK cells","Conventional Dendritic Cells","IFNG","IFNGR1_IFNGR2",0.00759686798812092,0,"IFNG_IFNGR1_IFNGR2","IFNG - (IFNGR1+IFNGR2)","IFN-II","Secreted Signaling","KEGG: hsa04060"
"C1Q+ Monocytes","Naive CD4 T cells","ITGB2","ICAM2",0.00759194804647666,0,"ITGB2_ICAM2","ITGB2 - ICAM2","ITGB2","Cell-Cell Contact","KEGG: hsa04514"
"Classical Monocytes","C1Q+ Monocytes","RETN","CAP1",0.00757508387201682,0,"RETN_CAP1","RETN - CAP1","RESISTIN","Secreted Signaling","PMID: 30809105"
"Classical Monocytes","Conventional Dendritic Cells","IL16","CD4",0.00757464551815308,0,"IL16_CD4","IL16 - CD4","IL16","Secreted Signaling","KEGG: hsa04060"
"Plasma cells","Classical Monocytes","TGFB1","ACVR1_TGFbR",0.00755947964679854,0,"TGFB1_ACVR1_TGFBR1","TGFB1 - (ACVR1+TGFBR1)","TGFb","Secreted Signaling","PMID: 29376829"
"Conventional Dendritic Cells","Classical Monocytes","COL9A2","CD44",0.0075581780673306,0,"COL9A2_CD44","COL9A2 - CD44","COLLAGEN","ECM-Receptor","KEGG: hsa04512"
"Myeloid cells","Myeloid cells","IL1B","IL1R1_IL1RAP",0.00753787169400947,0,"IL1B_IL1R1_IL1RAP","IL1B - (IL1R1+IL1RAP)","IL1","Secreted Signaling","KEGG: hsa04060"
"Myeloid cells","Naive B cells","ICAM1","ITGAL_ITGB2",0.00753472459158022,0,"ICAM1_ITGAL_ITGB2","ICAM1 - (ITGAL+ITGB2)","ICAM","Cell-Cell Contact","KEGG: hsa04514"
"Conventional Dendritic Cells","Monocytes","HLA-DQA2","CD4",0.00753461176658753,0,"HLA-DQA2_CD4","HLA-DQA2 - CD4","MHC-II","Cell-Cell Contact","KEGG: hsa04514"
"Conventional Dendritic Cells","Naive B cells","ICAM1","ITGAM_ITGB2",0.00753291495680078,0,"ICAM1_ITGAM_ITGB2","ICAM1 - (ITGAM+ITGB2)","ICAM","Cell-Cell Contact","KEGG: hsa04514"
"Plasma cells","Conventional Dendritic Cells","CD48","CD244",0.00751397481445612,0,"CD48_CD244A","CD48 - CD244A","CD48","Cell-Cell Contact","PMID: 26697006"
"Regulatory / Activated CD4 T cells","Monocytes","ITGB2","ICAM1",0.00750682387141686,0,"ITGB2_ICAM1","ITGB2 - ICAM1","ITGB2","Cell-Cell Contact","KEGG: hsa04514"
"Conventional Dendritic Cells","MAIT / CD161-like T cells","IL18","IL18R1_IL18RAP",0.00748279138936467,0,"IL18_IL18R1_IL18RAP","IL18 - (IL18R1+IL18RAP)","IL1","Secreted Signaling","KEGG: hsa04060"
"Naive B cells","Naive B cells","LCK","CD8 receptor",0.00747771696980314,0,"LCK_CD8A_CD8B1","LCK - (CD8A+CD8B1)","LCK","Cell-Cell Contact","PMID: 25427562"
"Myeloid cells","NK cells","LAMB3","CD44",0.00746921670627495,0,"LAMB3_CD44","LAMB3 - CD44","LAMININ","ECM-Receptor","KEGG: hsa04512"
"Conventional Dendritic Cells","Classical Monocytes","LAMB3","CD44",0.00746227705199736,0,"LAMB3_CD44","LAMB3 - CD44","LAMININ","ECM-Receptor","KEGG: hsa04512"
"Conventional Dendritic Cells","C1Q+ Monocytes","NAMPT","INSR",0.00745379935289182,0.01,"NAMPT_INSR","NAMPT - INSR","VISFATIN","Secreted Signaling","PMID: 28490838"
"Monocytes","MAIT / CD161-like T cells","ICAM1","ITGAL_ITGB2",0.0074446981932788,0,"ICAM1_ITGAL_ITGB2","ICAM1 - (ITGAL+ITGB2)","ICAM","Cell-Cell Contact","KEGG: hsa04514"
"Classical Monocytes","NK-like cells","LAMB3","CD44",0.00743759603004774,0,"LAMB3_CD44","LAMB3 - CD44","LAMININ","ECM-Receptor","KEGG: hsa04512"
"C1Q+ Monocytes","Classical Monocytes","ICAM1","ITGAL",0.0074375920073216,0,"ICAM1_ITGAL","ICAM1 - ITGAL","ICAM","Cell-Cell Contact","PMID: 23602662"
"Conventional Dendritic Cells","NK cells","ITGB2","ICAM2",0.00742849650647374,0,"ITGB2_ICAM2","ITGB2 - ICAM2","ITGB2","Cell-Cell Contact","KEGG: hsa04514"
"Naive B cells","Classical Monocytes","SELPLG","SELL",0.00740931686733023,0,"SELPLG_SELL","SELPLG - SELL","SELPLG","Cell-Cell Contact","PMC2431087; PMID:  8892633,PMID:  8896607"
"Classical Monocytes","Naive CD4 T cells","ICOSLG","ICOS",0.0074092385807971,0,"ICOSL_ICOS","ICOSL - ICOS","ICOS","Cell-Cell Contact","PMID: 23954143"
"Classical Monocytes","Conventional Dendritic Cells","ICAM1","ITGAL_ITGB2",0.00740798338811586,0,"ICAM1_ITGAL_ITGB2","ICAM1 - (ITGAL+ITGB2)","ICAM","Cell-Cell Contact","KEGG: hsa04514"
"Naive B cells","Myeloid cells","NAMPT","INSR",0.00740717685117764,0,"NAMPT_INSR","NAMPT - INSR","VISFATIN","Secreted Signaling","PMID: 28490838"
"Classical Monocytes","Naive CD4 T cells","HLA-F","CD8A",0.00738374784991952,0,"HLA-F_CD8A","HLA-F - CD8A","MHC-I","Cell-Cell Contact","KEGG: hsa04514"
"Classical Monocytes","NK cells","ICAM1","ITGAX_ITGB2",0.00736532348430307,0,"ICAM1_ITGAX_ITGB2","ICAM1 - (ITGAX+ITGB2)","ICAM","Cell-Cell Contact","PMID: 16252253"
"Conventional Dendritic Cells","NK-like cells","CD22","PTPRC",0.00735458775368197,0,"CD22_PTPRC","CD22 - PTPRC","CD22","Cell-Cell Contact","KEGG: hsa04514"
"NK-like cells","Conventional Dendritic Cells","PTPRC","CD22",0.00735458775368197,0,"PTPRC_CD22","PTPRC - CD22","CD45","Cell-Cell Contact","PMID: 12115612"
"Gamma-delta Cytotoxic T cells","Classical Monocytes","HLA-F","LILRB1",0.00735248669309028,0,"HLA-F_LILRB1","HLA-F - LILRB1","MHC-I","Cell-Cell Contact","PMID: 28484462"
"Regulatory / Activated CD4 T cells","MAIT / CD161-like T cells","ALCAM","CD6",0.00733426479271706,0,"ALCAM_CD6","ALCAM - CD6","ALCAM","Cell-Cell Contact","KEGG: hsa04514"
"MAIT / CD161-like T cells","Regulatory / Activated CD4 T cells","CD6","ALCAM",0.00733426479271706,0,"CD6_ALCAM","CD6 - ALCAM","CD6","Cell-Cell Contact","PMID: 23602662"
"Plasma cells","Platelets","COL4A4","GP6",0.00733361797056774,0,"COL4A4_GP6","COL4A4 - GP6","COLLAGEN","ECM-Receptor","KEGG: hsa04512"
"Platelets","Myeloid cells","F11R","ITGAL_ITGB2",0.00732400485887392,0,"JAM1_ITGAL_ITGB2","JAM1 - (ITGAL+ITGB2)","JAM","Cell-Cell Contact","PMID: 11812992"
"Gamma-delta Cytotoxic T cells","MAIT / CD161-like T cells","ALCAM","CD6",0.00731855082456915,0,"ALCAM_CD6","ALCAM - CD6","ALCAM","Cell-Cell Contact","KEGG: hsa04514"
"MAIT / CD161-like T cells","Gamma-delta Cytotoxic T cells","CD6","ALCAM",0.00731855082456915,0,"CD6_ALCAM","CD6 - ALCAM","CD6","Cell-Cell Contact","PMID: 23602662"
"Regulatory / Activated CD4 T cells","NK cells","CD40LG","ITGAM_ITGB2",0.00730030131551968,0,"CD40LG_ITGAM_ITGB2","CD40LG - (ITGAM+ITGB2)","CD40","Secreted Signaling","PMID: 28676852"
"Myeloid cells","Monocytes","HLA-DMB","CD4",0.00729157808058575,0,"HLA-DMB_CD4","HLA-DMB - CD4","MHC-II","Cell-Cell Contact","KEGG: hsa04514"
"MAIT / CD161-like T cells","NK cells","HLA-F","CD8A",0.00728081646972491,0,"HLA-F_CD8A","HLA-F - CD8A","MHC-I","Cell-Cell Contact","KEGG: hsa04514"
"C1Q+ Monocytes","NK cells","HLA-F","KIR3DL1",0.00727645454078629,0,"HLA-F_KIR3DL1","HLA-F - KIR3DL1","MHC-I","Cell-Cell Contact","PMID: 28484462"
"Platelets","Conventional Dendritic Cells","ICAM2","ITGAL_ITGB2",0.00726379307289188,0,"ICAM2_ITGAL_ITGB2","ICAM2 - (ITGAL+ITGB2)","ICAM","Cell-Cell Contact","KEGG: hsa04514"
"Classical Monocytes","C1Q+ Monocytes","THBS1","CD36",0.0072520587475474,0,"THBS1_CD36","THBS1 - CD36","THBS","ECM-Receptor","KEGG: hsa04512"
"C1Q+ Monocytes","Naive B cells","ICAM2","ITGAM_ITGB2",0.00724125009199894,0,"ICAM2_ITGAM_ITGB2","ICAM2 - (ITGAM+ITGB2)","ICAM","Cell-Cell Contact","KEGG: hsa04514"
"Myeloid cells","NK cells","ICAM1","ITGAL",0.0072392972314506,0,"ICAM1_ITGAL","ICAM1 - ITGAL","ICAM","Cell-Cell Contact","PMID: 23602662"
"NK-like cells","Monocytes","SEMA4D","PLXNB2",0.00723684401339142,0,"SEMA4D_PLXNB2","SEMA4D - PLXNB2","SEMA4","Cell-Cell Contact","PMID: 27533782"
"Monocytes","MAIT / CD161-like T cells","ALCAM","CD6",0.00722548913321296,0,"ALCAM_CD6","ALCAM - CD6","ALCAM","Cell-Cell Contact","KEGG: hsa04514"
"MAIT / CD161-like T cells","Monocytes","CD6","ALCAM",0.00722548913321296,0,"CD6_ALCAM","CD6 - ALCAM","CD6","Cell-Cell Contact","PMID: 23602662"
"Gamma-delta Cytotoxic T cells","Monocytes","JAM3","ITGAM_ITGB2",0.00722276365898912,0,"JAM3_ITGAM_ITGB2","JAM3 - (ITGAM+ITGB2)","JAM","Cell-Cell Contact","KEGG: hsa04514; PMID: 16118203, PMC2194005"
"Conventional Dendritic Cells","Naive CD4 T cells","ICOSLG","ICOS",0.00721438436994275,0,"ICOSL_ICOS","ICOSL - ICOS","ICOS","Cell-Cell Contact","PMID: 23954143"
"C1Q+ Monocytes","C1Q+ Monocytes","LAMB3","CD44",0.00720419162726714,0,"LAMB3_CD44","LAMB3 - CD44","LAMININ","ECM-Receptor","KEGG: hsa04512"
"Platelets","Naive CD4 T cells","PECAM1","PECAM1",0.00720156453748599,0.01,"PECAM1_PECAM1","PECAM1 - PECAM1","PECAM1","Cell-Cell Contact","KEGG: hsa04514"
"Naive CD4 T cells","Platelets","PECAM1","PECAM1",0.00720156453748599,0.01,"PECAM1_PECAM1","PECAM1 - PECAM1","PECAM1","Cell-Cell Contact","KEGG: hsa04514"
"MAIT / CD161-like T cells","Regulatory / Activated CD4 T cells","CLEC2D","KLRB1",0.00719590161081291,0,"CLEC2D_KLRB1","CLEC2D - KLRB1","CLEC","Cell-Cell Contact","PMID: 24223577"
"Naive B cells","MAIT / CD161-like T cells","ITGB2","ICAM1",0.0071840950207358,0,"ITGB2_ICAM1","ITGB2 - ICAM1","ITGB2","Cell-Cell Contact","KEGG: hsa04514"
"Plasma cells","Naive B cells","HLA-F","CD8B",0.00718267077530695,0,"HLA-F_CD8B","HLA-F - CD8B","MHC-I","Cell-Cell Contact","KEGG: hsa04514"
"Conventional Dendritic Cells","C1Q+ Monocytes","CD22","PTPRC",0.007181969510418,0,"CD22_PTPRC","CD22 - PTPRC","CD22","Cell-Cell Contact","KEGG: hsa04514"
"C1Q+ Monocytes","Conventional Dendritic Cells","PTPRC","CD22",0.007181969510418,0,"PTPRC_CD22","PTPRC - CD22","CD45","Cell-Cell Contact","PMID: 12115612"
"NK-like cells","Regulatory / Activated CD4 T cells","CLEC2D","KLRB1",0.0071716765918996,0,"CLEC2D_KLRB1","CLEC2D - KLRB1","CLEC","Cell-Cell Contact","PMID: 24223577"
"Conventional Dendritic Cells","Naive CD4 T cells","SELPLG","SELL",0.00714377821976216,0,"SELPLG_SELL","SELPLG - SELL","SELPLG","Cell-Cell Contact","PMC2431087; PMID:  8892633,PMID:  8896607"
"Conventional Dendritic Cells","Myeloid cells","ENTPD1","ADORA2B",0.00714229289194298,0,"ENTPD1_ADORA2B","ENTPD1 - ADORA2B","CD39","Cell-Cell Contact","PMID: 21677139"
"C1Q+ Monocytes","Monocytes","LAMB3","CD44",0.00714166894786376,0,"LAMB3_CD44","LAMB3 - CD44","LAMININ","ECM-Receptor","KEGG: hsa04512"
"Platelets","Gamma-delta Cytotoxic T cells","F11R","JAM3",0.00713126473809151,0,"F11R_JAM3","F11R - JAM3","JAM","Cell-Cell Contact","KEGG: hsa04514"
"Gamma-delta Cytotoxic T cells","Platelets","JAM3","F11R",0.00713126473809151,0,"JAM3_F11R","JAM3 - F11R","JAM","Cell-Cell Contact","KEGG: hsa04514"
"Plasma cells","Naive CD4 T cells","HLA-F","CD8B",0.00712251998567138,0,"HLA-F_CD8B","HLA-F - CD8B","MHC-I","Cell-Cell Contact","KEGG: hsa04514"
"NK cells","Monocytes","CCL3","CCR1",0.00711983555246333,0,"CCL3_CCR1","CCL3 - CCR1","CCL","Secreted Signaling","KEGG: hsa04060"
"NK-like cells","C1Q+ Monocytes","CD48","CD244",0.00711700817384627,0,"CD48_CD244A","CD48 - CD244A","CD48","Cell-Cell Contact","PMID: 26697006"
"Plasma cells","NK-like cells","FCER2","ITGAX_ITGB2",0.00710638414778115,0,"FCER2A_ITGAX_ITGB2","FCER2A - (ITGAX+ITGB2)","CD23","Cell-Cell Contact","PMID: 7621072"
"Myeloid cells","NK cells","ICAM1","ITGAM_ITGB2",0.007089086807162,0,"ICAM1_ITGAM_ITGB2","ICAM1 - (ITGAM+ITGB2)","ICAM","Cell-Cell Contact","KEGG: hsa04514"
"Conventional Dendritic Cells","C1Q+ Monocytes","COL9A2","CD44",0.0070688187892019,0,"COL9A2_CD44","COL9A2 - CD44","COLLAGEN","ECM-Receptor","KEGG: hsa04512"
"Monocytes","Myeloid cells","THBS1","CD47",0.00705432473485582,0,"THBS1_CD47","THBS1 - CD47","THBS","ECM-Receptor","KEGG: hsa04512"
"Conventional Dendritic Cells","Naive B cells","CD22","PTPRC",0.00705156323296762,0,"CD22_PTPRC","CD22 - PTPRC","CD22","Cell-Cell Contact","KEGG: hsa04514"
"Naive B cells","Conventional Dendritic Cells","PTPRC","CD22",0.00705156323296762,0,"PTPRC_CD22","PTPRC - CD22","CD45","Cell-Cell Contact","PMID: 12115612"
"Conventional Dendritic Cells","MAIT / CD161-like T cells","ICAM1","ITGAL",0.00704723942953789,0,"ICAM1_ITGAL","ICAM1 - ITGAL","ICAM","Cell-Cell Contact","PMID: 23602662"
"Classical Monocytes","Myeloid cells","ENTPD1","ADORA2B",0.00702662945343002,0,"ENTPD1_ADORA2B","ENTPD1 - ADORA2B","CD39","Cell-Cell Contact","PMID: 21677139"
"NK-like cells","Classical Monocytes","SEMA4D","PLXNB2",0.00702180390899457,0,"SEMA4D_PLXNB2","SEMA4D - PLXNB2","SEMA4","Cell-Cell Contact","PMID: 27533782"
"Regulatory / Activated CD4 T cells","Naive CD4 T cells","HLA-F","CD8A",0.00701906898539008,0,"HLA-F_CD8A","HLA-F - CD8A","MHC-I","Cell-Cell Contact","KEGG: hsa04514"
"NK cells","NK cells","ICAM2","ITGAL_ITGB2",0.00701876696324039,0,"ICAM2_ITGAL_ITGB2","ICAM2 - (ITGAL+ITGB2)","ICAM","Cell-Cell Contact","KEGG: hsa04514"
"Regulatory / Activated CD4 T cells","Naive B cells","LCK","CD8 receptor",0.00701034661496855,0,"LCK_CD8A_CD8B1","LCK - (CD8A+CD8B1)","LCK","Cell-Cell Contact","PMID: 25427562"
"Conventional Dendritic Cells","Monocytes","COL9A2","CD44",0.00700746267120262,0,"COL9A2_CD44","COL9A2 - CD44","COLLAGEN","ECM-Receptor","KEGG: hsa04512"
"Monocytes","NK cells","ICAM1","SPN",0.00699734737843171,0,"ICAM1_SPN","ICAM1 - SPN","ICAM","Cell-Cell Contact","PMID: 1683685"
"Monocytes","Conventional Dendritic Cells","LAMB3","CD44",0.00699669346645122,0,"LAMB3_CD44","LAMB3 - CD44","LAMININ","ECM-Receptor","KEGG: hsa04512"
"Monocytes","Regulatory / Activated CD4 T cells","IL16","CD4",0.00699581620316094,0,"IL16_CD4","IL16 - CD4","IL16","Secreted Signaling","KEGG: hsa04060"
"Naive CD4 T cells","Conventional Dendritic Cells","ITGB2","ICAM1",0.00699518780576459,0,"ITGB2_ICAM1","ITGB2 - ICAM1","ITGB2","Cell-Cell Contact","KEGG: hsa04514"
"NK cells","Monocytes","ITGB2","ICAM2",0.006986528776205,0,"ITGB2_ICAM2","ITGB2 - ICAM2","ITGB2","Cell-Cell Contact","KEGG: hsa04514"
"Conventional Dendritic Cells","C1Q+ Monocytes","LAMB3","CD44",0.00697908328467138,0,"LAMB3_CD44","LAMB3 - CD44","LAMININ","ECM-Receptor","KEGG: hsa04512"
"Gamma-delta Cytotoxic T cells","Classical Monocytes","BTLA","TNFRSF14",0.00697197946145619,0,"BTLA_TNFRSF14","BTLA - TNFRSF14","BTLA","Secreted Signaling","PMID: 21941365"
"C1Q+ Monocytes","Classical Monocytes","TNF","TNFRSF1B",0.00695112580125426,0,"TNF_TNFRSF1B","TNF - TNFRSF1B","TNF","Secreted Signaling","KEGG: hsa04060"
"NK-like cells","Classical Monocytes","SELPLG","SELL",0.00694559121607488,0,"SELPLG_SELL","SELPLG - SELL","SELPLG","Cell-Cell Contact","PMC2431087; PMID:  8892633,PMID:  8896607"
"Monocytes","Regulatory / Activated CD4 T cells","LAMB3","CD44",0.00693968213077969,0,"LAMB3_CD44","LAMB3 - CD44","LAMININ","ECM-Receptor","KEGG: hsa04512"
"C1Q+ Monocytes","NK cells","HLA-F","CD8A",0.00693932307030743,0,"HLA-F_CD8A","HLA-F - CD8A","MHC-I","Cell-Cell Contact","KEGG: hsa04514"
"MAIT / CD161-like T cells","NK-like cells","ICAM1","ITGAL",0.00692831125633268,0,"ICAM1_ITGAL","ICAM1 - ITGAL","ICAM","Cell-Cell Contact","PMID: 23602662"
"Conventional Dendritic Cells","Naive CD4 T cells","ITGB2","ICAM2",0.00692479789018138,0,"ITGB2_ICAM2","ITGB2 - ICAM2","ITGB2","Cell-Cell Contact","KEGG: hsa04514"
"Monocytes","Monocytes","ITGB2","ICAM2",0.00692365694857309,0,"ITGB2_ICAM2","ITGB2 - ICAM2","ITGB2","Cell-Cell Contact","KEGG: hsa04514"
"Gamma-delta Cytotoxic T cells","Classical Monocytes","TGFB1","ACVR1_TGFbR",0.00691992765297614,0,"TGFB1_ACVR1_TGFBR1","TGFB1 - (ACVR1+TGFBR1)","TGFb","Secreted Signaling","PMID: 29376829"
"Conventional Dendritic Cells","Monocytes","LAMB3","CD44",0.00691850062814434,0,"LAMB3_CD44","LAMB3 - CD44","LAMININ","ECM-Receptor","KEGG: hsa04512"
"Conventional Dendritic Cells","Regulatory / Activated CD4 T cells","ICAM1","ITGAL_ITGB2",0.00689668445308306,0,"ICAM1_ITGAL_ITGB2","ICAM1 - (ITGAL+ITGB2)","ICAM","Cell-Cell Contact","KEGG: hsa04514"
"Conventional Dendritic Cells","NK cells","CD22","PTPRC",0.00689485701350654,0,"CD22_PTPRC","CD22 - PTPRC","CD22","Cell-Cell Contact","KEGG: hsa04514"
"NK cells","Conventional Dendritic Cells","PTPRC","CD22",0.00689485701350654,0,"PTPRC_CD22","PTPRC - CD22","CD45","Cell-Cell Contact","PMID: 12115612"
"Plasma cells","Myeloid cells","TGFB1","ACVR1_TGFbR",0.00689344229371395,0,"TGFB1_ACVR1_TGFBR1","TGFB1 - (ACVR1+TGFBR1)","TGFb","Secreted Signaling","PMID: 29376829"
"Regulatory / Activated CD4 T cells","Conventional Dendritic Cells","ITGB2","CD226",0.00686394652235928,0.04,"ITGB2_CD226","ITGB2 - CD226","ITGB2","Cell-Cell Contact","KEGG: hsa04514"
"Regulatory / Activated CD4 T cells","Classical Monocytes","CD40LG","ITGAM_ITGB2",0.0068567996105427,0,"CD40LG_ITGAM_ITGB2","CD40LG - (ITGAM+ITGB2)","CD40","Secreted Signaling","PMID: 28676852"
"Gamma-delta Cytotoxic T cells","Conventional Dendritic Cells","CD48","CD244",0.00684890798242784,0,"CD48_CD244A","CD48 - CD244A","CD48","Cell-Cell Contact","PMID: 26697006"
"Regulatory / Activated CD4 T cells","Classical Monocytes","CD40LG","ITGA5_ITGB1",0.006822076626561,0,"CD40LG_ITGA5_ITGB1","CD40LG - (ITGA5+ITGB1)","CD40","Secreted Signaling","PMID: 28676852"
"Plasma cells","C1Q+ Monocytes","FCER2","ITGAM_ITGB2",0.00681112416700414,0,"FCER2A_ITGAM_ITGB2","FCER2A - (ITGAM+ITGB2)","CD23","Cell-Cell Contact","PMID: 7621072"
"Regulatory / Activated CD4 T cells","Classical Monocytes","ITGB2","ICAM1",0.00680381598283582,0,"ITGB2_ICAM1","ITGB2 - ICAM1","ITGB2","Cell-Cell Contact","KEGG: hsa04514"
"Classical Monocytes","NK cells","CD69","KLRB1",0.00680295479379436,0,"CLEC2C_KLRB1","CLEC2C - KLRB1","CLEC","Cell-Cell Contact","PMID: 24223577"
"Naive CD4 T cells","Naive B cells","LCK","CD8 receptor",0.00679524414835134,0,"LCK_CD8A_CD8B1","LCK - (CD8A+CD8B1)","LCK","Cell-Cell Contact","PMID: 25427562"
"Myeloid cells","Naive B cells","ICAM1","ITGAL",0.00677183029031806,0,"ICAM1_ITGAL","ICAM1 - ITGAL","ICAM","Cell-Cell Contact","PMID: 23602662"
"Naive CD4 T cells","Naive CD4 T cells","HLA-F","CD8A",0.00675082548594248,0,"HLA-F_CD8A","HLA-F - CD8A","MHC-I","Cell-Cell Contact","KEGG: hsa04514"
"Classical Monocytes","MAIT / CD161-like T cells","ICAM1","ITGAL_ITGB2",0.00674746876959494,0,"ICAM1_ITGAL_ITGB2","ICAM1 - (ITGAL+ITGB2)","ICAM","Cell-Cell Contact","KEGG: hsa04514"
"Conventional Dendritic Cells","Naive B cells","HLA-F","CD8B",0.0067416020185536,0,"HLA-F_CD8B","HLA-F - CD8B","MHC-I","Cell-Cell Contact","KEGG: hsa04514"
"MAIT / CD161-like T cells","Conventional Dendritic Cells","TNF","TNFRSF1B",0.00673002164356683,0,"TNF_TNFRSF1B","TNF - TNFRSF1B","TNF","Secreted Signaling","KEGG: hsa04060"
"Naive CD4 T cells","C1Q+ Monocytes","ITGB2","ICAM2",0.00672420198957537,0,"ITGB2_ICAM2","ITGB2 - ICAM2","ITGB2","Cell-Cell Contact","KEGG: hsa04514"
"Naive B cells","Conventional Dendritic Cells","CD48","CD244",0.00672362119908695,0,"CD48_CD244A","CD48 - CD244A","CD48","Cell-Cell Contact","PMID: 26697006"
"Naive CD4 T cells","Monocytes","TGFB1","ACVR1_TGFbR",0.0067113732166535,0,"TGFB1_ACVR1_TGFBR1","TGFB1 - (ACVR1+TGFBR1)","TGFb","Secreted Signaling","PMID: 29376829"
"Conventional Dendritic Cells","Conventional Dendritic Cells","CD48","CD244",0.00670659795684054,0,"CD48_CD244A","CD48 - CD244A","CD48","Cell-Cell Contact","PMID: 26697006"
"Conventional Dendritic Cells","Monocytes","SEMA4A","PLXNB2",0.00669310484845329,0,"SEMA4A_PLXNB2","SEMA4A - PLXNB2","SEMA4","Cell-Cell Contact","PMID: 27533782"
"Conventional Dendritic Cells","Naive CD4 T cells","HLA-F","CD8B",0.00668512005785575,0,"HLA-F_CD8B","HLA-F - CD8B","MHC-I","Cell-Cell Contact","KEGG: hsa04514"
"Regulatory / Activated CD4 T cells","Platelets","ITGB2","ICAM2",0.00667130625262487,0.01,"ITGB2_ICAM2","ITGB2 - ICAM2","ITGB2","Cell-Cell Contact","KEGG: hsa04514"
"Myeloid cells","Naive B cells","ALCAM","CD6",0.00666781500861976,0,"ALCAM_CD6","ALCAM - CD6","ALCAM","Cell-Cell Contact","KEGG: hsa04514"
"Naive B cells","Myeloid cells","CD6","ALCAM",0.00666781500861976,0,"CD6_ALCAM","CD6 - ALCAM","CD6","Cell-Cell Contact","PMID: 23602662"
"NK cells","Conventional Dendritic Cells","NAMPT","INSR",0.00666058483839535,0.01,"NAMPT_INSR","NAMPT - INSR","VISFATIN","Secreted Signaling","PMID: 28490838"
"Myeloid cells","Classical Monocytes","ICAM1","ITGAM_ITGB2",0.00665833056177042,0,"ICAM1_ITGAM_ITGB2","ICAM1 - (ITGAM+ITGB2)","ICAM","Cell-Cell Contact","KEGG: hsa04514"
"Platelets","Classical Monocytes","CD226","NECTIN2",0.00665576415588252,0,"CD226_NECTIN2","CD226 - NECTIN2","CD226","Cell-Cell Contact","PMID: 24440149"
"Classical Monocytes","Platelets","NECTIN2","CD226",0.00665576415588252,0,"NECTIN2_CD226","NECTIN2 - CD226","NECTIN","Cell-Cell Contact","KEGG: hsa04514"
"Monocytes","Naive B cells","ICAM1","ITGAM_ITGB2",0.00663952120440497,0,"ICAM1_ITGAM_ITGB2","ICAM1 - (ITGAM+ITGB2)","ICAM","Cell-Cell Contact","KEGG: hsa04514"
"C1Q+ Monocytes","Regulatory / Activated CD4 T cells","ICAM2","ITGAL_ITGB2",0.00662948907176659,0,"ICAM2_ITGAL_ITGB2","ICAM2 - (ITGAL+ITGB2)","ICAM","Cell-Cell Contact","KEGG: hsa04514"
"Myeloid cells","C1Q+ Monocytes","GRN","SORT1",0.00662413931110304,0,"GRN_SORT1","GRN - SORT1","GRN","Secreted Signaling","PMID: 29555433"
"Classical Monocytes","NK cells","HLA-F","KIR3DL1",0.00662151704410045,0,"HLA-F_KIR3DL1","HLA-F - KIR3DL1","MHC-I","Cell-Cell Contact","PMID: 28484462"
"Monocytes","C1Q+ Monocytes","THBS1","CD36",0.00661707602416653,0,"THBS1_CD36","THBS1 - CD36","THBS","ECM-Receptor","KEGG: hsa04512"
"Naive CD4 T cells","Conventional Dendritic Cells","NAMPT","INSR",0.00661622693451302,0.01,"NAMPT_INSR","NAMPT - INSR","VISFATIN","Secreted Signaling","PMID: 28490838"
"Platelets","MAIT / CD161-like T cells","ICAM2","ITGAL_ITGB2",0.00661604913596366,0,"ICAM2_ITGAL_ITGB2","ICAM2 - (ITGAL+ITGB2)","ICAM","Cell-Cell Contact","KEGG: hsa04514"
"Classical Monocytes","Monocytes","SEMA4D","PLXNB2",0.00661439866834643,0,"SEMA4D_PLXNB2","SEMA4D - PLXNB2","SEMA4","Cell-Cell Contact","PMID: 27533782"
"Conventional Dendritic Cells","Conventional Dendritic Cells","HLA-DQA2","CD4",0.00661202132449036,0,"HLA-DQA2_CD4","HLA-DQA2 - CD4","MHC-II","Cell-Cell Contact","KEGG: hsa04514"
"NK cells","Monocytes","SEMA4D","PLXNB2",0.0066074169891567,0,"SEMA4D_PLXNB2","SEMA4D - PLXNB2","SEMA4","Cell-Cell Contact","PMID: 27533782"
"Plasma cells","Naive CD4 T cells","CD86","CD28",0.00660051942287098,0,"CD86_CD28","CD86 - CD28","CD86","Cell-Cell Contact","PMID: 23954143"
"Monocytes","Naive CD4 T cells","SELPLG","SELL",0.00659874195327599,0,"SELPLG_SELL","SELPLG - SELL","SELPLG","Cell-Cell Contact","PMC2431087; PMID:  8892633,PMID:  8896607"
"Gamma-delta Cytotoxic T cells","Conventional Dendritic Cells","NAMPT","INSR",0.00659574404460427,0.01,"NAMPT_INSR","NAMPT - INSR","VISFATIN","Secreted Signaling","PMID: 28490838"
"MAIT / CD161-like T cells","C1Q+ Monocytes","ICAM1","ITGAL_ITGB2",0.0065928493505764,0,"ICAM1_ITGAL_ITGB2","ICAM1 - (ITGAL+ITGB2)","ICAM","Cell-Cell Contact","KEGG: hsa04514"
"Myeloid cells","C1Q+ Monocytes","IL16","CD4",0.00658676316097239,0,"IL16_CD4","IL16 - CD4","IL16","Secreted Signaling","KEGG: hsa04060"
"NK cells","Classical Monocytes","CCL3","CCR1",0.0065763881894441,0,"CCL3_CCR1","CCL3 - CCR1","CCL","Secreted Signaling","KEGG: hsa04060"
"Platelets","Monocytes","CD226","NECTIN2",0.00656000648055487,0,"CD226_NECTIN2","CD226 - NECTIN2","CD226","Cell-Cell Contact","PMID: 24440149"
"Monocytes","Platelets","NECTIN2","CD226",0.00656000648055487,0,"NECTIN2_CD226","NECTIN2 - CD226","NECTIN","Cell-Cell Contact","KEGG: hsa04514"
"Regulatory / Activated CD4 T cells","Regulatory / Activated CD4 T cells","ALCAM","CD6",0.00655389023633408,0,"ALCAM_CD6","ALCAM - CD6","ALCAM","Cell-Cell Contact","KEGG: hsa04514"
"Regulatory / Activated CD4 T cells","Regulatory / Activated CD4 T cells","CD6","ALCAM",0.00655389023633408,0,"CD6_ALCAM","CD6 - ALCAM","CD6","Cell-Cell Contact","PMID: 23602662"
"Naive CD4 T cells","NK cells","ICAM2","ITGAL_ITGB2",0.00654266744740692,0,"ICAM2_ITGAL_ITGB2","ICAM2 - (ITGAL+ITGB2)","ICAM","Cell-Cell Contact","KEGG: hsa04514"
"Conventional Dendritic Cells","Regulatory / Activated CD4 T cells","HLA-DOA","CD4",0.00654255410591086,0,"HLA-DOA_CD4","HLA-DOA - CD4","MHC-II","Cell-Cell Contact","KEGG: hsa04514"
"Gamma-delta Cytotoxic T cells","Regulatory / Activated CD4 T cells","ALCAM","CD6",0.00653983723791478,0,"ALCAM_CD6","ALCAM - CD6","ALCAM","Cell-Cell Contact","KEGG: hsa04514"
"Regulatory / Activated CD4 T cells","Gamma-delta Cytotoxic T cells","CD6","ALCAM",0.00653983723791478,0,"CD6_ALCAM","CD6 - ALCAM","CD6","Cell-Cell Contact","PMID: 23602662"
"Myeloid cells","Naive CD4 T cells","ICOSLG","CD28",0.00653633200248424,0,"ICOSL_CD28","ICOSL - CD28","ICOS","Cell-Cell Contact","KEGG: hsa04514"
"Monocytes","MAIT / CD161-like T cells","LAMB3","CD44",0.00652752768563078,0,"LAMB3_CD44","LAMB3 - CD44","LAMININ","ECM-Receptor","KEGG: hsa04512"
"C1Q+ Monocytes","Naive CD4 T cells","HLA-DQA1","CD4",0.00652244740582904,0,"HLA-DQA1_CD4","HLA-DQA1 - CD4","MHC-II","Cell-Cell Contact","KEGG: hsa04514"
"C1Q+ Monocytes","C1Q+ Monocytes","GRN","SORT1",0.006520359793131,0,"GRN_SORT1","GRN - SORT1","GRN","Secreted Signaling","PMID: 29555433"
"MAIT / CD161-like T cells","Platelets","SELPLG","SELP",0.00650961778538163,0,"SELPLG_SELP","SELPLG - SELP","SELPLG","Cell-Cell Contact","PMID: 19118202; PMID: 9829984"
"Conventional Dendritic Cells","Classical Monocytes","SEMA4A","PLXNB2",0.00649411605898506,0,"SEMA4A_PLXNB2","SEMA4A - PLXNB2","SEMA4","Cell-Cell Contact","PMID: 27533782"
"C1Q+ Monocytes","C1Q+ Monocytes","TNF","TNFRSF1B",0.00648813655310788,0,"TNF_TNFRSF1B","TNF - TNFRSF1B","TNF","Secreted Signaling","KEGG: hsa04060"
"Myeloid cells","Classical Monocytes","IL1B","IL1R1_IL1RAP",0.00646374706994764,0,"IL1B_IL1R1_IL1RAP","IL1B - (IL1R1+IL1RAP)","IL1","Secreted Signaling","KEGG: hsa04060"
"C1Q+ Monocytes","NK-like cells","ICAM1","SPN",0.00646151262363867,0,"ICAM1_SPN","ICAM1 - SPN","ICAM","Cell-Cell Contact","PMID: 1683685"
"Classical Monocytes","Monocytes","ITGB2","ICAM2",0.00645743628610428,0,"ITGB2_ICAM2","ITGB2 - ICAM2","ITGB2","Cell-Cell Contact","KEGG: hsa04514"
"Monocytes","Regulatory / Activated CD4 T cells","ALCAM","CD6",0.00645661315719155,0,"ALCAM_CD6","ALCAM - CD6","ALCAM","Cell-Cell Contact","KEGG: hsa04514"
"Regulatory / Activated CD4 T cells","Monocytes","CD6","ALCAM",0.00645661315719155,0,"CD6_ALCAM","CD6 - ALCAM","CD6","Cell-Cell Contact","PMID: 23602662"
"MAIT / CD161-like T cells","Naive B cells","ICAM1","ITGAL_ITGB2",0.00645647116946773,0,"ICAM1_ITGAL_ITGB2","ICAM1 - (ITGAL+ITGB2)","ICAM","Cell-Cell Contact","KEGG: hsa04514"
"Plasma cells","NK cells","HLA-F","KIR3DL2",0.00645579318365347,0,"HLA-F_KIR3DL2","HLA-F - KIR3DL2","MHC-I","Cell-Cell Contact","PMID: 28484462"
"Monocytes","Gamma-delta Cytotoxic T cells","LAMB3","CD44",0.00644412985949055,0,"LAMB3_CD44","LAMB3 - CD44","LAMININ","ECM-Receptor","KEGG: hsa04512"
"Monocytes","Naive CD4 T cells","HLA-DMB","CD4",0.00643988705580048,0,"HLA-DMB_CD4","HLA-DMB - CD4","MHC-II","Cell-Cell Contact","KEGG: hsa04514"
"Monocytes","Classical Monocytes","IL16","CD4",0.0064213364118022,0,"IL16_CD4","IL16 - CD4","IL16","Secreted Signaling","KEGG: hsa04060"
"Classical Monocytes","Classical Monocytes","SEMA4D","PLXNB2",0.00641773472785098,0,"SEMA4D_PLXNB2","SEMA4D - PLXNB2","SEMA4","Cell-Cell Contact","PMID: 27533782"
"C1Q+ Monocytes","Conventional Dendritic Cells","ICAM1","ITGAL",0.0064162351830278,0,"ICAM1_ITGAL","ICAM1 - ITGAL","ICAM","Cell-Cell Contact","PMID: 23602662"
"Monocytes","Conventional Dendritic Cells","CD48","CD244",0.00641215174984111,0,"CD48_CD244A","CD48 - CD244A","CD48","Cell-Cell Contact","PMID: 26697006"
"NK cells","Classical Monocytes","SEMA4D","PLXNB2",0.00641095929316893,0,"SEMA4D_PLXNB2","SEMA4D - PLXNB2","SEMA4","Cell-Cell Contact","PMID: 27533782"
"Conventional Dendritic Cells","MAIT / CD161-like T cells","CD22","PTPRC",0.00640848510186397,0,"CD22_PTPRC","CD22 - PTPRC","CD22","Cell-Cell Contact","KEGG: hsa04514"
"MAIT / CD161-like T cells","Conventional Dendritic Cells","PTPRC","CD22",0.00640848510186397,0,"PTPRC_CD22","PTPRC - CD22","CD45","Cell-Cell Contact","PMID: 12115612"
"Conventional Dendritic Cells","NK-like cells","ICAM1","ITGAM_ITGB2",0.00640159430296199,0,"ICAM1_ITGAM_ITGB2","ICAM1 - (ITGAM+ITGB2)","ICAM","Cell-Cell Contact","KEGG: hsa04514"
"Myeloid cells","Conventional Dendritic Cells","HLA-DMB","CD4",0.0063985545204175,0,"HLA-DMB_CD4","HLA-DMB - CD4","MHC-II","Cell-Cell Contact","KEGG: hsa04514"
"C1Q+ Monocytes","C1Q+ Monocytes","HLA-DMB","CD4",0.00639012601025984,0,"HLA-DMB_CD4","HLA-DMB - CD4","MHC-II","Cell-Cell Contact","KEGG: hsa04514"
"Gamma-delta Cytotoxic T cells","Conventional Dendritic Cells","BTLA","TNFRSF14",0.0063869211447181,0,"BTLA_TNFRSF14","BTLA - TNFRSF14","BTLA","Secreted Signaling","PMID: 21941365"
"NK-like cells","C1Q+ Monocytes","CCL5","CCR1",0.00638140126059229,0,"CCL5_CCR1","CCL5 - CCR1","CCL","Secreted Signaling","KEGG: hsa04060"
"Conventional Dendritic Cells","Regulatory / Activated CD4 T cells","CD22","PTPRC",0.00637725248353612,0,"CD22_PTPRC","CD22 - PTPRC","CD22","Cell-Cell Contact","KEGG: hsa04514"
"Regulatory / Activated CD4 T cells","Conventional Dendritic Cells","PTPRC","CD22",0.00637725248353612,0,"PTPRC_CD22","PTPRC - CD22","CD45","Cell-Cell Contact","PMID: 12115612"
"NK cells","Myeloid cells","NAMPT","INSR",0.00637178758336838,0,"NAMPT_INSR","NAMPT - INSR","VISFATIN","Secreted Signaling","PMID: 28490838"
"Naive B cells","NK cells","ITGB2","ICAM2",0.00636240156955514,0,"ITGB2_ICAM2","ITGB2 - ICAM2","ITGB2","Cell-Cell Contact","KEGG: hsa04514"
"Monocytes","Naive CD4 T cells","LAMB3","CD44",0.00634686809870065,0,"LAMB3_CD44","LAMB3 - CD44","LAMININ","ECM-Receptor","KEGG: hsa04512"
"C1Q+ Monocytes","Monocytes","ITGB2","ICAM2",0.00634566274430737,0,"ITGB2_ICAM2","ITGB2 - ICAM2","ITGB2","Cell-Cell Contact","KEGG: hsa04514"
"Gamma-delta Cytotoxic T cells","Classical Monocytes","LGALS9","HAVCR2",0.00634493097052211,0,"LGALS9_HAVCR2","LGALS9 - HAVCR2","GALECTIN","Secreted Signaling","PMID: 27192565"
"Classical Monocytes","NK cells","ICAM1","SPN",0.00634174667853113,0,"ICAM1_SPN","ICAM1 - SPN","ICAM","Cell-Cell Contact","PMID: 1683685"
"Classical Monocytes","Naive CD4 T cells","ALCAM","CD6",0.00633286918529323,0,"ALCAM_CD6","ALCAM - CD6","ALCAM","Cell-Cell Contact","KEGG: hsa04514"
"Naive CD4 T cells","Classical Monocytes","CD6","ALCAM",0.00633286918529323,0,"CD6_ALCAM","CD6 - ALCAM","CD6","Cell-Cell Contact","PMID: 23602662"
"Naive CD4 T cells","Myeloid cells","NAMPT","INSR",0.00632934074523644,0,"NAMPT_INSR","NAMPT - INSR","VISFATIN","Secreted Signaling","PMID: 28490838"
"NK-like cells","Conventional Dendritic Cells","NAMPT","INSR",0.00632782348787767,0.01,"NAMPT_INSR","NAMPT - INSR","VISFATIN","Secreted Signaling","PMID: 28490838"
"Naive B cells","Monocytes","SELPLG","SELL",0.00632527906209239,0,"SELPLG_SELL","SELPLG - SELL","SELPLG","Cell-Cell Contact","PMC2431087; PMID:  8892633,PMID:  8896607"
"Classical Monocytes","NK cells","HLA-F","CD8A",0.00631453701214254,0,"HLA-F_CD8A","HLA-F - CD8A","MHC-I","Cell-Cell Contact","KEGG: hsa04514"
"Gamma-delta Cytotoxic T cells","Myeloid cells","TGFB1","ACVR1_TGFbR",0.00630988056275264,0,"TGFB1_ACVR1_TGFBR1","TGFB1 - (ACVR1+TGFBR1)","TGFb","Secreted Signaling","PMID: 29376829"
"Gamma-delta Cytotoxic T cells","Myeloid cells","NAMPT","INSR",0.00630974037245977,0,"NAMPT_INSR","NAMPT - INSR","VISFATIN","Secreted Signaling","PMID: 28490838"
"Regulatory / Activated CD4 T cells","Monocytes","CD40LG","ITGAM_ITGB2",0.00630347315317961,0,"CD40LG_ITGAM_ITGB2","CD40LG - (ITGAM+ITGB2)","CD40","Secreted Signaling","PMID: 28676852"
"C1Q+ Monocytes","Monocytes","ICAM1","SPN",0.00630145877331981,0,"ICAM1_SPN","ICAM1 - SPN","ICAM","Cell-Cell Contact","PMID: 1683685"
"C1Q+ Monocytes","Conventional Dendritic Cells","ICAM1","SPN",0.00629615105263551,0,"ICAM1_SPN","ICAM1 - SPN","ICAM","Cell-Cell Contact","PMID: 1683685"
"Regulatory / Activated CD4 T cells","NK cells","HLA-F","KIR3DL1",0.00629424558398822,0,"HLA-F_KIR3DL1","HLA-F - KIR3DL1","MHC-I","Cell-Cell Contact","PMID: 28484462"
"C1Q+ Monocytes","Monocytes","TNF","TNFRSF1B",0.00626829755095217,0,"TNF_TNFRSF1B","TNF - TNFRSF1B","TNF","Secreted Signaling","KEGG: hsa04060"
"Myeloid cells","Monocytes","IL16","CD4",0.00625587022180447,0,"IL16_CD4","IL16 - CD4","IL16","Secreted Signaling","KEGG: hsa04060"
"Classical Monocytes","Regulatory / Activated CD4 T cells","IL16","CD4",0.00624842613700287,0,"IL16_CD4","IL16 - CD4","IL16","Secreted Signaling","KEGG: hsa04060"
"Monocytes","MAIT / CD161-like T cells","ICAM1","ITGAL",0.00621108567549215,0,"ICAM1_ITGAL","ICAM1 - ITGAL","ICAM","Cell-Cell Contact","PMID: 23602662"
"MAIT / CD161-like T cells","NK cells","ICAM1","ITGAL",0.00620305657314112,0,"ICAM1_ITGAL","ICAM1 - ITGAL","ICAM","Cell-Cell Contact","PMID: 23602662"
"Myeloid cells","C1Q+ Monocytes","HLA-F","LILRB1",0.00619606275263631,0,"HLA-F_LILRB1","HLA-F - LILRB1","MHC-I","Cell-Cell Contact","PMID: 28484462"
"Naive B cells","NK cells","COL6A2","CD44",0.00619024683040363,0,"COL6A2_CD44","COL6A2 - CD44","COLLAGEN","ECM-Receptor","KEGG: hsa04512"
"C1Q+ Monocytes","Conventional Dendritic Cells","LAMB3","CD44",0.00618070818909816,0,"LAMB3_CD44","LAMB3 - CD44","LAMININ","ECM-Receptor","KEGG: hsa04512"
"C1Q+ Monocytes","Naive CD4 T cells","ICAM1","ITGAL_ITGB2",0.00617269088712569,0,"ICAM1_ITGAL_ITGB2","ICAM1 - (ITGAL+ITGB2)","ICAM","Cell-Cell Contact","KEGG: hsa04514"
"Naive CD4 T cells","Monocytes","ITGB2","ICAM1",0.00616517162216885,0,"ITGB2_ICAM1","ITGB2 - ICAM1","ITGB2","Cell-Cell Contact","KEGG: hsa04514"
"Conventional Dendritic Cells","Gamma-delta Cytotoxic T cells","CD22","PTPRC",0.00615753716580838,0,"CD22_PTPRC","CD22 - PTPRC","CD22","Cell-Cell Contact","KEGG: hsa04514"
"Gamma-delta Cytotoxic T cells","Conventional Dendritic Cells","PTPRC","CD22",0.00615753716580838,0,"PTPRC_CD22","PTPRC - CD22","CD45","Cell-Cell Contact","PMID: 12115612"
"C1Q+ Monocytes","NK-like cells","ICAM2","ITGAM_ITGB2",0.00615346114405219,0,"ICAM2_ITGAM_ITGB2","ICAM2 - (ITGAM+ITGB2)","ICAM","Cell-Cell Contact","KEGG: hsa04514"
"Regulatory / Activated CD4 T cells","Monocytes","CD40LG","ITGA5_ITGB1",0.00614124840968926,0,"CD40LG_ITGA5_ITGB1","CD40LG - (ITGA5+ITGB1)","CD40","Secreted Signaling","PMID: 28676852"
"C1Q+ Monocytes","Regulatory / Activated CD4 T cells","LAMB3","CD44",0.00613030471999579,0,"LAMB3_CD44","LAMB3 - CD44","LAMININ","ECM-Receptor","KEGG: hsa04512"
"Myeloid cells","Monocytes","ICAM1","ITGAM_ITGB2",0.00612092134751692,0,"ICAM1_ITGAM_ITGB2","ICAM1 - (ITGAM+ITGB2)","ICAM","Cell-Cell Contact","KEGG: hsa04514"
"Myeloid cells","NK-like cells","ICAM1","ITGAL_ITGB2",0.00611579387818386,0,"ICAM1_ITGAL_ITGB2","ICAM1 - (ITGAL+ITGB2)","ICAM","Cell-Cell Contact","KEGG: hsa04514"
"Conventional Dendritic Cells","Naive CD4 T cells","CD22","PTPRC",0.00611441382907015,0,"CD22_PTPRC","CD22 - PTPRC","CD22","Cell-Cell Contact","KEGG: hsa04514"
"Naive CD4 T cells","Conventional Dendritic Cells","PTPRC","CD22",0.00611441382907015,0,"PTPRC_CD22","PTPRC - CD22","CD45","Cell-Cell Contact","PMID: 12115612"
"Plasma cells","Conventional Dendritic Cells","FCER2","ITGAM_ITGB2",0.00610431972861832,0,"FCER2A_ITGAM_ITGB2","FCER2A - (ITGAM+ITGB2)","CD23","Cell-Cell Contact","PMID: 7621072"
"NK cells","Conventional Dendritic Cells","CD48","CD244",0.00608623294242813,0,"CD48_CD244A","CD48 - CD244A","CD48","Cell-Cell Contact","PMID: 26697006"
"Regulatory / Activated CD4 T cells","Platelets","SELPLG","SELP",0.00608413889585112,0,"SELPLG_SELP","SELPLG - SELP","SELPLG","Cell-Cell Contact","PMID: 19118202; PMID: 9829984"
"NK-like cells","NK-like cells","NCAM1","NCAM1",0.00608286226752023,0,"NCAM1_NCAM1","NCAM1 - NCAM1","NCAM","Cell-Cell Contact","KEGG: hsa04514"
"Monocytes","Regulatory / Activated CD4 T cells","ICAM1","ITGAL_ITGB2",0.00607828467230002,0,"ICAM1_ITGAL_ITGB2","ICAM1 - (ITGAL+ITGB2)","ICAM","Cell-Cell Contact","KEGG: hsa04514"
"MAIT / CD161-like T cells","NK cells","ICAM1","ITGAM_ITGB2",0.00607421587199028,0,"ICAM1_ITGAM_ITGB2","ICAM1 - (ITGAM+ITGB2)","ICAM","Cell-Cell Contact","KEGG: hsa04514"
"Classical Monocytes","Naive CD4 T cells","HLA-DPA1","CD4",0.00607142778214739,0,"HLA-DPA1_CD4","HLA-DPA1 - CD4","MHC-II","Cell-Cell Contact","KEGG: hsa04514"
"Gamma-delta Cytotoxic T cells","Naive B cells","HLA-F","CD8B",0.00607023954069239,0,"HLA-F_CD8B","HLA-F - CD8B","MHC-I","Cell-Cell Contact","KEGG: hsa04514"
"NK-like cells","NK-like cells","CD48","CD244",0.00607004833515208,0,"CD48_CD244A","CD48 - CD244A","CD48","Cell-Cell Contact","PMID: 26697006"
"C1Q+ Monocytes","Monocytes","HLA-DMB","CD4",0.00606905099485196,0,"HLA-DMB_CD4","HLA-DMB - CD4","MHC-II","Cell-Cell Contact","KEGG: hsa04514"
"Conventional Dendritic Cells","Conventional Dendritic Cells","COL9A2","CD44",0.00606444998968623,0,"COL9A2_CD44","COL9A2 - CD44","COLLAGEN","ECM-Receptor","KEGG: hsa04512"
"Conventional Dendritic Cells","NK cells","HLA-F","KIR3DL2",0.00605908764362785,0,"HLA-F_KIR3DL2","HLA-F - KIR3DL2","MHC-I","Cell-Cell Contact","PMID: 28484462"
"Naive CD4 T cells","NK cells","HLA-F","KIR3DL1",0.00605353335156651,0,"HLA-F_KIR3DL1","HLA-F - KIR3DL1","MHC-I","Cell-Cell Contact","PMID: 28484462"
"NK-like cells","Myeloid cells","NAMPT","INSR",0.00605336655495856,0,"NAMPT_INSR","NAMPT - INSR","VISFATIN","Secreted Signaling","PMID: 28490838"
"Gamma-delta Cytotoxic T cells","C1Q+ Monocytes","HLA-DOB","CD4",0.00604949941927499,0,"HLA-DOB_CD4","HLA-DOB - CD4","MHC-II","Cell-Cell Contact","KEGG: hsa04514"
"Naive B cells","Monocytes","SEMA4D","PLXNB2",0.00604665610959731,0,"SEMA4D_PLXNB2","SEMA4D - PLXNB2","SEMA4","Cell-Cell Contact","PMID: 27533782"
"C1Q+ Monocytes","Monocytes","CD48","CD244",0.0060431872647738,0,"CD48_CD244A","CD48 - CD244A","CD48","Cell-Cell Contact","PMID: 26697006"
"Monocytes","Plasma cells","LAMB3","CD44",0.00602823022170275,0,"LAMB3_CD44","LAMB3 - CD44","LAMININ","ECM-Receptor","KEGG: hsa04512"
"Gamma-delta Cytotoxic T cells","Naive CD4 T cells","HLA-F","CD8B",0.00601934824922311,0,"HLA-F_CD8B","HLA-F - CD8B","MHC-I","Cell-Cell Contact","KEGG: hsa04514"
"Classical Monocytes","Naive B cells","ICAM1","ITGAM_ITGB2",0.00601724306788647,0,"ICAM1_ITGAM_ITGB2","ICAM1 - (ITGAM+ITGB2)","ICAM","Cell-Cell Contact","KEGG: hsa04514"
"Conventional Dendritic Cells","Regulatory / Activated CD4 T cells","COL9A2","CD44",0.00601498886415482,0,"COL9A2_CD44","COL9A2 - CD44","COLLAGEN","ECM-Receptor","KEGG: hsa04512"
"Conventional Dendritic Cells","Classical Monocytes","HLA-DOA","CD4",0.00600507003195304,0,"HLA-DOA_CD4","HLA-DOA - CD4","MHC-II","Cell-Cell Contact","KEGG: hsa04514"
"Regulatory / Activated CD4 T cells","NK cells","HLA-F","CD8A",0.006002346499865,0,"HLA-F_CD8A","HLA-F - CD8A","MHC-I","Cell-Cell Contact","KEGG: hsa04514"
"Conventional Dendritic Cells","Conventional Dendritic Cells","LAMB3","CD44",0.00598738761675175,0,"LAMB3_CD44","LAMB3 - CD44","LAMININ","ECM-Receptor","KEGG: hsa04512"
"C1Q+ Monocytes","Naive CD4 T cells","HLA-DQB1","CD4",0.00597452078676697,0,"HLA-DQB1_CD4","HLA-DQB1 - CD4","MHC-II","Cell-Cell Contact","KEGG: hsa04514"
"Naive B cells","C1Q+ Monocytes","IL16","CD4",0.00597030260420876,0,"IL16_CD4","IL16 - CD4","IL16","Secreted Signaling","KEGG: hsa04060"
"Naive B cells","Conventional Dendritic Cells","SELPLG","SELL",0.00595929725076086,0,"SELPLG_SELL","SELPLG - SELL","SELPLG","Cell-Cell Contact","PMC2431087; PMID:  8892633,PMID:  8896607"
"Classical Monocytes","Conventional Dendritic Cells","RETN","CAP1",0.00595897255313911,0,"RETN_CAP1","RETN - CAP1","RESISTIN","Secreted Signaling","PMID: 30809105"
"Monocytes","Naive B cells","LAMB3","CD44",0.0059515569530264,0,"LAMB3_CD44","LAMB3 - CD44","LAMININ","ECM-Receptor","KEGG: hsa04512"
"Conventional Dendritic Cells","Regulatory / Activated CD4 T cells","LAMB3","CD44",0.00593855124998112,0,"LAMB3_CD44","LAMB3 - CD44","LAMININ","ECM-Receptor","KEGG: hsa04512"
"NK cells","Classical Monocytes","ITGB2","ICAM2",0.00593128249545075,0,"ITGB2_ICAM2","ITGB2 - ICAM2","ITGB2","Cell-Cell Contact","KEGG: hsa04514"
"Naive B cells","Naive CD4 T cells","ITGB2","ICAM2",0.00593055895477937,0,"ITGB2_ICAM2","ITGB2 - ICAM2","ITGB2","Cell-Cell Contact","KEGG: hsa04514"
"NK-like cells","Monocytes","SELPLG","SELL",0.00592899463588938,0,"SELPLG_SELL","SELPLG - SELL","SELPLG","Cell-Cell Contact","PMC2431087; PMID:  8892633,PMID:  8896607"
"Classical Monocytes","MAIT / CD161-like T cells","ALCAM","CD6",0.00592054258164307,0,"ALCAM_CD6","ALCAM - CD6","ALCAM","Cell-Cell Contact","KEGG: hsa04514"
"MAIT / CD161-like T cells","Classical Monocytes","CD6","ALCAM",0.00592054258164307,0,"CD6_ALCAM","CD6 - ALCAM","CD6","Cell-Cell Contact","PMID: 23602662"
"Platelets","Naive B cells","ICAM2","ITGAM_ITGB2",0.00589996146963341,0,"ICAM2_ITGAM_ITGB2","ICAM2 - (ITGAM+ITGB2)","ICAM","Cell-Cell Contact","KEGG: hsa04514"
"Gamma-delta Cytotoxic T cells","NK-like cells","ITGB2","CD226",0.00589953956942194,0.03,"ITGB2_CD226","ITGB2 - CD226","ITGB2","Cell-Cell Contact","KEGG: hsa04514"
"Monocytes","Classical Monocytes","ITGB2","ICAM2",0.00587785062765521,0,"ITGB2_ICAM2","ITGB2 - ICAM2","ITGB2","Cell-Cell Contact","KEGG: hsa04514"
"Conventional Dendritic Cells","Gamma-delta Cytotoxic T cells","SELPLG","SELL",0.00586679863513327,0,"SELPLG_SELL","SELPLG - SELL","SELPLG","Cell-Cell Contact","PMC2431087; PMID:  8892633,PMID:  8896607"
"Naive B cells","Classical Monocytes","SEMA4D","PLXNB2",0.00586677299547698,0,"SEMA4D_PLXNB2","SEMA4D - PLXNB2","SEMA4","Cell-Cell Contact","PMID: 27533782"
"NK cells","C1Q+ Monocytes","IL16","CD4",0.00585924533566445,0,"IL16_CD4","IL16 - CD4","IL16","Secreted Signaling","KEGG: hsa04060"
"Plasma cells","Monocytes","TGFB1","ACVR1_TGFbR",0.00585218544689905,0,"TGFB1_ACVR1_TGFBR1","TGFB1 - (ACVR1+TGFBR1)","TGFb","Secreted Signaling","PMID: 29376829"
"NK cells","C1Q+ Monocytes","ICAM2","ITGAL_ITGB2",0.00583838298232061,0,"ICAM2_ITGAL_ITGB2","ICAM2 - (ITGAL+ITGB2)","ICAM","Cell-Cell Contact","KEGG: hsa04514"
"Gamma-delta Cytotoxic T cells","Naive CD4 T cells","ICOSLG","CD28",0.00583173787164541,0,"ICOSL_CD28","ICOSL - CD28","ICOS","Cell-Cell Contact","KEGG: hsa04514"
"Myeloid cells","NK-like cells","CLEC2B","KLRB1",0.00582906508423059,0,"CLEC2B_KLRB1","CLEC2B - KLRB1","CLEC","Cell-Cell Contact","PMID: 24223577"
"MAIT / CD161-like T cells","Monocytes","SEMA4D","PLXNB2",0.00582047567388297,0,"SEMA4D_PLXNB2","SEMA4D - PLXNB2","SEMA4","Cell-Cell Contact","PMID: 27533782"
"Conventional Dendritic Cells","Conventional Dendritic Cells","CD22","PTPRC",0.00581974205898327,0,"CD22_PTPRC","CD22 - PTPRC","CD22","Cell-Cell Contact","KEGG: hsa04514"
"Conventional Dendritic Cells","Conventional Dendritic Cells","PTPRC","CD22",0.00581974205898327,0,"PTPRC_CD22","PTPRC - CD22","CD45","Cell-Cell Contact","PMID: 12115612"
"Classical Monocytes","NK cells","RETN","CAP1",0.00580930029376212,0,"RETN_CAP1","RETN - CAP1","RESISTIN","Secreted Signaling","PMID: 30809105"
"Conventional Dendritic Cells","Classical Monocytes","CD22","PTPRC",0.00580655219349106,0,"CD22_PTPRC","CD22 - PTPRC","CD22","Cell-Cell Contact","KEGG: hsa04514"
"Classical Monocytes","Conventional Dendritic Cells","PTPRC","CD22",0.00580655219349106,0,"PTPRC_CD22","PTPRC - CD22","CD45","Cell-Cell Contact","PMID: 12115612"
"MAIT / CD161-like T cells","Naive B cells","ICAM1","ITGAL",0.0058021122721613,0,"ICAM1_ITGAL","ICAM1 - ITGAL","ICAM","Cell-Cell Contact","PMID: 23602662"
"Classical Monocytes","Monocytes","RETN","CAP1",0.00579787605871996,0,"RETN_CAP1","RETN - CAP1","RESISTIN","Secreted Signaling","PMID: 30809105"
"Conventional Dendritic Cells","Monocytes","ITGB2","ICAM2",0.00578739250067553,0,"ITGB2_ICAM2","ITGB2 - ICAM2","ITGB2","Cell-Cell Contact","KEGG: hsa04514"
"Conventional Dendritic Cells","Monocytes","CD22","PTPRC",0.00578698582938823,0,"CD22_PTPRC","CD22 - PTPRC","CD22","Cell-Cell Contact","KEGG: hsa04514"
"Monocytes","Conventional Dendritic Cells","PTPRC","CD22",0.00578698582938823,0,"PTPRC_CD22","PTPRC - CD22","CD45","Cell-Cell Contact","PMID: 12115612"
"Naive CD4 T cells","NK cells","HLA-F","CD8A",0.00577273257884719,0,"HLA-F_CD8A","HLA-F - CD8A","MHC-I","Cell-Cell Contact","KEGG: hsa04514"
"Conventional Dendritic Cells","NK-like cells","ICAM1","ITGAX_ITGB2",0.00576595119992879,0,"ICAM1_ITGAX_ITGB2","ICAM1 - (ITGAX+ITGB2)","ICAM","Cell-Cell Contact","PMID: 16252253"
"C1Q+ Monocytes","MAIT / CD161-like T cells","LAMB3","CD44",0.00576594087943517,0,"LAMB3_CD44","LAMB3 - CD44","LAMININ","ECM-Receptor","KEGG: hsa04512"
"Gamma-delta Cytotoxic T cells","Monocytes","HLA-DOB","CD4",0.00574544038866406,0,"HLA-DOB_CD4","HLA-DOB - CD4","MHC-II","Cell-Cell Contact","KEGG: hsa04514"
"Classical Monocytes","C1Q+ Monocytes","LGALS9","HAVCR2",0.00574289414359812,0,"LGALS9_HAVCR2","LGALS9 - HAVCR2","GALECTIN","Secreted Signaling","PMID: 27192565"
"Classical Monocytes","Classical Monocytes","IL16","CD4",0.00573496578376624,0,"IL16_CD4","IL16 - CD4","IL16","Secreted Signaling","KEGG: hsa04060"
"Classical Monocytes","Platelets","RETN","CAP1",0.00573175639924364,0,"RETN_CAP1","RETN - CAP1","RESISTIN","Secreted Signaling","PMID: 30809105"
"NK cells","Naive B cells","ICAM2","ITGAL_ITGB2",0.00571752169683271,0,"ICAM2_ITGAL_ITGB2","ICAM2 - (ITGAL+ITGB2)","ICAM","Cell-Cell Contact","KEGG: hsa04514"
"Conventional Dendritic Cells","Myeloid cells","CD22","PTPRC",0.00571654463864629,0,"CD22_PTPRC","CD22 - PTPRC","CD22","Cell-Cell Contact","KEGG: hsa04514"
"Myeloid cells","Conventional Dendritic Cells","PTPRC","CD22",0.00571654463864629,0,"PTPRC_CD22","PTPRC - CD22","CD45","Cell-Cell Contact","PMID: 12115612"
"MAIT / CD161-like T cells","Monocytes","CD48","CD244",0.00571215021960363,0,"CD48_CD244A","CD48 - CD244A","CD48","Cell-Cell Contact","PMID: 26697006"
"Conventional Dendritic Cells","Plasma cells","CD22","PTPRC",0.00571030950574565,0,"CD22_PTPRC","CD22 - PTPRC","CD22","Cell-Cell Contact","KEGG: hsa04514"
"Plasma cells","Conventional Dendritic Cells","PTPRC","CD22",0.00571030950574565,0,"PTPRC_CD22","PTPRC - CD22","CD45","Cell-Cell Contact","PMID: 12115612"
"MAIT / CD161-like T cells","Classical Monocytes","ICAM1","ITGAM_ITGB2",0.0057047722173528,0,"ICAM1_ITGAM_ITGB2","ICAM1 - (ITGAM+ITGB2)","ICAM","Cell-Cell Contact","KEGG: hsa04514"
"C1Q+ Monocytes","Gamma-delta Cytotoxic T cells","LAMB3","CD44",0.00569221758433171,0,"LAMB3_CD44","LAMB3 - CD44","LAMININ","ECM-Receptor","KEGG: hsa04512"
"Regulatory / Activated CD4 T cells","Myeloid cells","SEMA4D","PLXNB2",0.00568718008321264,0,"SEMA4D_PLXNB2","SEMA4D - PLXNB2","SEMA4","Cell-Cell Contact","PMID: 27533782"
"Naive B cells","Monocytes","IL16","CD4",0.00567020144396007,0,"IL16_CD4","IL16 - CD4","IL16","Secreted Signaling","KEGG: hsa04060"
"Conventional Dendritic Cells","MAIT / CD161-like T cells","COL9A2","CD44",0.00565743997905869,0,"COL9A2_CD44","COL9A2 - CD44","COLLAGEN","ECM-Receptor","KEGG: hsa04512"
"Monocytes","MAIT / CD161-like T cells","ICOSLG","CD28",0.00565484186025435,0,"ICOSL_CD28","ICOSL - CD28","ICOS","Cell-Cell Contact","KEGG: hsa04514"
"Naive CD4 T cells","Myeloid cells","SEMA4D","PLXNB2",0.00564966126196001,0,"SEMA4D_PLXNB2","SEMA4D - PLXNB2","SEMA4","Cell-Cell Contact","PMID: 27533782"
"MAIT / CD161-like T cells","Classical Monocytes","SEMA4D","PLXNB2",0.00564728301429517,0,"SEMA4D_PLXNB2","SEMA4D - PLXNB2","SEMA4","Cell-Cell Contact","PMID: 27533782"
"Platelets","C1Q+ Monocytes","HLA-F","LILRB1",0.00564359134472025,0.01,"HLA-F_LILRB1","HLA-F - LILRB1","MHC-I","Cell-Cell Contact","PMID: 28484462"
"Monocytes","NK-like cells","ICAM1","ITGAM_ITGB2",0.00564161098609708,0,"ICAM1_ITGAM_ITGB2","ICAM1 - (ITGAM+ITGB2)","ICAM","Cell-Cell Contact","KEGG: hsa04514"
"C1Q+ Monocytes","Classical Monocytes","ANXA1","FPR2",0.00562897407199633,0,"ANXA1_FPR2","ANXA1 - FPR2","ANNEXIN","Secreted Signaling","PMID: 23230437"
"Classical Monocytes","MAIT / CD161-like T cells","ICAM1","ITGAL",0.00562873442066334,0,"ICAM1_ITGAL","ICAM1 - ITGAL","ICAM","Cell-Cell Contact","PMID: 23602662"
"Conventional Dendritic Cells","Plasma cells","SELPLG","SELL",0.00562812977032452,0,"SELPLG_SELL","SELPLG - SELL","SELPLG","Cell-Cell Contact","PMC2431087; PMID:  8892633,PMID:  8896607"
"C1Q+ Monocytes","Naive CD4 T cells","LAMB3","CD44",0.0056062404588439,0,"LAMB3_CD44","LAMB3 - CD44","LAMININ","ECM-Receptor","KEGG: hsa04512"
"Naive CD4 T cells","Classical Monocytes","ITGB2","ICAM1",0.00558710106572171,0,"ITGB2_ICAM1","ITGB2 - ICAM1","ITGB2","Cell-Cell Contact","KEGG: hsa04514"
"NK-like cells","Conventional Dendritic Cells","SELPLG","SELL",0.00558581302154133,0,"SELPLG_SELL","SELPLG - SELL","SELPLG","Cell-Cell Contact","PMC2431087; PMID:  8892633,PMID:  8896607"
"Conventional Dendritic Cells","MAIT / CD161-like T cells","LAMB3","CD44",0.00558552051234541,0,"LAMB3_CD44","LAMB3 - CD44","LAMININ","ECM-Receptor","KEGG: hsa04512"
"Conventional Dendritic Cells","Gamma-delta Cytotoxic T cells","COL9A2","CD44",0.00558509618290335,0,"COL9A2_CD44","COL9A2 - CD44","COLLAGEN","ECM-Receptor","KEGG: hsa04512"
"C1Q+ Monocytes","C1Q+ Monocytes","SEMA4D","PLXNB2",0.00558436969150411,0,"SEMA4D_PLXNB2","SEMA4D - PLXNB2","SEMA4","Cell-Cell Contact","PMID: 27533782"
"Conventional Dendritic Cells","Conventional Dendritic Cells","IL1B","IL1R2",0.00558380143694517,0,"IL1B_IL1R2","IL1B - IL1R2","IL1","Secreted Signaling","KEGG: hsa04060"
"Conventional Dendritic Cells","Regulatory / Activated CD4 T cells","ICAM1","ITGAL",0.00558360081405758,0,"ICAM1_ITGAL","ICAM1 - ITGAL","ICAM","Cell-Cell Contact","PMID: 23602662"
"MAIT / CD161-like T cells","Classical Monocytes","SELPLG","SELL",0.00557798021515498,0,"SELPLG_SELL","SELPLG - SELL","SELPLG","Cell-Cell Contact","PMC2431087; PMID:  8892633,PMID:  8896607"
"NK cells","Monocytes","IL16","CD4",0.00556469529081962,0,"IL16_CD4","IL16 - CD4","IL16","Secreted Signaling","KEGG: hsa04060"
"Conventional Dendritic Cells","Naive B cells","CD69","KLRB1",0.00555843152053296,0,"CLEC2C_KLRB1","CLEC2C - KLRB1","CLEC","Cell-Cell Contact","PMID: 24223577"
"Monocytes","Monocytes","SEMA4D","PLXNB2",0.00554172788342901,0,"SEMA4D_PLXNB2","SEMA4D - PLXNB2","SEMA4","Cell-Cell Contact","PMID: 27533782"
"Myeloid cells","Myeloid cells","SEMA4D","PLXNB2",0.00554146142662959,0,"SEMA4D_PLXNB2","SEMA4D - PLXNB2","SEMA4","Cell-Cell Contact","PMID: 27533782"
"Conventional Dendritic Cells","C1Q+ Monocytes","ICAM1","ITGAM_ITGB2",0.00552607430230276,0,"ICAM1_ITGAM_ITGB2","ICAM1 - (ITGAM+ITGB2)","ICAM","Cell-Cell Contact","KEGG: hsa04514"
"Myeloid cells","C1Q+ Monocytes","ICAM1","ITGAL",0.00551501035587969,0,"ICAM1_ITGAL","ICAM1 - ITGAL","ICAM","Cell-Cell Contact","PMID: 23602662"
"Conventional Dendritic Cells","Gamma-delta Cytotoxic T cells","LAMB3","CD44",0.0055140912773009,0,"LAMB3_CD44","LAMB3 - CD44","LAMININ","ECM-Receptor","KEGG: hsa04512"
"Classical Monocytes","Regulatory / Activated CD4 T cells","ICAM1","ITGAL_ITGB2",0.00550831582157064,0,"ICAM1_ITGAL_ITGB2","ICAM1 - (ITGAL+ITGB2)","ICAM","Cell-Cell Contact","KEGG: hsa04514"
"Conventional Dendritic Cells","Naive CD4 T cells","COL9A2","CD44",0.00550072810316222,0,"COL9A2_CD44","COL9A2 - CD44","COLLAGEN","ECM-Receptor","KEGG: hsa04512"
"Classical Monocytes","NK cells","LAMB3","CD44",0.00549695802470006,0,"LAMB3_CD44","LAMB3 - CD44","LAMININ","ECM-Receptor","KEGG: hsa04512"
"Myeloid cells","Conventional Dendritic Cells","IL16","CD4",0.00548899183725928,0.04,"IL16_CD4","IL16 - CD4","IL16","Secreted Signaling","KEGG: hsa04060"
"MAIT / CD161-like T cells","Naive B cells","LCK","CD8 receptor",0.00548387702041234,0,"LCK_CD8A_CD8B1","LCK - (CD8A+CD8B1)","LCK","Cell-Cell Contact","PMID: 25427562"
"NK-like cells","Regulatory / Activated CD4 T cells","ITGB2","CD226",0.0054827099762699,0.02,"ITGB2_CD226","ITGB2 - CD226","ITGB2","Cell-Cell Contact","KEGG: hsa04514"
"Classical Monocytes","Classical Monocytes","ITGB2","ICAM2",0.00548166306403774,0,"ITGB2_ICAM2","ITGB2 - ICAM2","ITGB2","Cell-Cell Contact","KEGG: hsa04514"
"Monocytes","Classical Monocytes","ANXA1","FPR2",0.0054796633168831,0,"ANXA1_FPR2","ANXA1 - FPR2","ANNEXIN","Secreted Signaling","PMID: 23230437"
"Naive CD4 T cells","Platelets","ITGB2","ICAM2",0.00547815712431135,0.03,"ITGB2_ICAM2","ITGB2 - ICAM2","ITGB2","Cell-Cell Contact","KEGG: hsa04514"
"Regulatory / Activated CD4 T cells","Gamma-delta Cytotoxic T cells","SEMA4D","CD72",0.00546813349482333,0,"SEMA4D_CD72","SEMA4D - CD72","SEMA4","Cell-Cell Contact","PMID: 22325954"
"Monocytes","NK cells","ICAM2","ITGAL_ITGB2",0.00546768181406798,0,"ICAM2_ITGAL_ITGB2","ICAM2 - (ITGAL+ITGB2)","ICAM","Cell-Cell Contact","KEGG: hsa04514"
"C1Q+ Monocytes","MAIT / CD161-like T cells","BAG6","NCR3",0.00545704975435355,0,"BAG6_NCR3-PS","BAG6 - NCR3-PS","BAG","Secreted Signaling","PMID: 30021652"
"Gamma-delta Cytotoxic T cells","NK cells","HLA-F","KIR3DL2",0.00545532005898039,0,"HLA-F_KIR3DL2","HLA-F - KIR3DL2","MHC-I","Cell-Cell Contact","PMID: 28484462"
"NK cells","Regulatory / Activated CD4 T cells","ITGB2","ICAM2",0.00545417777174931,0,"ITGB2_ICAM2","ITGB2 - ICAM2","ITGB2","Cell-Cell Contact","KEGG: hsa04514"
"Conventional Dendritic Cells","Regulatory / Activated CD4 T cells","HLA-DQA2","CD4",0.00545341844895266,0,"HLA-DQA2_CD4","HLA-DQA2 - CD4","MHC-II","Cell-Cell Contact","KEGG: hsa04514"
"Naive CD4 T cells","Monocytes","CD48","CD244",0.00544806278280468,0,"CD48_CD244A","CD48 - CD244A","CD48","Cell-Cell Contact","PMID: 26697006"
"Monocytes","Classical Monocytes","ENTPD1","ADORA2B",0.00544247155036454,0,"ENTPD1_ADORA2B","ENTPD1 - ADORA2B","CD39","Cell-Cell Contact","PMID: 21677139"
"Naive CD4 T cells","C1Q+ Monocytes","ICAM2","ITGAL_ITGB2",0.00544191289147982,0,"ICAM2_ITGAL_ITGB2","ICAM2 - (ITGAL+ITGB2)","ICAM","Cell-Cell Contact","KEGG: hsa04514"
"Naive CD4 T cells","Gamma-delta Cytotoxic T cells","SEMA4D","CD72",0.00543205184836078,0,"SEMA4D_CD72","SEMA4D - CD72","SEMA4","Cell-Cell Contact","PMID: 22325954"
"Conventional Dendritic Cells","Naive CD4 T cells","LAMB3","CD44",0.00543078993503658,0,"LAMB3_CD44","LAMB3 - CD44","LAMININ","ECM-Receptor","KEGG: hsa04512"
"Conventional Dendritic Cells","MAIT / CD161-like T cells","CXCL16","CXCR6",0.00542242758747116,0,"CXCL16_CXCR6","CXCL16 - CXCR6","CXCL","Secreted Signaling","KEGG: hsa04060"
"Monocytes","Gamma-delta Cytotoxic T cells","SELPLG","SELL",0.00541865810659427,0,"SELPLG_SELL","SELPLG - SELL","SELPLG","Cell-Cell Contact","PMC2431087; PMID:  8892633,PMID:  8896607"
"Classical Monocytes","Classical Monocytes","GRN","SORT1",0.00541653846134711,0,"GRN_SORT1","GRN - SORT1","GRN","Secreted Signaling","PMID: 29555433"
"Monocytes","C1Q+ Monocytes","RETN","CAP1",0.00541151773485343,0,"RETN_CAP1","RETN - CAP1","RESISTIN","Secreted Signaling","PMID: 30809105"
"Monocytes","Regulatory / Activated CD4 T cells","ITGB2","ICAM2",0.00540502052523467,0,"ITGB2_ICAM2","ITGB2 - ICAM2","ITGB2","Cell-Cell Contact","KEGG: hsa04514"
"Gamma-delta Cytotoxic T cells","Conventional Dendritic Cells","LGALS9","HAVCR2",0.0054025615655987,0,"LGALS9_HAVCR2","LGALS9 - HAVCR2","GALECTIN","Secreted Signaling","PMID: 27192565"
"Platelets","Regulatory / Activated CD4 T cells","ICAM2","ITGAL_ITGB2",0.00540089978481039,0,"ICAM2_ITGAL_ITGB2","ICAM2 - (ITGAL+ITGB2)","ICAM","Cell-Cell Contact","KEGG: hsa04514"
"Regulatory / Activated CD4 T cells","Classical Monocytes","NAMPT","INSR",0.00539615179754941,0,"NAMPT_INSR","NAMPT - INSR","VISFATIN","Secreted Signaling","PMID: 28490838"
"Classical Monocytes","MAIT / CD161-like T cells","ICOSLG","CD28",0.00539563186294703,0,"ICOSL_CD28","ICOSL - CD28","ICOS","Cell-Cell Contact","KEGG: hsa04514"
"C1Q+ Monocytes","Classical Monocytes","ITGB2","ICAM2",0.00538668787739232,0,"ITGB2_ICAM2","ITGB2 - ICAM2","ITGB2","Cell-Cell Contact","KEGG: hsa04514"
"NK cells","NK cells","ICAM2","ITGAM_ITGB2",0.00537877904587528,0,"ICAM2_ITGAM_ITGB2","ICAM2 - (ITGAM+ITGB2)","ICAM","Cell-Cell Contact","KEGG: hsa04514"
"Monocytes","Classical Monocytes","SEMA4D","PLXNB2",0.00537678471731166,0,"SEMA4D_PLXNB2","SEMA4D - PLXNB2","SEMA4","Cell-Cell Contact","PMID: 27533782"
"Monocytes","Classical Monocytes","GRN","SORT1",0.00537554365055151,0,"GRN_SORT1","GRN - SORT1","GRN","Secreted Signaling","PMID: 29555433"
"Gamma-delta Cytotoxic T cells","Monocytes","TGFB1","ACVR1_TGFbR",0.0053562954978464,0,"TGFB1_ACVR1_TGFBR1","TGFB1 - (ACVR1+TGFBR1)","TGFb","Secreted Signaling","PMID: 29376829"
"Conventional Dendritic Cells","Classical Monocytes","ANXA1","FPR2",0.00534565365649974,0,"ANXA1_FPR2","ANXA1 - FPR2","ANNEXIN","Secreted Signaling","PMID: 23230437"
"Monocytes","Conventional Dendritic Cells","IL1B","IL1R1_IL1RAP",0.00533132974911938,0,"IL1B_IL1R1_IL1RAP","IL1B - (IL1R1+IL1RAP)","IL1","Secreted Signaling","KEGG: hsa04060"
"Naive CD4 T cells","Naive B cells","ICAM2","ITGAL_ITGB2",0.00532921499996549,0,"ICAM2_ITGAL_ITGB2","ICAM2 - (ITGAL+ITGB2)","ICAM","Cell-Cell Contact","KEGG: hsa04514"
"Myeloid cells","Gamma-delta Cytotoxic T cells","SEMA4D","CD72",0.0053279972421956,0,"SEMA4D_CD72","SEMA4D - CD72","SEMA4","Cell-Cell Contact","PMID: 22325954"
"C1Q+ Monocytes","Conventional Dendritic Cells","HLA-DMB","CD4",0.00532495120484075,0,"HLA-DMB_CD4","HLA-DMB - CD4","MHC-II","Cell-Cell Contact","KEGG: hsa04514"
"C1Q+ Monocytes","Plasma cells","LAMB3","CD44",0.00532458577249278,0,"LAMB3_CD44","LAMB3 - CD44","LAMININ","ECM-Receptor","KEGG: hsa04512"
"Regulatory / Activated CD4 T cells","Monocytes","CD48","CD244",0.00532420392262966,0,"CD48_CD244A","CD48 - CD244A","CD48","Cell-Cell Contact","PMID: 26697006"
"Myeloid cells","MAIT / CD161-like T cells","HLA-F","CD8A",0.00532027183233133,0,"HLA-F_CD8A","HLA-F - CD8A","MHC-I","Cell-Cell Contact","KEGG: hsa04514"
"C1Q+ Monocytes","C1Q+ Monocytes","ICAM2","ITGAM_ITGB2",0.00531169588577472,0,"ICAM2_ITGAM_ITGB2","ICAM2 - (ITGAM+ITGB2)","ICAM","Cell-Cell Contact","KEGG: hsa04514"
"Naive B cells","Naive CD4 T cells","LCK","CD8 receptor",0.00530623562289111,0,"LCK_CD8A_CD8B1","LCK - (CD8A+CD8B1)","LCK","Cell-Cell Contact","PMID: 25427562"
"Plasma cells","Naive CD4 T cells","HLA-F","CD8A",0.0053034768182271,0,"HLA-F_CD8A","HLA-F - CD8A","MHC-I","Cell-Cell Contact","KEGG: hsa04514"
"Classical Monocytes","Regulatory / Activated CD4 T cells","ALCAM","CD6",0.00528978818327602,0,"ALCAM_CD6","ALCAM - CD6","ALCAM","Cell-Cell Contact","KEGG: hsa04514"
"Regulatory / Activated CD4 T cells","Classical Monocytes","CD6","ALCAM",0.00528978818327602,0,"CD6_ALCAM","CD6 - ALCAM","CD6","Cell-Cell Contact","PMID: 23602662"
"Myeloid cells","Regulatory / Activated CD4 T cells","HLA-DMB","CD4",0.00527715802850376,0,"HLA-DMB_CD4","HLA-DMB - CD4","MHC-II","Cell-Cell Contact","KEGG: hsa04514"
"Myeloid cells","Classical Monocytes","THBS1","SDC4",0.00526699195792731,0,"THBS1_SDC4","THBS1 - SDC4","THBS","ECM-Receptor","KEGG: hsa04512"
"C1Q+ Monocytes","Naive B cells","LAMB3","CD44",0.00525681484977186,0,"LAMB3_CD44","LAMB3 - CD44","LAMININ","ECM-Receptor","KEGG: hsa04512"
"Myeloid cells","Naive CD4 T cells","ICOSLG","ICOS",0.00525676323778782,0,"ICOSL_ICOS","ICOSL - ICOS","ICOS","Cell-Cell Contact","PMID: 23954143"
"Conventional Dendritic Cells","MAIT / CD161-like T cells","ICOSLG","CD28",0.00525345285131054,0,"ICOSL_CD28","ICOSL - CD28","ICOS","Cell-Cell Contact","KEGG: hsa04514"
"MAIT / CD161-like T cells","Monocytes","ICAM1","ITGAM_ITGB2",0.00524392059824608,0,"ICAM1_ITGAM_ITGB2","ICAM1 - (ITGAM+ITGB2)","ICAM","Cell-Cell Contact","KEGG: hsa04514"
"MAIT / CD161-like T cells","NK-like cells","ICAM1","ITGAL_ITGB2",0.00523952391567327,0,"ICAM1_ITGAL_ITGB2","ICAM1 - (ITGAL+ITGB2)","ICAM","Cell-Cell Contact","KEGG: hsa04514"
"Conventional Dendritic Cells","Plasma cells","COL9A2","CD44",0.00522434645441249,0,"COL9A2_CD44","COL9A2 - CD44","COLLAGEN","ECM-Receptor","KEGG: hsa04512"
"Plasma cells","Monocytes","CD48","CD244",0.00521681097744055,0,"CD48_CD244A","CD48 - CD244A","CD48","Cell-Cell Contact","PMID: 26697006"
"Conventional Dendritic Cells","Regulatory / Activated CD4 T cells","SELPLG","SELL",0.00521449571096865,0,"SELPLG_SELL","SELPLG - SELL","SELPLG","Cell-Cell Contact","PMC2431087; PMID:  8892633,PMID:  8896607"
"Regulatory / Activated CD4 T cells","Classical Monocytes","SELPLG","SELL",0.0052130751058652,0,"SELPLG_SELL","SELPLG - SELL","SELPLG","Cell-Cell Contact","PMC2431087; PMID:  8892633,PMID:  8896607"
"Plasma cells","Regulatory / Activated CD4 T cells","CLEC2D","KLRB1",0.00521063579939119,0,"CLEC2D_KLRB1","CLEC2D - KLRB1","CLEC","Cell-Cell Contact","PMID: 24223577"
"Monocytes","Plasma cells","SELPLG","SELL",0.00519812484519579,0,"SELPLG_SELL","SELPLG - SELL","SELPLG","Cell-Cell Contact","PMC2431087; PMID:  8892633,PMID:  8896607"
"C1Q+ Monocytes","Myeloid cells","ICAM1","ITGAM_ITGB2",0.00519568141855028,0,"ICAM1_ITGAM_ITGB2","ICAM1 - (ITGAM+ITGB2)","ICAM","Cell-Cell Contact","KEGG: hsa04514"
"Gamma-delta Cytotoxic T cells","Monocytes","LGALS9","HAVCR2",0.00519480148208404,0,"LGALS9_HAVCR2","LGALS9 - HAVCR2","GALECTIN","Secreted Signaling","PMID: 27192565"
"Myeloid cells","C1Q+ Monocytes","ITGB2","ICAM1",0.00516757439172599,0,"ITGB2_ICAM1","ITGB2 - ICAM1","ITGB2","Cell-Cell Contact","KEGG: hsa04514"
"Conventional Dendritic Cells","NK cells","IL18","IL18R1_IL18RAP",0.00516455273870896,0,"IL18_IL18R1_IL18RAP","IL18 - (IL18R1+IL18RAP)","IL1","Secreted Signaling","KEGG: hsa04060"
"MAIT / CD161-like T cells","Classical Monocytes","NAMPT","INSR",0.00515956076943868,0,"NAMPT_INSR","NAMPT - INSR","VISFATIN","Secreted Signaling","PMID: 28490838"
"Conventional Dendritic Cells","Plasma cells","LAMB3","CD44",0.00515790407339734,0,"LAMB3_CD44","LAMB3 - CD44","LAMININ","ECM-Receptor","KEGG: hsa04512"
"Conventional Dendritic Cells","Naive B cells","COL9A2","CD44",0.00515784475430494,0,"COL9A2_CD44","COL9A2 - CD44","COLLAGEN","ECM-Receptor","KEGG: hsa04512"
"Classical Monocytes","Naive CD4 T cells","HLA-DMA","CD4",0.00514045415415027,0,"HLA-DMA_CD4","HLA-DMA - CD4","MHC-II","Cell-Cell Contact","KEGG: hsa04514"
"Monocytes","Myeloid cells","TNF","TNFRSF1B",0.00513144542724773,0,"TNF_TNFRSF1B","TNF - TNFRSF1B","TNF","Secreted Signaling","KEGG: hsa04060"
"Classical Monocytes","NK-like cells","ICAM1","ITGAM_ITGB2",0.0051123789894195,0,"ICAM1_ITGAM_ITGB2","ICAM1 - (ITGAM+ITGB2)","ICAM","Cell-Cell Contact","KEGG: hsa04514"
"Conventional Dendritic Cells","Naive B cells","LAMB3","CD44",0.00509224380157753,0,"LAMB3_CD44","LAMB3 - CD44","LAMININ","ECM-Receptor","KEGG: hsa04512"
"Regulatory / Activated CD4 T cells","Monocytes","NAMPT","INSR",0.00508960449913357,0,"NAMPT_INSR","NAMPT - INSR","VISFATIN","Secreted Signaling","PMID: 28490838"
"MAIT / CD161-like T cells","Regulatory / Activated CD4 T cells","ITGB2","CD226",0.00508870392050146,0.04,"ITGB2_CD226","ITGB2 - CD226","ITGB2","Cell-Cell Contact","KEGG: hsa04514"
"Platelets","Conventional Dendritic Cells","SEMA4D","CD72",0.00508459894662602,0,"SEMA4D_CD72","SEMA4D - CD72","SEMA4","Cell-Cell Contact","PMID: 22325954"
"Monocytes","NK-like cells","ICAM1","ITGAX_ITGB2",0.00508104414928737,0,"ICAM1_ITGAX_ITGB2","ICAM1 - (ITGAX+ITGB2)","ICAM","Cell-Cell Contact","PMID: 16252253"
"Myeloid cells","C1Q+ Monocytes","ICAM1","SPN",0.00507847641013079,0,"ICAM1_SPN","ICAM1 - SPN","ICAM","Cell-Cell Contact","PMID: 1683685"
"Gamma-delta Cytotoxic T cells","C1Q+ Monocytes","HLA-DRB5","CD4",0.00505912161113401,0,"HLA-DRB5_CD4","HLA-DRB5 - CD4","MHC-II","Cell-Cell Contact","KEGG: hsa04514"
"Platelets","Conventional Dendritic Cells","SEMA4D","PLXNB2",0.00505172801797489,0,"SEMA4D_PLXNB2","SEMA4D - PLXNB2","SEMA4","Cell-Cell Contact","PMID: 27533782"
"NK cells","Classical Monocytes","ICAM2","ITGAM_ITGB2",0.00505141801759169,0,"ICAM2_ITGAM_ITGB2","ICAM2 - (ITGAM+ITGB2)","ICAM","Cell-Cell Contact","KEGG: hsa04514"
"Gamma-delta Cytotoxic T cells","C1Q+ Monocytes","HLA-DOA","CD4",0.00504679004043302,0,"HLA-DOA_CD4","HLA-DOA - CD4","MHC-II","Cell-Cell Contact","KEGG: hsa04514"
"Gamma-delta Cytotoxic T cells","Conventional Dendritic Cells","HLA-DOB","CD4",0.00504081585619582,0,"HLA-DOB_CD4","HLA-DOB - CD4","MHC-II","Cell-Cell Contact","KEGG: hsa04514"
"Classical Monocytes","Regulatory / Activated CD4 T cells","ITGB2","ICAM2",0.00504054176020142,0,"ITGB2_ICAM2","ITGB2 - ICAM2","ITGB2","Cell-Cell Contact","KEGG: hsa04514"
"Conventional Dendritic Cells","Monocytes","ICAM1","ITGAL",0.00503186290847012,0,"ICAM1_ITGAL","ICAM1 - ITGAL","ICAM","Cell-Cell Contact","PMID: 23602662"
"Naive CD4 T cells","NK cells","ICAM2","ITGAM_ITGB2",0.00501336212835459,0,"ICAM2_ITGAM_ITGB2","ICAM2 - (ITGAM+ITGB2)","ICAM","Cell-Cell Contact","KEGG: hsa04514"
"Platelets","NK-like cells","ICAM2","ITGAM_ITGB2",0.00501264508241674,0,"ICAM2_ITGAM_ITGB2","ICAM2 - (ITGAM+ITGB2)","ICAM","Cell-Cell Contact","KEGG: hsa04514"
"NK cells","Conventional Dendritic Cells","ITGB2","ICAM2",0.00500641586664495,0.01,"ITGB2_ICAM2","ITGB2 - ICAM2","ITGB2","Cell-Cell Contact","KEGG: hsa04514"
"Conventional Dendritic Cells","Classical Monocytes","HLA-DQA2","CD4",0.00500495830931741,0,"HLA-DQA2_CD4","HLA-DQA2 - CD4","MHC-II","Cell-Cell Contact","KEGG: hsa04514"
"Myeloid cells","Monocytes","ICAM1","ITGAL_ITGB2",0.00499841456275711,0,"ICAM1_ITGAL_ITGB2","ICAM1 - (ITGAL+ITGB2)","ICAM","Cell-Cell Contact","KEGG: hsa04514"
"Classical Monocytes","Monocytes","GRN","SORT1",0.00499067484843989,0,"GRN_SORT1","GRN - SORT1","GRN","Secreted Signaling","PMID: 29555433"
"Conventional Dendritic Cells","Naive CD4 T cells","HLA-F","CD8A",0.00497722586812988,0,"HLA-F_CD8A","HLA-F - CD8A","MHC-I","Cell-Cell Contact","KEGG: hsa04514"
"Regulatory / Activated CD4 T cells","Naive CD4 T cells","LCK","CD8 receptor",0.00497390648880424,0,"LCK_CD8A_CD8B1","LCK - (CD8A+CD8B1)","LCK","Cell-Cell Contact","PMID: 25427562"
"Classical Monocytes","Classical Monocytes","ANXA1","FPR2",0.00496629134078607,0,"ANXA1_FPR2","ANXA1 - FPR2","ANNEXIN","Secreted Signaling","PMID: 23230437"
"C1Q+ Monocytes","Myeloid cells","ICAM1","ITGAL_ITGB2",0.00496533457766046,0,"ICAM1_ITGAL_ITGB2","ICAM1 - (ITGAL+ITGB2)","ICAM","Cell-Cell Contact","KEGG: hsa04514"
"Monocytes","Conventional Dendritic Cells","ITGB2","ICAM2",0.00496127406353364,0,"ITGB2_ICAM2","ITGB2 - ICAM2","ITGB2","Cell-Cell Contact","KEGG: hsa04514"
"Naive B cells","Monocytes","ITGB2","ICAM2",0.00495564344016367,0,"ITGB2_ICAM2","ITGB2 - ICAM2","ITGB2","Cell-Cell Contact","KEGG: hsa04514"
"C1Q+ Monocytes","Regulatory / Activated CD4 T cells","ITGB2","ICAM2",0.0049531713675569,0,"ITGB2_ICAM2","ITGB2 - ICAM2","ITGB2","Cell-Cell Contact","KEGG: hsa04514"
"Monocytes","Monocytes","GRN","SORT1",0.0049528871151836,0,"GRN_SORT1","GRN - SORT1","GRN","Secreted Signaling","PMID: 29555433"
"Conventional Dendritic Cells","Conventional Dendritic Cells","ICAM1","ITGAM_ITGB2",0.00495195726211235,0,"ICAM1_ITGAM_ITGB2","ICAM1 - (ITGAM+ITGB2)","ICAM","Cell-Cell Contact","KEGG: hsa04514"
"Classical Monocytes","Platelets","SELPLG","SELP",0.0049505691425351,0,"SELPLG_SELP","SELPLG - SELP","SELPLG","Cell-Cell Contact","PMID: 19118202; PMID: 9829984"
"C1Q+ Monocytes","C1Q+ Monocytes","SEMA4A","PLXNB2",0.0049256625612596,0,"SEMA4A_PLXNB2","SEMA4A - PLXNB2","SEMA4","Cell-Cell Contact","PMID: 27533782"
"Monocytes","Regulatory / Activated CD4 T cells","ICAM1","ITGAL",0.00492024701494022,0,"ICAM1_ITGAL","ICAM1 - ITGAL","ICAM","Cell-Cell Contact","PMID: 23602662"
"Naive B cells","C1Q+ Monocytes","HLA-DQA1","CD4",0.00491735014030389,0,"HLA-DQA1_CD4","HLA-DQA1 - CD4","MHC-II","Cell-Cell Contact","KEGG: hsa04514"
"Plasma cells","Naive B cells","JAM3","ITGAM_ITGB2",0.00491480705546123,0,"JAM3_ITGAM_ITGB2","JAM3 - (ITGAM+ITGB2)","JAM","Cell-Cell Contact","KEGG: hsa04514; PMID: 16118203, PMC2194005"
"Conventional Dendritic Cells","Classical Monocytes","ITGB2","ICAM2",0.00491236795361601,0,"ITGB2_ICAM2","ITGB2 - ICAM2","ITGB2","Cell-Cell Contact","KEGG: hsa04514"
"Conventional Dendritic Cells","Classical Monocytes","GRN","SORT1",0.00490713539554521,0,"GRN_SORT1","GRN - SORT1","GRN","Secreted Signaling","PMID: 29555433"
"MAIT / CD161-like T cells","NK-like cells","TNF","TNFRSF1B",0.00490607518234448,0,"TNF_TNFRSF1B","TNF - TNFRSF1B","TNF","Secreted Signaling","KEGG: hsa04060"
"Monocytes","C1Q+ Monocytes","ICAM1","ITGAM_ITGB2",0.00486952141266443,0,"ICAM1_ITGAM_ITGB2","ICAM1 - (ITGAM+ITGB2)","ICAM","Cell-Cell Contact","KEGG: hsa04514"
"MAIT / CD161-like T cells","Monocytes","NAMPT","INSR",0.00486638809186876,0.01,"NAMPT_INSR","NAMPT - INSR","VISFATIN","Secreted Signaling","PMID: 28490838"
"NK cells","Conventional Dendritic Cells","HLA-F","LILRB1",0.00486182316249295,0.02,"HLA-F_LILRB1","HLA-F - LILRB1","MHC-I","Cell-Cell Contact","PMID: 28484462"
"Myeloid cells","Plasma cells","TNFSF13B","TNFRSF13B",0.0048558139458025,0,"TNFSF13B_TNFRSF13B","TNFSF13B - TNFRSF13B","BAFF","Secreted Signaling","KEGG: hsa04060"
"Myeloid cells","Monocytes","IL1B","IL1R1_IL1RAP",0.00485149261935567,0,"IL1B_IL1R1_IL1RAP","IL1B - (IL1R1+IL1RAP)","IL1","Secreted Signaling","KEGG: hsa04060"
"Platelets","MAIT / CD161-like T cells","HLA-F","CD8A",0.00484550950318191,0,"HLA-F_CD8A","HLA-F - CD8A","MHC-I","Cell-Cell Contact","KEGG: hsa04514"
"Myeloid cells","Classical Monocytes","HLA-DMB","CD4",0.00484312202411676,0,"HLA-DMB_CD4","HLA-DMB - CD4","MHC-II","Cell-Cell Contact","KEGG: hsa04514"
"Myeloid cells","Monocytes","THBS1","SDC4",0.00484055560490924,0,"THBS1_SDC4","THBS1 - SDC4","THBS","ECM-Receptor","KEGG: hsa04512"
"Naive CD4 T cells","Naive CD4 T cells","LCK","CD8 receptor",0.00482098590971384,0,"LCK_CD8A_CD8B1","LCK - (CD8A+CD8B1)","LCK","Cell-Cell Contact","PMID: 25427562"
"Classical Monocytes","Classical Monocytes","RETN","CAP1",0.00481821593988326,0,"RETN_CAP1","RETN - CAP1","RESISTIN","Secreted Signaling","PMID: 30809105"
"Monocytes","Regulatory / Activated CD4 T cells","SELPLG","SELL",0.00481594053130605,0,"SELPLG_SELL","SELPLG - SELL","SELPLG","Cell-Cell Contact","PMC2431087; PMID:  8892633,PMID:  8896607"
"Plasma cells","C1Q+ Monocytes","HLA-DOB","CD4",0.00481291710356775,0,"HLA-DOB_CD4","HLA-DOB - CD4","MHC-II","Cell-Cell Contact","KEGG: hsa04514"
"Gamma-delta Cytotoxic T cells","Monocytes","HLA-DRB5","CD4",0.00480460018099001,0,"HLA-DRB5_CD4","HLA-DRB5 - CD4","MHC-II","Cell-Cell Contact","KEGG: hsa04514"
"Naive CD4 T cells","Monocytes","PECAM1","PECAM1",0.00479858986032366,0,"PECAM1_PECAM1","PECAM1 - PECAM1","PECAM1","Cell-Cell Contact","KEGG: hsa04514"
"Monocytes","Naive CD4 T cells","PECAM1","PECAM1",0.00479858986032366,0,"PECAM1_PECAM1","PECAM1 - PECAM1","PECAM1","Cell-Cell Contact","KEGG: hsa04514"
"Gamma-delta Cytotoxic T cells","Monocytes","HLA-DOA","CD4",0.00479288601575416,0,"HLA-DOA_CD4","HLA-DOA - CD4","MHC-II","Cell-Cell Contact","KEGG: hsa04514"
"NK-like cells","Myeloid cells","SEMA4D","PLXNB2",0.00479063269633224,0,"SEMA4D_PLXNB2","SEMA4D - PLXNB2","SEMA4","Cell-Cell Contact","PMID: 27533782"
"Monocytes","NK-like cells","LAMB3","CD44",0.00478292146859853,0,"LAMB3_CD44","LAMB3 - CD44","LAMININ","ECM-Receptor","KEGG: hsa04512"
"C1Q+ Monocytes","Myeloid cells","ICAM1","ITGAL",0.00477097172644901,0,"ICAM1_ITGAL","ICAM1 - ITGAL","ICAM","Cell-Cell Contact","PMID: 23602662"
"MAIT / CD161-like T cells","Monocytes","SELPLG","SELL",0.0047605954276221,0,"SELPLG_SELL","SELPLG - SELL","SELPLG","Cell-Cell Contact","PMC2431087; PMID:  8892633,PMID:  8896607"
"C1Q+ Monocytes","Conventional Dendritic Cells","ICAM2","ITGAM_ITGB2",0.00475974453115449,0,"ICAM2_ITGAM_ITGB2","ICAM2 - (ITGAM+ITGB2)","ICAM","Cell-Cell Contact","KEGG: hsa04514"
"Plasma cells","NK cells","HLA-F","KIR3DL1",0.00475496551046686,0,"HLA-F_KIR3DL1","HLA-F - KIR3DL1","MHC-I","Cell-Cell Contact","PMID: 28484462"
"Gamma-delta Cytotoxic T cells","Monocytes","CD48","CD244",0.00475409368414065,0,"CD48_CD244A","CD48 - CD244A","CD48","Cell-Cell Contact","PMID: 26697006"
"Plasma cells","Classical Monocytes","NAMPT","INSR",0.00475356575358212,0,"NAMPT_INSR","NAMPT - INSR","VISFATIN","Secreted Signaling","PMID: 28490838"
"Naive CD4 T cells","Classical Monocytes","PECAM1","PECAM1",0.00472657303634748,0,"PECAM1_PECAM1","PECAM1 - PECAM1","PECAM1","Cell-Cell Contact","KEGG: hsa04514"
"Classical Monocytes","Naive CD4 T cells","PECAM1","PECAM1",0.00472657303634748,0,"PECAM1_PECAM1","PECAM1 - PECAM1","PECAM1","Cell-Cell Contact","KEGG: hsa04514"
"MAIT / CD161-like T cells","C1Q+ Monocytes","ICAM1","ITGAL",0.00472441137916527,0,"ICAM1_ITGAL","ICAM1 - ITGAL","ICAM","Cell-Cell Contact","PMID: 23602662"
"Monocytes","MAIT / CD161-like T cells","CXCL16","CXCR6",0.00472061043849904,0,"CXCL16_CXCR6","CXCL16 - CXCR6","CXCL","Secreted Signaling","KEGG: hsa04060"
"Naive CD4 T cells","Classical Monocytes","ICAM2","ITGAM_ITGB2",0.00470813567905328,0,"ICAM2_ITGAM_ITGB2","ICAM2 - (ITGAM+ITGB2)","ICAM","Cell-Cell Contact","KEGG: hsa04514"
"Gamma-delta Cytotoxic T cells","Naive CD4 T cells","ICOSLG","ICOS",0.00468945113682241,0,"ICOSL_ICOS","ICOSL - ICOS","ICOS","Cell-Cell Contact","PMID: 23954143"
"NK cells","Gamma-delta Cytotoxic T cells","IFNG","IFNGR1_IFNGR2",0.00468416907141725,0,"IFNG_IFNGR1_IFNGR2","IFNG - (IFNGR1+IFNGR2)","IFN-II","Secreted Signaling","KEGG: hsa04060"
"Monocytes","C1Q+ Monocytes","SEMA4A","PLXNB2",0.00467780284663953,0,"SEMA4A_PLXNB2","SEMA4A - PLXNB2","SEMA4","Cell-Cell Contact","PMID: 27533782"
"Naive B cells","Monocytes","HLA-DQA1","CD4",0.00466992767206057,0,"HLA-DQA1_CD4","HLA-DQA1 - CD4","MHC-II","Cell-Cell Contact","KEGG: hsa04514"
"Naive B cells","Monocytes","CD48","CD244",0.0046669471775977,0,"CD48_CD244A","CD48 - CD244A","CD48","Cell-Cell Contact","PMID: 26697006"
"Conventional Dendritic Cells","Monocytes","CD48","CD244",0.00465510673412355,0,"CD48_CD244A","CD48 - CD244A","CD48","Cell-Cell Contact","PMID: 26697006"
"C1Q+ Monocytes","Naive B cells","ICAM1","SPN",0.00464860042705485,0,"ICAM1_SPN","ICAM1 - SPN","ICAM","Cell-Cell Contact","PMID: 1683685"
"NK cells","Monocytes","ICAM2","ITGAM_ITGB2",0.0046431001848939,0,"ICAM2_ITGAM_ITGB2","ICAM2 - (ITGAM+ITGB2)","ICAM","Cell-Cell Contact","KEGG: hsa04514"
"Classical Monocytes","NK cells","ICAM2","ITGAL_ITGB2",0.00464077027542085,0,"ICAM2_ITGAL_ITGB2","ICAM2 - (ITGAL+ITGB2)","ICAM","Cell-Cell Contact","KEGG: hsa04514"
"NK cells","NK-like cells","ICAM2","ITGAL_ITGB2",0.00463920490141508,0,"ICAM2_ITGAL_ITGB2","ICAM2 - (ITGAL+ITGB2)","ICAM","Cell-Cell Contact","KEGG: hsa04514"
"Classical Monocytes","Conventional Dendritic Cells","ITGB2","ICAM2",0.00462657942418871,0,"ITGB2_ICAM2","ITGB2 - ICAM2","ITGB2","Cell-Cell Contact","KEGG: hsa04514"
"NK-like cells","Myeloid cells","ITGB2","ICAM1",0.00462413678280507,0.01,"ITGB2_ICAM1","ITGB2 - ICAM1","ITGB2","Cell-Cell Contact","KEGG: hsa04514"
"NK-like cells","Conventional Dendritic Cells","CCL5","CCR1",0.00461185372997031,0,"CCL5_CCR1","CCL5 - CCR1","CCL","Secreted Signaling","KEGG: hsa04060"
"NK-like cells","Gamma-delta Cytotoxic T cells","SEMA4D","CD72",0.00460595743536863,0,"SEMA4D_CD72","SEMA4D - CD72","SEMA4","Cell-Cell Contact","PMID: 22325954"
"Classical Monocytes","NK-like cells","ICAM1","ITGAX_ITGB2",0.00460415469150973,0,"ICAM1_ITGAX_ITGB2","ICAM1 - (ITGAX+ITGB2)","ICAM","Cell-Cell Contact","PMID: 16252253"
"Classical Monocytes","Conventional Dendritic Cells","CD48","CD244",0.00459512027220901,0,"CD48_CD244A","CD48 - CD244A","CD48","Cell-Cell Contact","PMID: 26697006"
"Monocytes","Naive CD4 T cells","HLA-DQA1","CD4",0.00458351320469066,0,"HLA-DQA1_CD4","HLA-DQA1 - CD4","MHC-II","Cell-Cell Contact","KEGG: hsa04514"
"Plasma cells","Monocytes","HLA-DOB","CD4",0.00457072517454251,0,"HLA-DOB_CD4","HLA-DOB - CD4","MHC-II","Cell-Cell Contact","KEGG: hsa04514"
"Monocytes","C1Q+ Monocytes","ICAM2","ITGAL_ITGB2",0.00454695772967242,0,"ICAM2_ITGAL_ITGB2","ICAM2 - (ITGAL+ITGB2)","ICAM","Cell-Cell Contact","KEGG: hsa04514"
"C1Q+ Monocytes","Conventional Dendritic Cells","ITGB2","ICAM2",0.00454635167371214,0.02,"ITGB2_ICAM2","ITGB2 - ICAM2","ITGB2","Cell-Cell Contact","KEGG: hsa04514"
"NK cells","Monocytes","CCL3L3","CCR1",0.00454569620050776,0,"CCL3L3_CCR1","CCL3L3 - CCR1","CCL","Secreted Signaling","KEGG: hsa04060"
"Classical Monocytes","Naive B cells","RETN","CAP1",0.00454222063856507,0,"RETN_CAP1","RETN - CAP1","RESISTIN","Secreted Signaling","PMID: 30809105"
"Plasma cells","Classical Monocytes","COL4A4","ITGAV_ITGB8",0.00453602069244813,0,"COL4A4_ITGAV_ITGB8","COL4A4 - (ITGAV+ITGB8)","COLLAGEN","ECM-Receptor","KEGG: hsa04512"
"Plasma cells","NK cells","HLA-F","CD8A",0.00453412566376766,0,"HLA-F_CD8A","HLA-F - CD8A","MHC-I","Cell-Cell Contact","KEGG: hsa04514"
"MAIT / CD161-like T cells","C1Q+ Monocytes","TNFSF14","TNFRSF14",0.00452873028274467,0,"TNFSF14_TNFRSF14","TNFSF14 - TNFRSF14","LIGHT","Secreted Signaling","KEGG: hsa04060"
"Myeloid cells","Regulatory / Activated CD4 T cells","IL16","CD4",0.00452627711547799,0,"IL16_CD4","IL16 - CD4","IL16","Secreted Signaling","KEGG: hsa04060"
"Naive B cells","Naive CD4 T cells","SELPLG","SELL",0.0045250257404809,0,"SELPLG_SELL","SELPLG - SELL","SELPLG","Cell-Cell Contact","PMC2431087; PMID:  8892633,PMID:  8896607"
"Plasma cells","Myeloid cells","LGALS9","HAVCR2",0.00452153450500725,0,"LGALS9_HAVCR2","LGALS9 - HAVCR2","GALECTIN","Secreted Signaling","PMID: 27192565"
"Conventional Dendritic Cells","Monocytes","GRN","SORT1",0.00452114043508814,0,"GRN_SORT1","GRN - SORT1","GRN","Secreted Signaling","PMID: 29555433"
"Classical Monocytes","NK cells","F11R","ITGAL_ITGB2",0.00451706601968837,0,"JAM1_ITGAL_ITGB2","JAM1 - (ITGAL+ITGB2)","JAM","Cell-Cell Contact","PMID: 11812992"
"Conventional Dendritic Cells","Regulatory / Activated CD4 T cells","ITGB2","ICAM2",0.00451685099240723,0,"ITGB2_ICAM2","ITGB2 - ICAM2","ITGB2","Cell-Cell Contact","KEGG: hsa04514"
"NK-like cells","Monocytes","HLA-F","LILRB1",0.0045156768273243,0,"HLA-F_LILRB1","HLA-F - LILRB1","MHC-I","Cell-Cell Contact","PMID: 28484462"
"Conventional Dendritic Cells","Naive CD4 T cells","IL16","CD4",0.00450561594989472,0,"IL16_CD4","IL16 - CD4","IL16","Secreted Signaling","KEGG: hsa04060"
"MAIT / CD161-like T cells","Conventional Dendritic Cells","SELPLG","SELL",0.00448473789875083,0,"SELPLG_SELL","SELPLG - SELL","SELPLG","Cell-Cell Contact","PMC2431087; PMID:  8892633,PMID:  8896607"
"Plasma cells","Monocytes","NAMPT","INSR",0.00448335825550229,0,"NAMPT_INSR","NAMPT - INSR","VISFATIN","Secreted Signaling","PMID: 28490838"
"Classical Monocytes","Classical Monocytes","THBS1","SDC4",0.00448302531122174,0,"THBS1_SDC4","THBS1 - SDC4","THBS","ECM-Receptor","KEGG: hsa04512"
"Gamma-delta Cytotoxic T cells","Naive CD4 T cells","HLA-F","CD8A",0.0044807761596221,0,"HLA-F_CD8A","HLA-F - CD8A","MHC-I","Cell-Cell Contact","KEGG: hsa04514"
"Myeloid cells","Classical Monocytes","ICAM1","ITGAL_ITGB2",0.00447095969980041,0,"ICAM1_ITGAL_ITGB2","ICAM1 - (ITGAL+ITGB2)","ICAM","Cell-Cell Contact","KEGG: hsa04514"
"Conventional Dendritic Cells","NK cells","HLA-F","KIR3DL1",0.00446230564481617,0,"HLA-F_KIR3DL1","HLA-F - KIR3DL1","MHC-I","Cell-Cell Contact","PMID: 28484462"
"Classical Monocytes","NK-like cells","LGALS9","HAVCR2",0.00446032014064855,0,"LGALS9_HAVCR2","LGALS9 - HAVCR2","GALECTIN","Secreted Signaling","PMID: 27192565"
"Classical Monocytes","Regulatory / Activated CD4 T cells","ICAM1","ITGAL",0.00445838179830575,0,"ICAM1_ITGAL","ICAM1 - ITGAL","ICAM","Cell-Cell Contact","PMID: 23602662"
"Monocytes","Naive B cells","ICAM2","ITGAL_ITGB2",0.00445271070386827,0,"ICAM2_ITGAL_ITGB2","ICAM2 - (ITGAL+ITGB2)","ICAM","Cell-Cell Contact","KEGG: hsa04514"
"Monocytes","Monocytes","CD48","CD244",0.00445032557434003,0,"CD48_CD244A","CD48 - CD244A","CD48","Cell-Cell Contact","PMID: 26697006"
"Regulatory / Activated CD4 T cells","Monocytes","SELPLG","SELL",0.00444892347073538,0,"SELPLG_SELL","SELPLG - SELL","SELPLG","Cell-Cell Contact","PMC2431087; PMID:  8892633,PMID:  8896607"
"Monocytes","Monocytes","ICAM1","ITGAL",0.00443376548950533,0,"ICAM1_ITGAL","ICAM1 - ITGAL","ICAM","Cell-Cell Contact","PMID: 23602662"
"Conventional Dendritic Cells","Myeloid cells","SEMA4A","PLXNB2",0.00442986911742098,0,"SEMA4A_PLXNB2","SEMA4A - PLXNB2","SEMA4","Cell-Cell Contact","PMID: 27533782"
"Monocytes","Classical Monocytes","TNF","TNFRSF1B",0.00441969906825479,0,"TNF_TNFRSF1B","TNF - TNFRSF1B","TNF","Secreted Signaling","KEGG: hsa04060"
"Classical Monocytes","C1Q+ Monocytes","ICAM1","ITGAM_ITGB2",0.00441239671103039,0,"ICAM1_ITGAM_ITGB2","ICAM1 - (ITGAM+ITGB2)","ICAM","Cell-Cell Contact","KEGG: hsa04514"
"C1Q+ Monocytes","Conventional Dendritic Cells","TNF","TNFRSF1B",0.00440077485505539,0,"TNF_TNFRSF1B","TNF - TNFRSF1B","TNF","Secreted Signaling","KEGG: hsa04060"
"Naive B cells","Conventional Dendritic Cells","HLA-F","LILRB1",0.00439987729989504,0.03,"HLA-F_LILRB1","HLA-F - LILRB1","MHC-I","Cell-Cell Contact","PMID: 28484462"
"C1Q+ Monocytes","Regulatory / Activated CD4 T cells","HLA-DMB","CD4",0.00439088055511521,0,"HLA-DMB_CD4","HLA-DMB - CD4","MHC-II","Cell-Cell Contact","KEGG: hsa04514"
"Myeloid cells","Myeloid cells","ICAM1","ITGAX_ITGB2",0.00438868526552923,0,"ICAM1_ITGAX_ITGB2","ICAM1 - (ITGAX+ITGB2)","ICAM","Cell-Cell Contact","PMID: 16252253"
"Classical Monocytes","Myeloid cells","SEMA4D","PLXNB2",0.00437765969679223,0,"SEMA4D_PLXNB2","SEMA4D - PLXNB2","SEMA4","Cell-Cell Contact","PMID: 27533782"
"NK cells","Myeloid cells","SEMA4D","PLXNB2",0.00437302856372812,0,"SEMA4D_PLXNB2","SEMA4D - PLXNB2","SEMA4","Cell-Cell Contact","PMID: 27533782"
"Monocytes","Conventional Dendritic Cells","ICAM1","ITGAM_ITGB2",0.00436331593889408,0,"ICAM1_ITGAM_ITGB2","ICAM1 - (ITGAM+ITGB2)","ICAM","Cell-Cell Contact","KEGG: hsa04514"
"MAIT / CD161-like T cells","C1Q+ Monocytes","ICAM1","SPN",0.00435018259576957,0,"ICAM1_SPN","ICAM1 - SPN","ICAM","Cell-Cell Contact","PMID: 1683685"
"Classical Monocytes","MAIT / CD161-like T cells","CXCL16","CXCR6",0.00434839771786022,0,"CXCL16_CXCR6","CXCL16 - CXCR6","CXCL","Secreted Signaling","KEGG: hsa04060"
"Gamma-delta Cytotoxic T cells","Naive CD4 T cells","IL16","CD4",0.00433363186980269,0,"IL16_CD4","IL16 - CD4","IL16","Secreted Signaling","KEGG: hsa04060"
"Naive CD4 T cells","Monocytes","ICAM2","ITGAM_ITGB2",0.00432744546492018,0,"ICAM2_ITGAM_ITGB2","ICAM2 - (ITGAM+ITGB2)","ICAM","Cell-Cell Contact","KEGG: hsa04514"
"Platelets","C1Q+ Monocytes","ICAM2","ITGAM_ITGB2",0.00432625889910508,0.01,"ICAM2_ITGAM_ITGB2","ICAM2 - (ITGAM+ITGB2)","ICAM","Cell-Cell Contact","KEGG: hsa04514"
"Gamma-delta Cytotoxic T cells","C1Q+ Monocytes","HLA-DQA2","CD4",0.00432414786916179,0,"HLA-DQA2_CD4","HLA-DQA2 - CD4","MHC-II","Cell-Cell Contact","KEGG: hsa04514"
"Naive CD4 T cells","NK-like cells","ICAM2","ITGAL_ITGB2",0.0043238138465269,0,"ICAM2_ITGAL_ITGB2","ICAM2 - (ITGAL+ITGB2)","ICAM","Cell-Cell Contact","KEGG: hsa04514"
"Conventional Dendritic Cells","Classical Monocytes","ICAM1","ITGAL",0.00431714417236641,0,"ICAM1_ITGAL","ICAM1 - ITGAL","ICAM","Cell-Cell Contact","PMID: 23602662"
"NK cells","Plasma cells","IFNG","IFNGR1_IFNGR2",0.00430165811872928,0,"IFNG_IFNGR1_IFNGR2","IFNG - (IFNGR1+IFNGR2)","IFN-II","Secreted Signaling","KEGG: hsa04060"
"Naive B cells","Classical Monocytes","ANXA1","FPR2",0.00429484870456252,0,"ANXA1_FPR2","ANXA1 - FPR2","ANNEXIN","Secreted Signaling","PMID: 23230437"
"MAIT / CD161-like T cells","Myeloid cells","ITGB2","ICAM1",0.00429156444723478,0,"ITGB2_ICAM1","ITGB2 - ICAM1","ITGB2","Cell-Cell Contact","KEGG: hsa04514"
"MAIT / CD161-like T cells","Monocytes","ICAM1","ITGAL_ITGB2",0.0042815528429988,0,"ICAM1_ITGAL_ITGB2","ICAM1 - (ITGAL+ITGB2)","ICAM","Cell-Cell Contact","KEGG: hsa04514"
"Regulatory / Activated CD4 T cells","NK cells","ICAM2","ITGAL_ITGB2",0.00426702710155031,0,"ICAM2_ITGAL_ITGB2","ICAM2 - (ITGAL+ITGB2)","ICAM","Cell-Cell Contact","KEGG: hsa04514"
"Plasma cells","Regulatory / Activated CD4 T cells","ICOSLG","CD28",0.00425854862050457,0,"ICOSL_CD28","ICOSL - CD28","ICOS","Cell-Cell Contact","KEGG: hsa04514"
"Monocytes","Conventional Dendritic Cells","RETN","CAP1",0.0042550148229516,0,"RETN_CAP1","RETN - CAP1","RESISTIN","Secreted Signaling","PMID: 30809105"
"Conventional Dendritic Cells","NK cells","HLA-F","CD8A",0.00425499999539016,0,"HLA-F_CD8A","HLA-F - CD8A","MHC-I","Cell-Cell Contact","KEGG: hsa04514"
"Myeloid cells","C1Q+ Monocytes","HLA-DQA1","CD4",0.00425406137349289,0,"HLA-DQA1_CD4","HLA-DQA1 - CD4","MHC-II","Cell-Cell Contact","KEGG: hsa04514"
"Classical Monocytes","Classical Monocytes","SELPLG","SELL",0.00424110557750374,0,"SELPLG_SELL","SELPLG - SELL","SELPLG","Cell-Cell Contact","PMC2431087; PMID:  8892633,PMID:  8896607"
"NK-like cells","Naive CD4 T cells","SELPLG","SELL",0.0042410474231922,0,"SELPLG_SELL","SELPLG - SELL","SELPLG","Cell-Cell Contact","PMC2431087; PMID:  8892633,PMID:  8896607"
"Plasma cells","Regulatory / Activated CD4 T cells","ICOSLG","ICOS",0.00423422612035452,0,"ICOSL_ICOS","ICOSL - ICOS","ICOS","Cell-Cell Contact","PMID: 23954143"
"NK cells","Regulatory / Activated CD4 T cells","CLEC2D","KLRB1",0.00423365668655582,0,"CLEC2D_KLRB1","CLEC2D - KLRB1","CLEC","Cell-Cell Contact","PMID: 24223577"
"C1Q+ Monocytes","NK-like cells","LAMB3","CD44",0.00422401781343287,0,"LAMB3_CD44","LAMB3 - CD44","LAMININ","ECM-Receptor","KEGG: hsa04512"
"NK cells","Monocytes","CD48","CD244",0.00422369917721811,0,"CD48_CD244A","CD48 - CD244A","CD48","Cell-Cell Contact","PMID: 26697006"
"Gamma-delta Cytotoxic T cells","Conventional Dendritic Cells","HLA-DRB5","CD4",0.00421487175688814,0,"HLA-DRB5_CD4","HLA-DRB5 - CD4","MHC-II","Cell-Cell Contact","KEGG: hsa04514"
"Conventional Dendritic Cells","Monocytes","THBS1","CD36",0.00421344120549271,0,"THBS1_CD36","THBS1 - CD36","THBS","ECM-Receptor","KEGG: hsa04512"
"Classical Monocytes","Gamma-delta Cytotoxic T cells","SEMA4D","CD72",0.00420883690572233,0,"SEMA4D_CD72","SEMA4D - CD72","SEMA4","Cell-Cell Contact","PMID: 22325954"
"Naive B cells","Classical Monocytes","ITGB2","ICAM2",0.00420584316469512,0,"ITGB2_ICAM2","ITGB2 - ICAM2","ITGB2","Cell-Cell Contact","KEGG: hsa04514"
"Gamma-delta Cytotoxic T cells","Conventional Dendritic Cells","HLA-DOA","CD4",0.00420458934240628,0,"HLA-DOA_CD4","HLA-DOA - CD4","MHC-II","Cell-Cell Contact","KEGG: hsa04514"
"NK cells","Gamma-delta Cytotoxic T cells","SEMA4D","CD72",0.00420438361635819,0,"SEMA4D_CD72","SEMA4D - CD72","SEMA4","Cell-Cell Contact","PMID: 22325954"
"NK cells","Classical Monocytes","CCL3L3","CCR1",0.0041978986727181,0,"CCL3L3_CCR1","CCL3L3 - CCR1","CCL","Secreted Signaling","KEGG: hsa04060"
"Regulatory / Activated CD4 T cells","Conventional Dendritic Cells","SELPLG","SELL",0.00419105003637359,0,"SELPLG_SELL","SELPLG - SELL","SELPLG","Cell-Cell Contact","PMC2431087; PMID:  8892633,PMID:  8896607"
"NK cells","MAIT / CD161-like T cells","NCAM1","FGFR1",0.00418905676900613,0,"NCAM1_FGFR1","NCAM1 - FGFR1","NCAM","Cell-Cell Contact","PMID: 12791257"
"Monocytes","NK cells","ICAM2","ITGAM_ITGB2",0.00418858788829505,0,"ICAM2_ITGAM_ITGB2","ICAM2 - (ITGAM+ITGB2)","ICAM","Cell-Cell Contact","KEGG: hsa04514"
"Plasma cells","NK-like cells","JAM3","ITGAM_ITGB2",0.00417502933007563,0,"JAM3_ITGAM_ITGB2","JAM3 - (ITGAM+ITGB2)","JAM","Cell-Cell Contact","KEGG: hsa04514; PMID: 16118203, PMC2194005"
"Plasma cells","Naive B cells","CLEC2B","KLRB1",0.00416984829110887,0,"CLEC2B_KLRB1","CLEC2B - KLRB1","CLEC","Cell-Cell Contact","PMID: 24223577"
"Gamma-delta Cytotoxic T cells","Regulatory / Activated CD4 T cells","HLA-DOB","CD4",0.00415637823801356,0,"HLA-DOB_CD4","HLA-DOB - CD4","MHC-II","Cell-Cell Contact","KEGG: hsa04514"
"Myeloid cells","Classical Monocytes","IL16","CD4",0.00415374171888434,0,"IL16_CD4","IL16 - CD4","IL16","Secreted Signaling","KEGG: hsa04060"
"Monocytes","NK cells","RETN","CAP1",0.00414796249226048,0,"RETN_CAP1","RETN - CAP1","RESISTIN","Secreted Signaling","PMID: 30809105"
"Platelets","Conventional Dendritic Cells","CD226","NECTIN2",0.00414469723078951,0,"CD226_NECTIN2","CD226 - NECTIN2","CD226","Cell-Cell Contact","PMID: 24440149"
"Conventional Dendritic Cells","Platelets","NECTIN2","CD226",0.00414469723078951,0,"NECTIN2_CD226","NECTIN2 - CD226","NECTIN","Cell-Cell Contact","KEGG: hsa04514"
"Conventional Dendritic Cells","NK-like cells","COL9A2","CD44",0.00414441118430133,0,"COL9A2_CD44","COL9A2 - CD44","COLLAGEN","ECM-Receptor","KEGG: hsa04512"
"Monocytes","Monocytes","RETN","CAP1",0.00413979174425267,0,"RETN_CAP1","RETN - CAP1","RESISTIN","Secreted Signaling","PMID: 30809105"
"Regulatory / Activated CD4 T cells","Naive B cells","ALCAM","CD6",0.00413218291975546,0,"ALCAM_CD6","ALCAM - CD6","ALCAM","Cell-Cell Contact","KEGG: hsa04514"
"Naive B cells","Regulatory / Activated CD4 T cells","CD6","ALCAM",0.00413218291975546,0,"CD6_ALCAM","CD6 - ALCAM","CD6","Cell-Cell Contact","PMID: 23602662"
"Monocytes","Myeloid cells","ENTPD1","ADORA2B",0.00412530095065665,0,"ENTPD1_ADORA2B","ENTPD1 - ADORA2B","CD39","Cell-Cell Contact","PMID: 21677139"
"Monocytes","C1Q+ Monocytes","TNF","TNFRSF1B",0.00412461864607758,0,"TNF_TNFRSF1B","TNF - TNFRSF1B","TNF","Secreted Signaling","KEGG: hsa04060"
"Gamma-delta Cytotoxic T cells","Naive B cells","ALCAM","CD6",0.00412330104824219,0,"ALCAM_CD6","ALCAM - CD6","ALCAM","Cell-Cell Contact","KEGG: hsa04514"
"Naive B cells","Gamma-delta Cytotoxic T cells","CD6","ALCAM",0.00412330104824219,0,"CD6_ALCAM","CD6 - ALCAM","CD6","Cell-Cell Contact","PMID: 23602662"
"Classical Monocytes","Monocytes","THBS1","SDC4",0.00411979909597686,0,"THBS1_SDC4","THBS1 - SDC4","THBS","ECM-Receptor","KEGG: hsa04512"
"MAIT / CD161-like T cells","NK cells","TNF","TNFRSF1B",0.00411282552962014,0,"TNF_TNFRSF1B","TNF - TNFRSF1B","TNF","Secreted Signaling","KEGG: hsa04060"
"NK cells","Classical Monocytes","ANXA1","FPR2",0.00411227067177857,0,"ANXA1_FPR2","ANXA1 - FPR2","ANNEXIN","Secreted Signaling","PMID: 23230437"
"Gamma-delta Cytotoxic T cells","Monocytes","HLA-DQA2","CD4",0.00410644992275198,0,"HLA-DQA2_CD4","HLA-DQA2 - CD4","MHC-II","Cell-Cell Contact","KEGG: hsa04514"
"Naive B cells","Regulatory / Activated CD4 T cells","IL16","CD4",0.00410186287604535,0,"IL16_CD4","IL16 - CD4","IL16","Secreted Signaling","KEGG: hsa04060"
"Naive B cells","Conventional Dendritic Cells","HLA-DQA1","CD4",0.00409666123751862,0,"HLA-DQA1_CD4","HLA-DQA1 - CD4","MHC-II","Cell-Cell Contact","KEGG: hsa04514"
"Monocytes","Platelets","RETN","CAP1",0.00409250323664269,0,"RETN_CAP1","RETN - CAP1","RESISTIN","Secreted Signaling","PMID: 30809105"
"Conventional Dendritic Cells","NK-like cells","LAMB3","CD44",0.00409164675125275,0,"LAMB3_CD44","LAMB3 - CD44","LAMININ","ECM-Receptor","KEGG: hsa04512"
"Monocytes","Classical Monocytes","THBS1","SDC4",0.00408949751953592,0,"THBS1_SDC4","THBS1 - SDC4","THBS","ECM-Receptor","KEGG: hsa04512"
"MAIT / CD161-like T cells","NK cells","JAM3","ITGAM_ITGB2",0.00407872547766323,0,"JAM3_ITGAM_ITGB2","JAM3 - (ITGAM+ITGB2)","JAM","Cell-Cell Contact","KEGG: hsa04514; PMID: 16118203, PMC2194005"
"Monocytes","Naive B cells","ALCAM","CD6",0.00407070310254177,0,"ALCAM_CD6","ALCAM - CD6","ALCAM","Cell-Cell Contact","KEGG: hsa04514"
"Naive B cells","Monocytes","CD6","ALCAM",0.00407070310254177,0,"CD6_ALCAM","CD6 - ALCAM","CD6","Cell-Cell Contact","PMID: 23602662"
"Myeloid cells","Monocytes","HLA-DQA1","CD4",0.00403987759444251,0,"HLA-DQA1_CD4","HLA-DQA1 - CD4","MHC-II","Cell-Cell Contact","KEGG: hsa04514"
"C1Q+ Monocytes","Classical Monocytes","HLA-DMB","CD4",0.00402944386960557,0,"HLA-DMB_CD4","HLA-DMB - CD4","MHC-II","Cell-Cell Contact","KEGG: hsa04514"
"NK cells","Regulatory / Activated CD4 T cells","IL16","CD4",0.00402542085555251,0,"IL16_CD4","IL16 - CD4","IL16","Secreted Signaling","KEGG: hsa04060"
"Gamma-delta Cytotoxic T cells","MAIT / CD161-like T cells","BTLA","TNFRSF14",0.00402168479812073,0,"BTLA_TNFRSF14","BTLA - TNFRSF14","BTLA","Secreted Signaling","PMID: 21941365"
"Classical Monocytes","Monocytes","ICAM1","ITGAL",0.00401738208913638,0,"ICAM1_ITGAL","ICAM1 - ITGAL","ICAM","Cell-Cell Contact","PMID: 23602662"
"Gamma-delta Cytotoxic T cells","NK cells","HLA-F","KIR3DL1",0.00401700892573465,0,"HLA-F_KIR3DL1","HLA-F - KIR3DL1","MHC-I","Cell-Cell Contact","PMID: 28484462"
"Naive B cells","Monocytes","CCL3L3","CCR1",0.00401229231891096,0,"CCL3L3_CCR1","CCL3L3 - CCR1","CCL","Secreted Signaling","KEGG: hsa04060"
"Plasma cells","Conventional Dendritic Cells","HLA-DOB","CD4",0.00400958748654579,0,"HLA-DOB_CD4","HLA-DOB - CD4","MHC-II","Cell-Cell Contact","KEGG: hsa04514"
"Naive B cells","Myeloid cells","SEMA4D","PLXNB2",0.00400113286793139,0,"SEMA4D_PLXNB2","SEMA4D - PLXNB2","SEMA4","Cell-Cell Contact","PMID: 27533782"
"Regulatory / Activated CD4 T cells","Classical Monocytes","ANXA1","FPR2",0.00398930142937652,0,"ANXA1_FPR2","ANXA1 - FPR2","ANNEXIN","Secreted Signaling","PMID: 23230437"
"Monocytes","Monocytes","TNF","TNFRSF1B",0.00398454207675635,0,"TNF_TNFRSF1B","TNF - TNFRSF1B","TNF","Secreted Signaling","KEGG: hsa04060"
"MAIT / CD161-like T cells","Classical Monocytes","TNF","TNFRSF1A",0.00397832410412862,0,"TNF_TNFRSF1A","TNF - TNFRSF1A","TNF","Secreted Signaling","KEGG: hsa04060"
"Plasma cells","C1Q+ Monocytes","HLA-DRB5","CD4",0.00395847898826248,0,"HLA-DRB5_CD4","HLA-DRB5 - CD4","MHC-II","Cell-Cell Contact","KEGG: hsa04514"
"Classical Monocytes","Conventional Dendritic Cells","ICAM1","ITGAM_ITGB2",0.00395352231741736,0,"ICAM1_ITGAM_ITGB2","ICAM1 - (ITGAM+ITGB2)","ICAM","Cell-Cell Contact","KEGG: hsa04514"
"MAIT / CD161-like T cells","Naive CD4 T cells","IL16","CD4",0.00394371414449447,0,"IL16_CD4","IL16 - CD4","IL16","Secreted Signaling","KEGG: hsa04060"
"Plasma cells","Platelets","COL4A3","GP6",0.00394001336614438,0,"COL4A3_GP6","COL4A3 - GP6","COLLAGEN","ECM-Receptor","KEGG: hsa04512"
"Monocytes","Classical Monocytes","ICAM2","ITGAM_ITGB2",0.0039333773200017,0,"ICAM2_ITGAM_ITGB2","ICAM2 - (ITGAM+ITGB2)","ICAM","Cell-Cell Contact","KEGG: hsa04514"
"Myeloid cells","Conventional Dendritic Cells","ICAM1","ITGAL_ITGB2",0.00393008806987409,0,"ICAM1_ITGAL_ITGB2","ICAM1 - (ITGAL+ITGB2)","ICAM","Cell-Cell Contact","KEGG: hsa04514"
"Conventional Dendritic Cells","NK cells","ICAM2","ITGAL_ITGB2",0.00391634081037489,0,"ICAM2_ITGAL_ITGB2","ICAM2 - (ITGAL+ITGB2)","ICAM","Cell-Cell Contact","KEGG: hsa04514"
"Myeloid cells","NK cells","ICAM1","ITGAX_ITGB2",0.00390737726972025,0,"ICAM1_ITGAX_ITGB2","ICAM1 - (ITGAX+ITGB2)","ICAM","Cell-Cell Contact","PMID: 16252253"
"MAIT / CD161-like T cells","Naive CD4 T cells","LCK","CD8 receptor",0.00388912532400557,0,"LCK_CD8A_CD8B1","LCK - (CD8A+CD8B1)","LCK","Cell-Cell Contact","PMID: 25427562"
"Platelets","Conventional Dendritic Cells","ICAM2","ITGAM_ITGB2",0.00387630766973051,0.01,"ICAM2_ITGAM_ITGB2","ICAM2 - (ITGAM+ITGB2)","ICAM","Cell-Cell Contact","KEGG: hsa04514"
"NK-like cells","Naive B cells","HLA-F","CD8A",0.00387275231500404,0,"HLA-F_CD8A","HLA-F - CD8A","MHC-I","Cell-Cell Contact","KEGG: hsa04514"
"Naive B cells","Regulatory / Activated CD4 T cells","ITGB2","ICAM2",0.00386699064799936,0.02,"ITGB2_ICAM2","ITGB2 - ICAM2","ITGB2","Cell-Cell Contact","KEGG: hsa04514"
"Plasma cells","MAIT / CD161-like T cells","CD86","CD28",0.00386355341080556,0.01,"CD86_CD28","CD86 - CD28","CD86","Cell-Cell Contact","PMID: 23954143"
"Plasma cells","C1Q+ Monocytes","BTLA","TNFRSF14",0.00386214548490758,0,"BTLA_TNFRSF14","BTLA - TNFRSF14","BTLA","Secreted Signaling","PMID: 21941365"
"Classical Monocytes","C1Q+ Monocytes","ICAM2","ITGAL_ITGB2",0.00385875274957885,0,"ICAM2_ITGAL_ITGB2","ICAM2 - (ITGAL+ITGB2)","ICAM","Cell-Cell Contact","KEGG: hsa04514"
"MAIT / CD161-like T cells","Myeloid cells","SEMA4D","PLXNB2",0.00385117054650882,0,"SEMA4D_PLXNB2","SEMA4D - PLXNB2","SEMA4","Cell-Cell Contact","PMID: 27533782"
"Naive B cells","Gamma-delta Cytotoxic T cells","SEMA4D","CD72",0.00384677458852412,0,"SEMA4D_CD72","SEMA4D - CD72","SEMA4","Cell-Cell Contact","PMID: 22325954"
"NK-like cells","Classical Monocytes","CD226","NECTIN2",0.00383448595337773,0,"CD226_NECTIN2","CD226 - NECTIN2","CD226","Cell-Cell Contact","PMID: 24440149"
"Classical Monocytes","NK-like cells","NECTIN2","CD226",0.00383448595337773,0,"NECTIN2_CD226","NECTIN2 - CD226","NECTIN","Cell-Cell Contact","KEGG: hsa04514"
"Gamma-delta Cytotoxic T cells","NK cells","HLA-F","CD8A",0.00383031086402381,0,"HLA-F_CD8A","HLA-F - CD8A","MHC-I","Cell-Cell Contact","KEGG: hsa04514"
"MAIT / CD161-like T cells","Classical Monocytes","JAM3","ITGAM_ITGB2",0.00383018307688369,0,"JAM3_ITGAM_ITGB2","JAM3 - (ITGAM+ITGB2)","JAM","Cell-Cell Contact","KEGG: hsa04514; PMID: 16118203, PMC2194005"
"MAIT / CD161-like T cells","Classical Monocytes","ICAM1","ITGAL_ITGB2",0.00382945326691308,0,"ICAM1_ITGAL_ITGB2","ICAM1 - (ITGAL+ITGB2)","ICAM","Cell-Cell Contact","KEGG: hsa04514"
"Myeloid cells","MAIT / CD161-like T cells","ICOSLG","CD28",0.00382587938808926,0,"ICOSL_CD28","ICOSL - CD28","ICOS","Cell-Cell Contact","KEGG: hsa04514"
"Myeloid cells","C1Q+ Monocytes","HLA-DMA","CD4",0.0038221927465612,0,"HLA-DMA_CD4","HLA-DMA - CD4","MHC-II","Cell-Cell Contact","KEGG: hsa04514"
"Gamma-delta Cytotoxic T cells","Classical Monocytes","HLA-DOB","CD4",0.00381417073283329,0,"HLA-DOB_CD4","HLA-DOB - CD4","MHC-II","Cell-Cell Contact","KEGG: hsa04514"
"Conventional Dendritic Cells","MAIT / CD161-like T cells","BAG6","NCR3",0.00381318889741871,0,"BAG6_NCR3-PS","BAG6 - NCR3-PS","BAG","Secreted Signaling","PMID: 30021652"
"Monocytes","Classical Monocytes","ICAM1","ITGAL",0.00380367490280546,0,"ICAM1_ITGAL","ICAM1 - ITGAL","ICAM","Cell-Cell Contact","PMID: 23602662"
"NK cells","Monocytes","ICAM2","ITGAL_ITGB2",0.00379057522351358,0,"ICAM2_ITGAL_ITGB2","ICAM2 - (ITGAL+ITGB2)","ICAM","Cell-Cell Contact","KEGG: hsa04514"
"NK-like cells","Monocytes","CD226","NECTIN2",0.00377916408971169,0,"CD226_NECTIN2","CD226 - NECTIN2","CD226","Cell-Cell Contact","PMID: 24440149"
"Monocytes","NK-like cells","NECTIN2","CD226",0.00377916408971169,0,"NECTIN2_CD226","NECTIN2 - CD226","NECTIN","Cell-Cell Contact","KEGG: hsa04514"
"Classical Monocytes","Naive B cells","ICAM2","ITGAL_ITGB2",0.0037787163376607,0,"ICAM2_ITGAL_ITGB2","ICAM2 - (ITGAL+ITGB2)","ICAM","Cell-Cell Contact","KEGG: hsa04514"
"Gamma-delta Cytotoxic T cells","Naive B cells","JAM3","ITGAM_ITGB2",0.00376644346847084,0,"JAM3_ITGAM_ITGB2","JAM3 - (ITGAM+ITGB2)","JAM","Cell-Cell Contact","KEGG: hsa04514; PMID: 16118203, PMC2194005"
"Naive B cells","Classical Monocytes","IL16","CD4",0.00376412682412208,0,"IL16_CD4","IL16 - CD4","IL16","Secreted Signaling","KEGG: hsa04060"
"Plasma cells","Monocytes","HLA-DRB5","CD4",0.00375912102952962,0,"HLA-DRB5_CD4","HLA-DRB5 - CD4","MHC-II","Cell-Cell Contact","KEGG: hsa04514"
"MAIT / CD161-like T cells","Myeloid cells","ICAM1","ITGAX_ITGB2",0.00375893923670436,0,"ICAM1_ITGAX_ITGB2","ICAM1 - (ITGAX+ITGB2)","ICAM","Cell-Cell Contact","PMID: 16252253"
"Monocytes","Monocytes","THBS1","SDC4",0.00375803557269033,0,"THBS1_SDC4","THBS1 - SDC4","THBS","ECM-Receptor","KEGG: hsa04512"
"Classical Monocytes","C1Q+ Monocytes","F11R","ITGAL_ITGB2",0.0037558152766976,0,"JAM1_ITGAL_ITGB2","JAM1 - (ITGAL+ITGB2)","JAM","Cell-Cell Contact","PMID: 11812992"
"Conventional Dendritic Cells","NK-like cells","ICAM1","SPN",0.00374903290648439,0,"ICAM1_SPN","ICAM1 - SPN","ICAM","Cell-Cell Contact","PMID: 1683685"
"Monocytes","NK cells","F11R","ITGAL_ITGB2",0.00373549750732221,0,"JAM1_ITGAL_ITGB2","JAM1 - (ITGAL+ITGB2)","JAM","Cell-Cell Contact","PMID: 11812992"
"Conventional Dendritic Cells","Conventional Dendritic Cells","ICAM1","ITGAL",0.00372269127454448,0,"ICAM1_ITGAL","ICAM1 - ITGAL","ICAM","Cell-Cell Contact","PMID: 23602662"
"Plasma cells","Myeloid cells","FCER2","ITGAM_ITGB2",0.00371580332971826,0,"FCER2A_ITGAM_ITGB2","FCER2A - (ITGAM+ITGB2)","CD23","Cell-Cell Contact","PMID: 7621072"
"Naive B cells","Gamma-delta Cytotoxic T cells","SELPLG","SELL",0.00371440760366505,0,"SELPLG_SELL","SELPLG - SELL","SELPLG","Cell-Cell Contact","PMC2431087; PMID:  8892633,PMID:  8896607"
"Naive B cells","Classical Monocytes","CCL3L3","CCR1",0.00370515435940072,0,"CCL3L3_CCR1","CCL3L3 - CCR1","CCL","Secreted Signaling","KEGG: hsa04060"
"MAIT / CD161-like T cells","Gamma-delta Cytotoxic T cells","SEMA4D","CD72",0.00370257610334796,0,"SEMA4D_CD72","SEMA4D - CD72","SEMA4","Cell-Cell Contact","PMID: 22325954"
"MAIT / CD161-like T cells","Naive B cells","TNF","TNFRSF1B",0.0036984931903595,0,"TNF_TNFRSF1B","TNF - TNFRSF1B","TNF","Secreted Signaling","KEGG: hsa04060"
"NK cells","Classical Monocytes","IL16","CD4",0.00369395548270822,0,"IL16_CD4","IL16 - CD4","IL16","Secreted Signaling","KEGG: hsa04060"
"C1Q+ Monocytes","Conventional Dendritic Cells","IL1B","IL1R1_IL1RAP",0.00369319792718377,0,"IL1B_IL1R1_IL1RAP","IL1B - (IL1R1+IL1RAP)","IL1","Secreted Signaling","KEGG: hsa04060"
"Monocytes","NK-like cells","CD69","KLRB1",0.00368967195128608,0,"CLEC2C_KLRB1","CLEC2C - KLRB1","CLEC","Cell-Cell Contact","PMID: 24223577"
"Platelets","Plasma cells","F11R","ITGAL_ITGB2",0.00368426255802203,0,"JAM1_ITGAL_ITGB2","JAM1 - (ITGAL+ITGB2)","JAM","Cell-Cell Contact","PMID: 11812992"
"Classical Monocytes","Naive B cells","F11R","ITGAL_ITGB2",0.00367790606177857,0,"JAM1_ITGAL_ITGB2","JAM1 - (ITGAL+ITGB2)","JAM","Cell-Cell Contact","PMID: 11812992"
"Plasma cells","C1Q+ Monocytes","HLA-DOA","CD4",0.00367572859670034,0,"HLA-DOA_CD4","HLA-DOA - CD4","MHC-II","Cell-Cell Contact","KEGG: hsa04514"
"C1Q+ Monocytes","MAIT / CD161-like T cells","ICAM1","SPN",0.00366967287493411,0,"ICAM1_SPN","ICAM1 - SPN","ICAM","Cell-Cell Contact","PMID: 1683685"
"Monocytes","Myeloid cells","SEMA4D","PLXNB2",0.00366638673362074,0,"SEMA4D_PLXNB2","SEMA4D - PLXNB2","SEMA4","Cell-Cell Contact","PMID: 27533782"
"Conventional Dendritic Cells","Monocytes","ICAM1","SPN",0.0036559208596839,0,"ICAM1_SPN","ICAM1 - SPN","ICAM","Cell-Cell Contact","PMID: 1683685"
"Conventional Dendritic Cells","Conventional Dendritic Cells","ICAM1","SPN",0.00365283328504434,0,"ICAM1_SPN","ICAM1 - SPN","ICAM","Cell-Cell Contact","PMID: 1683685"
"Myeloid cells","Monocytes","HLA-DMA","CD4",0.00362967345939735,0,"HLA-DMA_CD4","HLA-DMA - CD4","MHC-II","Cell-Cell Contact","KEGG: hsa04514"
"C1Q+ Monocytes","Naive CD4 T cells","HLA-DMA","CD4",0.00362942945604426,0.04,"HLA-DMA_CD4","HLA-DMA - CD4","MHC-II","Cell-Cell Contact","KEGG: hsa04514"
"Naive CD4 T cells","Myeloid cells","PECAM1","PECAM1",0.00362529890067335,0,"PECAM1_PECAM1","PECAM1 - PECAM1","PECAM1","Cell-Cell Contact","KEGG: hsa04514"
"Myeloid cells","Naive CD4 T cells","PECAM1","PECAM1",0.00362529890067335,0,"PECAM1_PECAM1","PECAM1 - PECAM1","PECAM1","Cell-Cell Contact","KEGG: hsa04514"
"Classical Monocytes","Monocytes","SELPLG","SELL",0.00361891048871327,0,"SELPLG_SELL","SELPLG - SELL","SELPLG","Cell-Cell Contact","PMC2431087; PMID:  8892633,PMID:  8896607"
"Monocytes","Monocytes","ICAM2","ITGAM_ITGB2",0.00361510494006442,0,"ICAM2_ITGAM_ITGB2","ICAM2 - (ITGAM+ITGB2)","ICAM","Cell-Cell Contact","KEGG: hsa04514"
"Monocytes","NK-like cells","ICAM2","ITGAL_ITGB2",0.00361206895346427,0,"ICAM2_ITGAL_ITGB2","ICAM2 - (ITGAL+ITGB2)","ICAM","Cell-Cell Contact","KEGG: hsa04514"
"C1Q+ Monocytes","Monocytes","SEMA4D","PLXNB2",0.00361195419678808,0,"SEMA4D_PLXNB2","SEMA4D - PLXNB2","SEMA4","Cell-Cell Contact","PMID: 27533782"
"Regulatory / Activated CD4 T cells","Myeloid cells","ITGB2","ICAM1",0.00360853361452688,0.04,"ITGB2_ICAM1","ITGB2 - ICAM1","ITGB2","Cell-Cell Contact","KEGG: hsa04514"
"Myeloid cells","Classical Monocytes","ENTPD1","ADORA2B",0.00360562336259989,0,"ENTPD1_ADORA2B","ENTPD1 - ADORA2B","CD39","Cell-Cell Contact","PMID: 21677139"
"Plasma cells","C1Q+ Monocytes","JAM3","ITGAM_ITGB2",0.00360292333481471,0,"JAM3_ITGAM_ITGB2","JAM3 - (ITGAM+ITGB2)","JAM","Cell-Cell Contact","KEGG: hsa04514; PMID: 16118203, PMC2194005"
"Conventional Dendritic Cells","NK cells","F11R","ITGAL_ITGB2",0.00360270413174376,0,"JAM1_ITGAL_ITGB2","JAM1 - (ITGAL+ITGB2)","JAM","Cell-Cell Contact","PMID: 11812992"
"Gamma-delta Cytotoxic T cells","Conventional Dendritic Cells","HLA-DQA2","CD4",0.00360210401153158,0,"HLA-DQA2_CD4","HLA-DQA2 - CD4","MHC-II","Cell-Cell Contact","KEGG: hsa04514"
"Naive B cells","Conventional Dendritic Cells","FLT3LG","FLT3",0.00359073106519461,0,"FLT3L_FLT3","FLT3L - FLT3","FLT3","Secreted Signaling","PMID: 25992210"
"MAIT / CD161-like T cells","Plasma cells","TNFSF14","TNFRSF14",0.0035838291910301,0,"TNFSF14_TNFRSF14","TNFSF14 - TNFRSF14","LIGHT","Secreted Signaling","KEGG: hsa04060"
"Conventional Dendritic Cells","Naive CD4 T cells","ICAM1","ITGAL_ITGB2",0.00358101870366964,0.01,"ICAM1_ITGAL_ITGB2","ICAM1 - (ITGAL+ITGB2)","ICAM","Cell-Cell Contact","KEGG: hsa04514"
"Myeloid cells","MAIT / CD161-like T cells","ICAM1","ITGAL_ITGB2",0.00357855344914701,0,"ICAM1_ITGAL_ITGB2","ICAM1 - (ITGAL+ITGB2)","ICAM","Cell-Cell Contact","KEGG: hsa04514"
"Naive B cells","Plasma cells","SELPLG","SELL",0.00356298693278208,0,"SELPLG_SELL","SELPLG - SELL","SELPLG","Cell-Cell Contact","PMC2431087; PMID:  8892633,PMID:  8896607"
"MAIT / CD161-like T cells","NK cells","TNFSF14","TNFRSF14",0.00356209248207284,0,"TNFSF14_TNFRSF14","TNFSF14 - TNFRSF14","LIGHT","Secreted Signaling","KEGG: hsa04060"
"Classical Monocytes","NK cells","ICAM2","ITGAM_ITGB2",0.00355443031395989,0,"ICAM2_ITGAM_ITGB2","ICAM2 - (ITGAM+ITGB2)","ICAM","Cell-Cell Contact","KEGG: hsa04514"
"Plasma cells","Classical Monocytes","LGALS9","HAVCR2",0.00355423768623336,0,"LGALS9_HAVCR2","LGALS9 - HAVCR2","GALECTIN","Secreted Signaling","PMID: 27192565"
"Classical Monocytes","Conventional Dendritic Cells","IL1B","IL1R1_IL1RAP",0.00355335823388851,0,"IL1B_IL1R1_IL1RAP","IL1B - (IL1R1+IL1RAP)","IL1","Secreted Signaling","KEGG: hsa04060"
"Naive B cells","Classical Monocytes","NAMPT","INSR",0.00355215993082996,0,"NAMPT_INSR","NAMPT - INSR","VISFATIN","Secreted Signaling","PMID: 28490838"
"Regulatory / Activated CD4 T cells","C1Q+ Monocytes","ICAM2","ITGAL_ITGB2",0.00354776466634239,0,"ICAM2_ITGAL_ITGB2","ICAM2 - (ITGAL+ITGB2)","ICAM","Cell-Cell Contact","KEGG: hsa04514"
"Myeloid cells","Conventional Dendritic Cells","HLA-DQA1","CD4",0.00354367886896285,0.02,"HLA-DQA1_CD4","HLA-DQA1 - CD4","MHC-II","Cell-Cell Contact","KEGG: hsa04514"
"MAIT / CD161-like T cells","Gamma-delta Cytotoxic T cells","TNFSF14","TNFRSF14",0.00353698085991313,0,"TNFSF14_TNFRSF14","TNFSF14 - TNFRSF14","LIGHT","Secreted Signaling","KEGG: hsa04060"
"Naive CD4 T cells","Monocytes","ICAM2","ITGAL_ITGB2",0.00353267252870874,0,"ICAM2_ITGAL_ITGB2","ICAM2 - (ITGAL+ITGB2)","ICAM","Cell-Cell Contact","KEGG: hsa04514"
"Monocytes","NK cells","LAMB3","CD44",0.00353248328631374,0,"LAMB3_CD44","LAMB3 - CD44","LAMININ","ECM-Receptor","KEGG: hsa04512"
"Monocytes","Gamma-delta Cytotoxic T cells","SEMA4D","CD72",0.00352489680250116,0,"SEMA4D_CD72","SEMA4D - CD72","SEMA4","Cell-Cell Contact","PMID: 22325954"
"Conventional Dendritic Cells","Classical Monocytes","THBS1","CD36",0.00352139226708501,0.02,"THBS1_CD36","THBS1 - CD36","THBS","ECM-Receptor","KEGG: hsa04512"
"MAIT / CD161-like T cells","Monocytes","JAM3","ITGAM_ITGB2",0.00352023123171395,0,"JAM3_ITGAM_ITGB2","JAM3 - (ITGAM+ITGB2)","JAM","Cell-Cell Contact","KEGG: hsa04514; PMID: 16118203, PMC2194005"
"C1Q+ Monocytes","Classical Monocytes","SEMA4D","PLXNB2",0.0035042461314711,0,"SEMA4D_PLXNB2","SEMA4D - PLXNB2","SEMA4","Cell-Cell Contact","PMID: 27533782"
"MAIT / CD161-like T cells","Monocytes","TNF","TNFRSF1A",0.00349445927732456,0,"TNF_TNFRSF1A","TNF - TNFRSF1A","TNF","Secreted Signaling","KEGG: hsa04060"
"Regulatory / Activated CD4 T cells","Gamma-delta Cytotoxic T cells","CD40LG","CD40",0.0034935831743042,0,"CD40LG_CD40","CD40LG - CD40","CD40","Cell-Cell Contact","KEGG: hsa04514"
"Plasma cells","Monocytes","HLA-DOA","CD4",0.00349056068452061,0,"HLA-DOA_CD4","HLA-DOA - CD4","MHC-II","Cell-Cell Contact","KEGG: hsa04514"
"NK-like cells","Gamma-delta Cytotoxic T cells","SELPLG","SELL",0.00348112358015818,0,"SELPLG_SELL","SELPLG - SELL","SELPLG","Cell-Cell Contact","PMC2431087; PMID:  8892633,PMID:  8896607"
"Platelets","MAIT / CD161-like T cells","F11R","JAM3",0.00347547227892263,0,"F11R_JAM3","F11R - JAM3","JAM","Cell-Cell Contact","KEGG: hsa04514"
"MAIT / CD161-like T cells","Platelets","JAM3","F11R",0.00347547227892263,0,"JAM3_F11R","JAM3 - F11R","JAM","Cell-Cell Contact","KEGG: hsa04514"
"Gamma-delta Cytotoxic T cells","Regulatory / Activated CD4 T cells","HLA-DRB5","CD4",0.00347484425653958,0,"HLA-DRB5_CD4","HLA-DRB5 - CD4","MHC-II","Cell-Cell Contact","KEGG: hsa04514"
"Regulatory / Activated CD4 T cells","Naive B cells","ICAM2","ITGAL_ITGB2",0.00347415612475905,0,"ICAM2_ITGAL_ITGB2","ICAM2 - (ITGAL+ITGB2)","ICAM","Cell-Cell Contact","KEGG: hsa04514"
"Gamma-delta Cytotoxic T cells","Regulatory / Activated CD4 T cells","HLA-DOA","CD4",0.00346636089593307,0,"HLA-DOA_CD4","HLA-DOA - CD4","MHC-II","Cell-Cell Contact","KEGG: hsa04514"
"Conventional Dendritic Cells","Naive CD4 T cells","HLA-DRB5","CD4",0.0034647100172242,0,"HLA-DRB5_CD4","HLA-DRB5 - CD4","MHC-II","Cell-Cell Contact","KEGG: hsa04514"
"Classical Monocytes","Conventional Dendritic Cells","GRN","SORT1",0.00346347806485902,0,"GRN_SORT1","GRN - SORT1","GRN","Secreted Signaling","PMID: 29555433"
"Classical Monocytes","Classical Monocytes","ICAM1","ITGAL",0.00344625968125148,0,"ICAM1_ITGAL","ICAM1 - ITGAL","ICAM","Cell-Cell Contact","PMID: 23602662"
"C1Q+ Monocytes","Naive CD4 T cells","ICAM2","ITGAL_ITGB2",0.00344183558350026,0,"ICAM2_ITGAL_ITGB2","ICAM2 - (ITGAL+ITGB2)","ICAM","Cell-Cell Contact","KEGG: hsa04514"
"C1Q+ Monocytes","Naive CD4 T cells","ALCAM","CD6",0.00344034259333616,0,"ALCAM_CD6","ALCAM - CD6","ALCAM","Cell-Cell Contact","KEGG: hsa04514"
"Naive CD4 T cells","C1Q+ Monocytes","CD6","ALCAM",0.00344034259333616,0,"CD6_ALCAM","CD6 - ALCAM","CD6","Cell-Cell Contact","PMID: 23602662"
"Monocytes","Classical Monocytes","RETN","CAP1",0.00343932693389378,0,"RETN_CAP1","RETN - CAP1","RESISTIN","Secreted Signaling","PMID: 30809105"
"Monocytes","Conventional Dendritic Cells","GRN","SORT1",0.00343721381335689,0,"GRN_SORT1","GRN - SORT1","GRN","Secreted Signaling","PMID: 29555433"
"MAIT / CD161-like T cells","Regulatory / Activated CD4 T cells","TNFSF14","TNFRSF14",0.00343486925169118,0,"TNFSF14_TNFRSF14","TNFSF14 - TNFRSF14","LIGHT","Secreted Signaling","KEGG: hsa04060"
"Conventional Dendritic Cells","C1Q+ Monocytes","SEMA4D","PLXNB2",0.00343255435224133,0,"SEMA4D_PLXNB2","SEMA4D - PLXNB2","SEMA4","Cell-Cell Contact","PMID: 27533782"
"Gamma-delta Cytotoxic T cells","MAIT / CD161-like T cells","ICOSLG","CD28",0.00341245913229582,0,"ICOSL_CD28","ICOSL - CD28","ICOS","Cell-Cell Contact","KEGG: hsa04514"
"Classical Monocytes","Conventional Dendritic Cells","SELPLG","SELL",0.00340898244747057,0,"SELPLG_SELL","SELPLG - SELL","SELPLG","Cell-Cell Contact","PMC2431087; PMID:  8892633,PMID:  8896607"
"NK cells","Classical Monocytes","CD226","NECTIN2",0.00340849616138628,0,"CD226_NECTIN2","CD226 - NECTIN2","CD226","Cell-Cell Contact","PMID: 24440149"
"Classical Monocytes","NK cells","NECTIN2","CD226",0.00340849616138628,0,"NECTIN2_CD226","NECTIN2 - CD226","NECTIN","Cell-Cell Contact","KEGG: hsa04514"
"MAIT / CD161-like T cells","Naive CD4 T cells","SELPLG","SELL",0.00340414497336707,0,"SELPLG_SELL","SELPLG - SELL","SELPLG","Cell-Cell Contact","PMC2431087; PMID:  8892633,PMID:  8896607"
"NK cells","Classical Monocytes","ICAM2","ITGAL_ITGB2",0.00339014265549342,0,"ICAM2_ITGAL_ITGB2","ICAM2 - (ITGAL+ITGB2)","ICAM","Cell-Cell Contact","KEGG: hsa04514"
"Naive CD4 T cells","Naive CD4 T cells","IL16","CD4",0.00337884202434488,0,"IL16_CD4","IL16 - CD4","IL16","Secreted Signaling","KEGG: hsa04060"
"Naive B cells","Regulatory / Activated CD4 T cells","HLA-DQA1","CD4",0.00337731819570728,0,"HLA-DQA1_CD4","HLA-DQA1 - CD4","MHC-II","Cell-Cell Contact","KEGG: hsa04514"
"MAIT / CD161-like T cells","Myeloid cells","TNF","TNFRSF1A",0.00337601233053195,0,"TNF_TNFRSF1A","TNF - TNFRSF1A","TNF","Secreted Signaling","KEGG: hsa04060"
"MAIT / CD161-like T cells","Conventional Dendritic Cells","ICAM1","ITGAL_ITGB2",0.00336592509885774,0,"ICAM1_ITGAL_ITGB2","ICAM1 - (ITGAL+ITGB2)","ICAM","Cell-Cell Contact","KEGG: hsa04514"
"Myeloid cells","NK cells","ICAM1","SPN",0.00336273162481409,0,"ICAM1_SPN","ICAM1 - SPN","ICAM","Cell-Cell Contact","PMID: 1683685"
"Monocytes","Conventional Dendritic Cells","IL1B","IL1R2",0.0033624954509762,0,"IL1B_IL1R2","IL1B - IL1R2","IL1","Secreted Signaling","KEGG: hsa04060"
"NK cells","Monocytes","CD226","NECTIN2",0.00335929951962749,0,"CD226_NECTIN2","CD226 - NECTIN2","CD226","Cell-Cell Contact","PMID: 24440149"
"Monocytes","NK cells","NECTIN2","CD226",0.00335929951962749,0,"NECTIN2_CD226","NECTIN2 - CD226","NECTIN","Cell-Cell Contact","KEGG: hsa04514"
"MAIT / CD161-like T cells","NK cells","ICAM1","ITGAX_ITGB2",0.00334646347434943,0,"ICAM1_ITGAX_ITGB2","ICAM1 - (ITGAX+ITGB2)","ICAM","Cell-Cell Contact","PMID: 16252253"
"C1Q+ Monocytes","Naive CD4 T cells","IL16","CD4",0.0033464418201399,0.01,"IL16_CD4","IL16 - CD4","IL16","Secreted Signaling","KEGG: hsa04060"
"NK-like cells","Plasma cells","SELPLG","SELL",0.00333918103715809,0,"SELPLG_SELL","SELPLG - SELL","SELPLG","Cell-Cell Contact","PMC2431087; PMID:  8892633,PMID:  8896607"
"Classical Monocytes","Classical Monocytes","ICAM2","ITGAM_ITGB2",0.00333772944309923,0,"ICAM2_ITGAM_ITGB2","ICAM2 - (ITGAM+ITGB2)","ICAM","Cell-Cell Contact","KEGG: hsa04514"
"NK-like cells","NK cells","GZMA","F2R",0.00333369743742238,0,"GZMA_F2R","GZMA - F2R","PARs","Secreted Signaling","KEGG: hsa04080"
"Classical Monocytes","Naive B cells","ALCAM","CD6",0.00333360784867781,0,"ALCAM_CD6","ALCAM - CD6","ALCAM","Cell-Cell Contact","KEGG: hsa04514"
"Naive B cells","Classical Monocytes","CD6","ALCAM",0.00333360784867781,0,"CD6_ALCAM","CD6 - ALCAM","CD6","Cell-Cell Contact","PMID: 23602662"
"MAIT / CD161-like T cells","MAIT / CD161-like T cells","TNF","TNFRSF1B",0.00333197979473751,0,"TNF_TNFRSF1B","TNF - TNFRSF1B","TNF","Secreted Signaling","KEGG: hsa04060"
"Classical Monocytes","Naive CD4 T cells","HLA-DQB1","CD4",0.00330914557421717,0,"HLA-DQB1_CD4","HLA-DQB1 - CD4","MHC-II","Cell-Cell Contact","KEGG: hsa04514"
"Plasma cells","Regulatory / Activated CD4 T cells","HLA-DOB","CD4",0.0033054831964137,0,"HLA-DOB_CD4","HLA-DOB - CD4","MHC-II","Cell-Cell Contact","KEGG: hsa04514"
"Monocytes","NK-like cells","ICAM1","SPN",0.00330290908651779,0,"ICAM1_SPN","ICAM1 - SPN","ICAM","Cell-Cell Contact","PMID: 1683685"
"Naive B cells","Regulatory / Activated CD4 T cells","SELPLG","SELL",0.00330062479746305,0,"SELPLG_SELL","SELPLG - SELL","SELPLG","Cell-Cell Contact","PMC2431087; PMID:  8892633,PMID:  8896607"
"Plasma cells","Conventional Dendritic Cells","HLA-DRB5","CD4",0.0032972921169876,0,"HLA-DRB5_CD4","HLA-DRB5 - CD4","MHC-II","Cell-Cell Contact","KEGG: hsa04514"
"Regulatory / Activated CD4 T cells","Naive B cells","CD40LG","ITGAM_ITGB2",0.00328560657571632,0,"CD40LG_ITGAM_ITGB2","CD40LG - (ITGAM+ITGB2)","CD40","Secreted Signaling","PMID: 28676852"
"Monocytes","Conventional Dendritic Cells","ICAM1","ITGAL",0.0032796917116857,0,"ICAM1_ITGAL","ICAM1 - ITGAL","ICAM","Cell-Cell Contact","PMID: 23602662"
"Regulatory / Activated CD4 T cells","NK cells","ICAM2","ITGAM_ITGB2",0.003267887999596,0,"ICAM2_ITGAM_ITGB2","ICAM2 - (ITGAM+ITGB2)","ICAM","Cell-Cell Contact","KEGG: hsa04514"
"Gamma-delta Cytotoxic T cells","NK cells","LGALS9","HAVCR2",0.00326396626229409,0,"LGALS9_HAVCR2","LGALS9 - HAVCR2","GALECTIN","Secreted Signaling","PMID: 27192565"
"C1Q+ Monocytes","NK-like cells","CD69","KLRB1",0.00325914084385793,0,"CLEC2C_KLRB1","CLEC2C - KLRB1","CLEC","Cell-Cell Contact","PMID: 24223577"
"Conventional Dendritic Cells","C1Q+ Monocytes","ICAM2","ITGAL_ITGB2",0.00325599777554102,0,"ICAM2_ITGAL_ITGB2","ICAM2 - (ITGAL+ITGB2)","ICAM","Cell-Cell Contact","KEGG: hsa04514"
"Monocytes","Naive B cells","RETN","CAP1",0.00324205933955274,0,"RETN_CAP1","RETN - CAP1","RESISTIN","Secreted Signaling","PMID: 30809105"
"Plasma cells","Conventional Dendritic Cells","JAM3","ITGAM_ITGB2",0.00322795850344287,0,"JAM3_ITGAM_ITGB2","JAM3 - (ITGAM+ITGB2)","JAM","Cell-Cell Contact","KEGG: hsa04514; PMID: 16118203, PMC2194005"
"NK-like cells","Classical Monocytes","HLA-F","LILRB1",0.00322443204528423,0.03,"HLA-F_LILRB1","HLA-F - LILRB1","MHC-I","Cell-Cell Contact","PMID: 28484462"
"Monocytes","Monocytes","ICAM1","SPN",0.00322084127630178,0,"ICAM1_SPN","ICAM1 - SPN","ICAM","Cell-Cell Contact","PMID: 1683685"
"Plasma cells","Myeloid cells","COL4A4","ITGAV_ITGB8",0.00321831651478487,0,"COL4A4_ITGAV_ITGB8","COL4A4 - (ITGAV+ITGB8)","COLLAGEN","ECM-Receptor","KEGG: hsa04512"
"Monocytes","Conventional Dendritic Cells","ICAM1","SPN",0.00321811995734583,0,"ICAM1_SPN","ICAM1 - SPN","ICAM","Cell-Cell Contact","PMID: 1683685"
"C1Q+ Monocytes","MAIT / CD161-like T cells","ALCAM","CD6",0.00321573594564257,0,"ALCAM_CD6","ALCAM - CD6","ALCAM","Cell-Cell Contact","KEGG: hsa04514"
"MAIT / CD161-like T cells","C1Q+ Monocytes","CD6","ALCAM",0.00321573594564257,0,"CD6_ALCAM","CD6 - ALCAM","CD6","Cell-Cell Contact","PMID: 23602662"
"C1Q+ Monocytes","NK-like cells","TNF","TNFRSF1B",0.00320605496995825,0,"TNF_TNFRSF1B","TNF - TNFRSF1B","TNF","Secreted Signaling","KEGG: hsa04060"
"Gamma-delta Cytotoxic T cells","NK-like cells","JAM3","ITGAM_ITGB2",0.00319896197848821,0,"JAM3_ITGAM_ITGB2","JAM3 - (ITGAM+ITGB2)","JAM","Cell-Cell Contact","KEGG: hsa04514; PMID: 16118203, PMC2194005"
"Myeloid cells","Naive B cells","ICAM1","ITGAM_ITGB2",0.00319017314277699,0,"ICAM1_ITGAM_ITGB2","ICAM1 - (ITGAM+ITGB2)","ICAM","Cell-Cell Contact","KEGG: hsa04514"
"Gamma-delta Cytotoxic T cells","Classical Monocytes","HLA-DRB5","CD4",0.0031885698904579,0,"HLA-DRB5_CD4","HLA-DRB5 - CD4","MHC-II","Cell-Cell Contact","KEGG: hsa04514"
"Conventional Dendritic Cells","Naive B cells","ICAM2","ITGAL_ITGB2",0.00318842340398782,0,"ICAM2_ITGAL_ITGB2","ICAM2 - (ITGAL+ITGB2)","ICAM","Cell-Cell Contact","KEGG: hsa04514"
"Classical Monocytes","Monocytes","CD48","CD244",0.00318743948520475,0,"CD48_CD244A","CD48 - CD244A","CD48","Cell-Cell Contact","PMID: 26697006"
"C1Q+ Monocytes","Monocytes","SEMA4A","PLXNB2",0.00318515911441996,0,"SEMA4A_PLXNB2","SEMA4A - PLXNB2","SEMA4","Cell-Cell Contact","PMID: 27533782"
"Plasma cells","C1Q+ Monocytes","HLA-DQA2","CD4",0.00318366654276028,0,"HLA-DQA2_CD4","HLA-DQA2 - CD4","MHC-II","Cell-Cell Contact","KEGG: hsa04514"
"Regulatory / Activated CD4 T cells","Naive CD4 T cells","SELPLG","SELL",0.00318099478223501,0,"SELPLG_SELL","SELPLG - SELL","SELPLG","Cell-Cell Contact","PMC2431087; PMID:  8892633,PMID:  8896607"
"Gamma-delta Cytotoxic T cells","Classical Monocytes","HLA-DOA","CD4",0.00318078319905864,0,"HLA-DOA_CD4","HLA-DOA - CD4","MHC-II","Cell-Cell Contact","KEGG: hsa04514"
"Naive CD4 T cells","Classical Monocytes","ICAM2","ITGAL_ITGB2",0.00315939813891636,0,"ICAM2_ITGAL_ITGB2","ICAM2 - (ITGAL+ITGB2)","ICAM","Cell-Cell Contact","KEGG: hsa04514"
"C1Q+ Monocytes","Naive CD4 T cells","ICAM1","ITGAL",0.00315868417103099,0,"ICAM1_ITGAL","ICAM1 - ITGAL","ICAM","Cell-Cell Contact","PMID: 23602662"
"Plasma cells","Naive CD4 T cells","ICOSLG","CD28",0.00315736824574623,0,"ICOSL_CD28","ICOSL - CD28","ICOS","Cell-Cell Contact","KEGG: hsa04514"
"Monocytes","Naive CD4 T cells","ICAM1","ITGAL_ITGB2",0.00315482476419102,0,"ICAM1_ITGAL_ITGB2","ICAM1 - (ITGAL+ITGB2)","ICAM","Cell-Cell Contact","KEGG: hsa04514"
"MAIT / CD161-like T cells","Naive B cells","TNFSF14","TNFRSF14",0.00313775139186505,0,"TNFSF14_TNFRSF14","TNFSF14 - TNFRSF14","LIGHT","Secreted Signaling","KEGG: hsa04060"
"Conventional Dendritic Cells","Conventional Dendritic Cells","GRN","SORT1",0.00313717289549458,0,"GRN_SORT1","GRN - SORT1","GRN","Secreted Signaling","PMID: 29555433"
"C1Q+ Monocytes","NK cells","LAMB3","CD44",0.00311924040376396,0,"LAMB3_CD44","LAMB3 - CD44","LAMININ","ECM-Receptor","KEGG: hsa04512"
"NK-like cells","Conventional Dendritic Cells","CD48","CD244",0.00311084913024098,0.03,"CD48_CD244A","CD48 - CD244A","CD48","Cell-Cell Contact","PMID: 26697006"
"Monocytes","C1Q+ Monocytes","F11R","ITGAL_ITGB2",0.00310555180063399,0,"JAM1_ITGAL_ITGB2","JAM1 - (ITGAL+ITGB2)","JAM","Cell-Cell Contact","PMID: 11812992"
"Naive B cells","Classical Monocytes","HLA-DQA1","CD4",0.00309905350843538,0,"HLA-DQA1_CD4","HLA-DQA1 - CD4","MHC-II","Cell-Cell Contact","KEGG: hsa04514"
"Regulatory / Activated CD4 T cells","Plasma cells","CD40LG","CD40",0.00309876887663531,0,"CD40LG_CD40","CD40LG - CD40","CD40","Cell-Cell Contact","KEGG: hsa04514"
"NK-like cells","Regulatory / Activated CD4 T cells","SELPLG","SELL",0.00309324778984748,0.02,"SELPLG_SELL","SELPLG - SELL","SELPLG","Cell-Cell Contact","PMC2431087; PMID:  8892633,PMID:  8896607"
"C1Q+ Monocytes","Classical Monocytes","SEMA4A","PLXNB2",0.00309013855944971,0,"SEMA4A_PLXNB2","SEMA4A - PLXNB2","SEMA4","Cell-Cell Contact","PMID: 27533782"
"Regulatory / Activated CD4 T cells","Naive B cells","CD40LG","ITGA5_ITGB1",0.00308229943871743,0,"CD40LG_ITGA5_ITGB1","CD40LG - (ITGA5+ITGB1)","CD40","Secreted Signaling","PMID: 28676852"
"Myeloid cells","Naive B cells","CLEC2B","KLRB1",0.00307845458203115,0,"CLEC2B_KLRB1","CLEC2B - KLRB1","CLEC","Cell-Cell Contact","PMID: 24223577"
"C1Q+ Monocytes","Regulatory / Activated CD4 T cells","CD80","CD28",0.00307622743516314,0,"CD80_CD28","CD80 - CD28","CD80","Cell-Cell Contact","PMID: 23954143"
"Regulatory / Activated CD4 T cells","Classical Monocytes","ICAM2","ITGAM_ITGB2",0.00306860278811913,0,"ICAM2_ITGAM_ITGB2","ICAM2 - (ITGAM+ITGB2)","ICAM","Cell-Cell Contact","KEGG: hsa04514"
"Classical Monocytes","Monocytes","ICAM2","ITGAM_ITGB2",0.00306750595934616,0,"ICAM2_ITGAM_ITGB2","ICAM2 - (ITGAM+ITGB2)","ICAM","Cell-Cell Contact","KEGG: hsa04514"
"Conventional Dendritic Cells","Classical Monocytes","IL1B","IL1R2",0.00306537319727564,0,"IL1B_IL1R2","IL1B - IL1R2","IL1","Secreted Signaling","KEGG: hsa04060"
"Classical Monocytes","NK-like cells","ICAM2","ITGAL_ITGB2",0.00306492843501875,0,"ICAM2_ITGAL_ITGB2","ICAM2 - (ITGAL+ITGB2)","ICAM","Cell-Cell Contact","KEGG: hsa04514"
"MAIT / CD161-like T cells","MAIT / CD161-like T cells","ICAM1","ITGAL_ITGB2",0.00306469790505849,0.01,"ICAM1_ITGAL_ITGB2","ICAM1 - (ITGAL+ITGB2)","ICAM","Cell-Cell Contact","KEGG: hsa04514"
"Plasma cells","Conventional Dendritic Cells","HLA-DOA","CD4",0.00306162450628027,0,"HLA-DOA_CD4","HLA-DOA - CD4","MHC-II","Cell-Cell Contact","KEGG: hsa04514"
"Conventional Dendritic Cells","NK cells","COL9A2","CD44",0.00306039062596102,0,"COL9A2_CD44","COL9A2 - CD44","COLLAGEN","ECM-Receptor","KEGG: hsa04512"
"Plasma cells","Plasma cells","BTLA","TNFRSF14",0.00305589764254204,0,"BTLA_TNFRSF14","BTLA - TNFRSF14","BTLA","Secreted Signaling","PMID: 21941365"
"NK cells","Classical Monocytes","NAMPT","INSR",0.00305397430971755,0.01,"NAMPT_INSR","NAMPT - INSR","VISFATIN","Secreted Signaling","PMID: 28490838"
"MAIT / CD161-like T cells","Naive CD4 T cells","TNFSF14","TNFRSF14",0.00304279321505238,0,"TNFSF14_TNFRSF14","TNFSF14 - TNFRSF14","LIGHT","Secreted Signaling","KEGG: hsa04060"
"Monocytes","Naive B cells","F11R","ITGAL_ITGB2",0.00304109023053233,0,"JAM1_ITGAL_ITGB2","JAM1 - (ITGAL+ITGB2)","JAM","Cell-Cell Contact","PMID: 11812992"
"Regulatory / Activated CD4 T cells","Conventional Dendritic Cells","CD40LG","ITGA5_ITGB1",0.0030378295305764,0,"CD40LG_ITGA5_ITGB1","CD40LG - (ITGA5+ITGB1)","CD40","Secreted Signaling","PMID: 28676852"
"Plasma cells","NK cells","BTLA","TNFRSF14",0.00303735319340389,0,"BTLA_TNFRSF14","BTLA - TNFRSF14","BTLA","Secreted Signaling","PMID: 21941365"
"Naive CD4 T cells","Classical Monocytes","NAMPT","INSR",0.00303356221817752,0.01,"NAMPT_INSR","NAMPT - INSR","VISFATIN","Secreted Signaling","PMID: 28490838"
"Plasma cells","Classical Monocytes","HLA-DOB","CD4",0.00303311914021825,0,"HLA-DOB_CD4","HLA-DOB - CD4","MHC-II","Cell-Cell Contact","KEGG: hsa04514"
"Plasma cells","Conventional Dendritic Cells","LGALS9","HAVCR2",0.00302508910421526,0,"LGALS9_HAVCR2","LGALS9 - HAVCR2","GALECTIN","Secreted Signaling","PMID: 27192565"
"Monocytes","Monocytes","SEMA4A","PLXNB2",0.00302461545163475,0,"SEMA4A_PLXNB2","SEMA4A - PLXNB2","SEMA4","Cell-Cell Contact","PMID: 27533782"
"Gamma-delta Cytotoxic T cells","Classical Monocytes","NAMPT","INSR",0.00302413697916189,0.01,"NAMPT_INSR","NAMPT - INSR","VISFATIN","Secreted Signaling","PMID: 28490838"
"Plasma cells","Monocytes","HLA-DQA2","CD4",0.00302321145345622,0,"HLA-DQA2_CD4","HLA-DQA2 - CD4","MHC-II","Cell-Cell Contact","KEGG: hsa04514"
"Conventional Dendritic Cells","NK cells","LAMB3","CD44",0.00302138549237453,0,"LAMB3_CD44","LAMB3 - CD44","LAMININ","ECM-Receptor","KEGG: hsa04512"
"Plasma cells","Gamma-delta Cytotoxic T cells","BTLA","TNFRSF14",0.00301592962024302,0,"BTLA_TNFRSF14","BTLA - TNFRSF14","BTLA","Secreted Signaling","PMID: 21941365"
"Conventional Dendritic Cells","Myeloid cells","ICAM1","ITGAM_ITGB2",0.00301297378695937,0,"ICAM1_ITGAM_ITGB2","ICAM1 - (ITGAM+ITGB2)","ICAM","Cell-Cell Contact","KEGG: hsa04514"
"Conventional Dendritic Cells","NK cells","ICAM2","ITGAM_ITGB2",0.00299906879004924,0,"ICAM2_ITGAM_ITGB2","ICAM2 - (ITGAM+ITGB2)","ICAM","Cell-Cell Contact","KEGG: hsa04514"
"Conventional Dendritic Cells","C1Q+ Monocytes","F11R","ITGAL_ITGB2",0.00299508507111251,0,"JAM1_ITGAL_ITGB2","JAM1 - (ITGAL+ITGB2)","JAM","Cell-Cell Contact","PMID: 11812992"
"Classical Monocytes","NK-like cells","ICAM1","SPN",0.00299240736302287,0,"ICAM1_SPN","ICAM1 - SPN","ICAM","Cell-Cell Contact","PMID: 1683685"
"Myeloid cells","MAIT / CD161-like T cells","ICAM1","ITGAL",0.00298364886902429,0,"ICAM1_ITGAL","ICAM1 - ITGAL","ICAM","Cell-Cell Contact","PMID: 23602662"
"Classical Monocytes","NK-like cells","F11R","ITGAL_ITGB2",0.00298310388844424,0,"JAM1_ITGAL_ITGB2","JAM1 - (ITGAL+ITGB2)","JAM","Cell-Cell Contact","PMID: 11812992"
"NK cells","Conventional Dendritic Cells","ICAM2","ITGAL_ITGB2",0.0029796308700931,0,"ICAM2_ITGAL_ITGB2","ICAM2 - (ITGAL+ITGB2)","ICAM","Cell-Cell Contact","KEGG: hsa04514"
"Regulatory / Activated CD4 T cells","Naive CD4 T cells","IL16","CD4",0.00297709295802862,0,"IL16_CD4","IL16 - CD4","IL16","Secreted Signaling","KEGG: hsa04060"
"Classical Monocytes","Conventional Dendritic Cells","ICAM1","ITGAL",0.00297136611325056,0,"ICAM1_ITGAL","ICAM1 - ITGAL","ICAM","Cell-Cell Contact","PMID: 23602662"
"Gamma-delta Cytotoxic T cells","Regulatory / Activated CD4 T cells","HLA-DQA2","CD4",0.00296934259583801,0,"HLA-DQA2_CD4","HLA-DQA2 - CD4","MHC-II","Cell-Cell Contact","KEGG: hsa04514"
"Monocytes","Monocytes","ICAM2","ITGAL_ITGB2",0.00295077180671782,0,"ICAM2_ITGAL_ITGB2","ICAM2 - (ITGAL+ITGB2)","ICAM","Cell-Cell Contact","KEGG: hsa04514"
"Platelets","Classical Monocytes","F11R","F11R",0.00294763130000431,0,"F11R_F11R","F11R - F11R","JAM","Cell-Cell Contact","KEGG: hsa04514"
"Classical Monocytes","Platelets","F11R","F11R",0.00294763130000431,0,"F11R_F11R","F11R - F11R","JAM","Cell-Cell Contact","KEGG: hsa04514"
"Monocytes","Classical Monocytes","SEMA4A","PLXNB2",0.0029343701812544,0,"SEMA4A_PLXNB2","SEMA4A - PLXNB2","SEMA4","Cell-Cell Contact","PMID: 27533782"
"Conventional Dendritic Cells","Naive B cells","F11R","ITGAL_ITGB2",0.00293290969985338,0,"JAM1_ITGAL_ITGB2","JAM1 - (ITGAL+ITGB2)","JAM","Cell-Cell Contact","PMID: 11812992"
"Plasma cells","Regulatory / Activated CD4 T cells","BTLA","TNFRSF14",0.00292881639630432,0,"BTLA_TNFRSF14","BTLA - TNFRSF14","BTLA","Secreted Signaling","PMID: 21941365"
"Myeloid cells","Regulatory / Activated CD4 T cells","HLA-DQA1","CD4",0.00292115058170463,0,"HLA-DQA1_CD4","HLA-DQA1 - CD4","MHC-II","Cell-Cell Contact","KEGG: hsa04514"
"Classical Monocytes","Naive CD4 T cells","HLA-DMB","CD4",0.00292084430505633,0,"HLA-DMB_CD4","HLA-DMB - CD4","MHC-II","Cell-Cell Contact","KEGG: hsa04514"
"Myeloid cells","Regulatory / Activated CD4 T cells","ICAM1","ITGAL_ITGB2",0.00291965188241785,0,"ICAM1_ITGAL_ITGB2","ICAM1 - (ITGAL+ITGB2)","ICAM","Cell-Cell Contact","KEGG: hsa04514"
"Classical Monocytes","Monocytes","ICAM1","SPN",0.00291803204193474,0,"ICAM1_SPN","ICAM1 - SPN","ICAM","Cell-Cell Contact","PMID: 1683685"
"Classical Monocytes","Conventional Dendritic Cells","ICAM1","SPN",0.00291556582098937,0,"ICAM1_SPN","ICAM1 - SPN","ICAM","Cell-Cell Contact","PMID: 1683685"
"Plasma cells","Monocytes","LGALS9","HAVCR2",0.00290848937805819,0,"LGALS9_HAVCR2","LGALS9 - HAVCR2","GALECTIN","Secreted Signaling","PMID: 27192565"
"NK-like cells","Classical Monocytes","NAMPT","INSR",0.00290087222649151,0.01,"NAMPT_INSR","NAMPT - INSR","VISFATIN","Secreted Signaling","PMID: 28490838"
"C1Q+ Monocytes","Myeloid cells","ICAM2","ITGAM_ITGB2",0.00289580465184262,0,"ICAM2_ITGAM_ITGB2","ICAM2 - (ITGAM+ITGB2)","ICAM","Cell-Cell Contact","KEGG: hsa04514"
"Conventional Dendritic Cells","C1Q+ Monocytes","ENTPD1","ADORA2A",0.0028812157073054,0,"ENTPD1_ADORA2A","ENTPD1 - ADORA2A","CD39","Cell-Cell Contact","PMID: 21677139"
"MAIT / CD161-like T cells","NK cells","ICAM1","SPN",0.00287977703685292,0,"ICAM1_SPN","ICAM1 - SPN","ICAM","Cell-Cell Contact","PMID: 1683685"
"Conventional Dendritic Cells","Myeloid cells","ICAM1","ITGAL_ITGB2",0.00287911567306523,0.01,"ICAM1_ITGAL_ITGB2","ICAM1 - (ITGAL+ITGB2)","ICAM","Cell-Cell Contact","KEGG: hsa04514"
"C1Q+ Monocytes","Regulatory / Activated CD4 T cells","ICAM1","SPN",0.00287634824024112,0,"ICAM1_SPN","ICAM1 - SPN","ICAM","Cell-Cell Contact","PMID: 1683685"
"C1Q+ Monocytes","Regulatory / Activated CD4 T cells","ALCAM","CD6",0.00287230979727434,0,"ALCAM_CD6","ALCAM - CD6","ALCAM","Cell-Cell Contact","KEGG: hsa04514"
"Regulatory / Activated CD4 T cells","C1Q+ Monocytes","CD6","ALCAM",0.00287230979727434,0,"CD6_ALCAM","CD6 - ALCAM","CD6","Cell-Cell Contact","PMID: 23602662"
"Classical Monocytes","Naive CD4 T cells","ICAM1","ITGAL_ITGB2",0.00285820431296493,0,"ICAM1_ITGAL_ITGB2","ICAM1 - (ITGAL+ITGB2)","ICAM","Cell-Cell Contact","KEGG: hsa04514"
"Naive B cells","Platelets","COL6A2","GP6",0.00285317792172989,0,"COL6A2_GP6","COL6A2 - GP6","COLLAGEN","ECM-Receptor","KEGG: hsa04512"
"Classical Monocytes","C1Q+ Monocytes","ENTPD1","ADORA2A",0.00283435984652566,0,"ENTPD1_ADORA2A","ENTPD1 - ADORA2A","CD39","Cell-Cell Contact","PMID: 21677139"
"C1Q+ Monocytes","Classical Monocytes","TNFSF10","TNFRSF10A",0.00282846317645412,0,"TNFSF10_TNFRSF10B","TNFSF10 - TNFRSF10B","TRAIL","Secreted Signaling","KEGG: hsa04060"
"Regulatory / Activated CD4 T cells","Monocytes","ICAM2","ITGAM_ITGB2",0.00282010621971891,0,"ICAM2_ITGAM_ITGB2","ICAM2 - (ITGAM+ITGB2)","ICAM","Cell-Cell Contact","KEGG: hsa04514"
"Regulatory / Activated CD4 T cells","NK-like cells","ICAM2","ITGAL_ITGB2",0.00281773598969397,0,"ICAM2_ITGAL_ITGB2","ICAM2 - (ITGAL+ITGB2)","ICAM","Cell-Cell Contact","KEGG: hsa04514"
"Conventional Dendritic Cells","Classical Monocytes","ICAM2","ITGAM_ITGB2",0.0028161306300988,0,"ICAM2_ITGAM_ITGB2","ICAM2 - (ITGAM+ITGB2)","ICAM","Cell-Cell Contact","KEGG: hsa04514"
"Monocytes","Conventional Dendritic Cells","TNF","TNFRSF1B",0.00279550778943707,0,"TNF_TNFRSF1B","TNF - TNFRSF1B","TNF","Secreted Signaling","KEGG: hsa04060"
"Regulatory / Activated CD4 T cells","NK-like cells","CD40LG","ITGAM_ITGB2",0.0027903687721582,0,"CD40LG_ITGAM_ITGB2","CD40LG - (ITGAM+ITGB2)","CD40","Secreted Signaling","PMID: 28676852"
"NK-like cells","MAIT / CD161-like T cells","NCAM1","FGFR1",0.00278848903389893,0,"NCAM1_FGFR1","NCAM1 - FGFR1","NCAM","Cell-Cell Contact","PMID: 12791257"
"Conventional Dendritic Cells","Regulatory / Activated CD4 T cells","CD69","KLRB1",0.00278619925478815,0,"CLEC2C_KLRB1","CLEC2C - KLRB1","CLEC","Cell-Cell Contact","PMID: 24223577"
"Plasma cells","NK cells","ALCAM","CD6",0.00278081667217394,0,"ALCAM_CD6","ALCAM - CD6","ALCAM","Cell-Cell Contact","KEGG: hsa04514"
"NK cells","Plasma cells","CD6","ALCAM",0.00278081667217394,0,"CD6_ALCAM","CD6 - ALCAM","CD6","Cell-Cell Contact","PMID: 23602662"
"Naive CD4 T cells","Conventional Dendritic Cells","ICAM2","ITGAL_ITGB2",0.00277674931840345,0,"ICAM2_ITGAL_ITGB2","ICAM2 - (ITGAL+ITGB2)","ICAM","Cell-Cell Contact","KEGG: hsa04514"
"Classical Monocytes","Classical Monocytes","RETN","TLR4",0.00276770813865326,0,"RETN_TLR4","RETN - TLR4","RESISTIN","Secreted Signaling","PMID: 30809105"
"C1Q+ Monocytes","Myeloid cells","ICAM2","ITGAL_ITGB2",0.00276713759153414,0.01,"ICAM2_ITGAL_ITGB2","ICAM2 - (ITGAL+ITGB2)","ICAM","Cell-Cell Contact","KEGG: hsa04514"
"Conventional Dendritic Cells","Myeloid cells","ICAM1","ITGAL",0.002766188666178,0,"ICAM1_ITGAL","ICAM1 - ITGAL","ICAM","Cell-Cell Contact","PMID: 23602662"
"Gamma-delta Cytotoxic T cells","C1Q+ Monocytes","JAM3","ITGAM_ITGB2",0.00276023616404616,0,"JAM3_ITGAM_ITGB2","JAM3 - (ITGAM+ITGB2)","JAM","Cell-Cell Contact","KEGG: hsa04514; PMID: 16118203, PMC2194005"
"Plasma cells","Regulatory / Activated CD4 T cells","CD80","CTLA4",0.00274738655430787,0,"CD80_CTLA4","CD80 - CTLA4","CD80","Cell-Cell Contact","PMID: 23954143"
"Myeloid cells","C1Q+ Monocytes","SEMA4A","PLXNB2",0.00274568948929382,0,"SEMA4A_PLXNB2","SEMA4A - PLXNB2","SEMA4","Cell-Cell Contact","PMID: 27533782"
"MAIT / CD161-like T cells","Naive B cells","ICAM1","ITGAM_ITGB2",0.00273193342298023,0,"ICAM1_ITGAM_ITGB2","ICAM1 - (ITGAM+ITGB2)","ICAM","Cell-Cell Contact","KEGG: hsa04514"
"Myeloid cells","Myeloid cells","ENTPD1","ADORA2B",0.00273178018382658,0,"ENTPD1_ADORA2B","ENTPD1 - ADORA2B","CD39","Cell-Cell Contact","PMID: 21677139"
"Myeloid cells","Regulatory / Activated CD4 T cells","LAMB3","ITGA6_ITGB1",0.00272485027114182,0,"LAMB3_ITGA6_ITGB1","LAMB3 - (ITGA6+ITGB1)","LAMININ","ECM-Receptor","KEGG: hsa04512"
"Gamma-delta Cytotoxic T cells","Classical Monocytes","HLA-DQA2","CD4",0.00272460002203038,0,"HLA-DQA2_CD4","HLA-DQA2 - CD4","MHC-II","Cell-Cell Contact","KEGG: hsa04514"
"Plasma cells","Regulatory / Activated CD4 T cells","HLA-DRB5","CD4",0.00271792924127621,0,"HLA-DRB5_CD4","HLA-DRB5 - CD4","MHC-II","Cell-Cell Contact","KEGG: hsa04514"
"NK cells","Naive B cells","LCK","CD8 receptor",0.00271511294854579,0,"LCK_CD8A_CD8B1","LCK - (CD8A+CD8B1)","LCK","Cell-Cell Contact","PMID: 25427562"
"NK cells","MAIT / CD161-like T cells","ICAM2","ITGAL_ITGB2",0.00271288025551395,0,"ICAM2_ITGAL_ITGB2","ICAM2 - (ITGAL+ITGB2)","ICAM","Cell-Cell Contact","KEGG: hsa04514"
"Myeloid cells","NK-like cells","ICAM1","ITGAM_ITGB2",0.00270928087141755,0,"ICAM1_ITGAM_ITGB2","ICAM1 - (ITGAM+ITGB2)","ICAM","Cell-Cell Contact","KEGG: hsa04514"
"C1Q+ Monocytes","Regulatory / Activated CD4 T cells","ICOSLG","CD28",0.00270819970215815,0,"ICOSL_CD28","ICOSL - CD28","ICOS","Cell-Cell Contact","KEGG: hsa04514"
"Conventional Dendritic Cells","Naive B cells","ICAM1","SPN",0.00269509906986079,0,"ICAM1_SPN","ICAM1 - SPN","ICAM","Cell-Cell Contact","PMID: 1683685"
"C1Q+ Monocytes","Regulatory / Activated CD4 T cells","ICOSLG","ICOS",0.00269270800172197,0,"ICOSL_ICOS","ICOSL - ICOS","ICOS","Cell-Cell Contact","PMID: 23954143"
"C1Q+ Monocytes","NK cells","TNF","TNFRSF1B",0.00268693465454535,0,"TNF_TNFRSF1B","TNF - TNFRSF1B","TNF","Secreted Signaling","KEGG: hsa04060"
"Plasma cells","C1Q+ Monocytes","ANGPTL1","LILRB3",0.00268048043601835,0,"ANGPTL1_PIRB","ANGPTL1 - PIRB","ANGPTL","Secreted Signaling","PMID: 24478758"
"Myeloid cells","Classical Monocytes","HLA-DQA1","CD4",0.00268036946706096,0,"HLA-DQA1_CD4","HLA-DQA1 - CD4","MHC-II","Cell-Cell Contact","KEGG: hsa04514"
"Conventional Dendritic Cells","Monocytes","ENTPD1","ADORA2B",0.00267649293710907,0,"ENTPD1_ADORA2B","ENTPD1 - ADORA2B","CD39","Cell-Cell Contact","PMID: 21677139"
"Plasma cells","Naive B cells","BTLA","TNFRSF14",0.00267535484030006,0,"BTLA_TNFRSF14","BTLA - TNFRSF14","BTLA","Secreted Signaling","PMID: 21941365"
"NK-like cells","Naive B cells","HLA-F","CD8B",0.0026601734385476,0,"HLA-F_CD8B","HLA-F - CD8B","MHC-I","Cell-Cell Contact","KEGG: hsa04514"
"Monocytes","Myeloid cells","ICAM1","ITGAM_ITGB2",0.00265420547004996,0,"ICAM1_ITGAM_ITGB2","ICAM1 - (ITGAM+ITGB2)","ICAM","Cell-Cell Contact","KEGG: hsa04514"
"Plasma cells","Conventional Dendritic Cells","HLA-DQA2","CD4",0.00265155248971882,0,"HLA-DQA2_CD4","HLA-DQA2 - CD4","MHC-II","Cell-Cell Contact","KEGG: hsa04514"
"Monocytes","Classical Monocytes","ICAM2","ITGAL_ITGB2",0.00263882023374414,0,"ICAM2_ITGAL_ITGB2","ICAM2 - (ITGAL+ITGB2)","ICAM","Cell-Cell Contact","KEGG: hsa04514"
"NK-like cells","Naive CD4 T cells","HLA-F","CD8B",0.0026377953714713,0,"HLA-F_CD8B","HLA-F - CD8B","MHC-I","Cell-Cell Contact","KEGG: hsa04514"
"Classical Monocytes","Monocytes","ENTPD1","ADORA2B",0.00263295759553585,0,"ENTPD1_ADORA2B","ENTPD1 - ADORA2B","CD39","Cell-Cell Contact","PMID: 21677139"
"MAIT / CD161-like T cells","Regulatory / Activated CD4 T cells","TNF","TNFRSF1B",0.00262595512381035,0,"TNF_TNFRSF1B","TNF - TNFRSF1B","TNF","Secreted Signaling","KEGG: hsa04060"
"Myeloid cells","Regulatory / Activated CD4 T cells","HLA-DMA","CD4",0.00262424128537315,0.01,"HLA-DMA_CD4","HLA-DMA - CD4","MHC-II","Cell-Cell Contact","KEGG: hsa04514"
"Classical Monocytes","Regulatory / Activated CD4 T cells","RETN","CAP1",0.00262207153064254,0,"RETN_CAP1","RETN - CAP1","RESISTIN","Secreted Signaling","PMID: 30809105"
"NK cells","Regulatory / Activated CD4 T cells","FASLG","FAS",0.0026058727682109,0,"FASL_FAS","FASL - FAS","FASLG","Secreted Signaling","KEGG: hsa04060"
"Classical Monocytes","NK-like cells","CD69","KLRB1",0.00260386068142372,0,"CLEC2C_KLRB1","CLEC2C - KLRB1","CLEC","Cell-Cell Contact","PMID: 24223577"
"C1Q+ Monocytes","Classical Monocytes","TNF","TNFRSF1A",0.00259894234036569,0,"TNF_TNFRSF1A","TNF - TNFRSF1A","TNF","Secreted Signaling","KEGG: hsa04060"
"Plasma cells","Naive CD4 T cells","BTLA","TNFRSF14",0.00259435381168725,0,"BTLA_TNFRSF14","BTLA - TNFRSF14","BTLA","Secreted Signaling","PMID: 21941365"
"Conventional Dendritic Cells","Monocytes","ICAM2","ITGAM_ITGB2",0.00258802627295268,0,"ICAM2_ITGAM_ITGB2","ICAM2 - (ITGAM+ITGB2)","ICAM","Cell-Cell Contact","KEGG: hsa04514"
"Classical Monocytes","C1Q+ Monocytes","HLA-DQA1","CD4",0.00258608327484128,0.02,"HLA-DQA1_CD4","HLA-DQA1 - CD4","MHC-II","Cell-Cell Contact","KEGG: hsa04514"
"MAIT / CD161-like T cells","MAIT / CD161-like T cells","ICAM1","ITGAL",0.00255499846876406,0,"ICAM1_ITGAL","ICAM1 - ITGAL","ICAM","Cell-Cell Contact","PMID: 23602662"
"Plasma cells","Naive CD4 T cells","ICOSLG","ICOS",0.00253758431934689,0,"ICOSL_ICOS","ICOSL - ICOS","ICOS","Cell-Cell Contact","PMID: 23954143"
"Monocytes","Myeloid cells","ICAM1","ITGAL_ITGB2",0.00253624589518124,0.01,"ICAM1_ITGAL_ITGB2","ICAM1 - (ITGAL+ITGB2)","ICAM","Cell-Cell Contact","KEGG: hsa04514"
"Naive CD4 T cells","MAIT / CD161-like T cells","ICAM2","ITGAL_ITGB2",0.00252811556243534,0.01,"ICAM2_ITGAL_ITGB2","ICAM2 - (ITGAL+ITGB2)","ICAM","Cell-Cell Contact","KEGG: hsa04514"
"Plasma cells","Regulatory / Activated CD4 T cells","HLA-DOA","CD4",0.00252356563388463,0,"HLA-DOA_CD4","HLA-DOA - CD4","MHC-II","Cell-Cell Contact","KEGG: hsa04514"
"Conventional Dendritic Cells","C1Q+ Monocytes","SEMA7A","PLXNC1",0.00251153403433257,0,"SEMA7A_PLXNC1","SEMA7A - PLXNC1","SEMA7","Cell-Cell Contact","PMID: 27533782"
"Conventional Dendritic Cells","Naive B cells","IL18","IL18R1_IL18RAP",0.00250971020981204,0,"IL18_IL18R1_IL18RAP","IL18 - (IL18R1+IL18RAP)","IL1","Secreted Signaling","KEGG: hsa04060"
"Classical Monocytes","Monocytes","ICAM2","ITGAL_ITGB2",0.00250355001737511,0,"ICAM2_ITGAL_ITGB2","ICAM2 - (ITGAL+ITGB2)","ICAM","Cell-Cell Contact","KEGG: hsa04514"
"Plasma cells","Classical Monocytes","HLA-DRB5","CD4",0.00249385711609525,0,"HLA-DRB5_CD4","HLA-DRB5 - CD4","MHC-II","Cell-Cell Contact","KEGG: hsa04514"
"Plasma cells","Monocytes","COL4A4","ITGAV_ITGB8",0.00248969178341718,0,"COL4A4_ITGAV_ITGB8","COL4A4 - (ITGAV+ITGB8)","COLLAGEN","ECM-Receptor","KEGG: hsa04512"
"MAIT / CD161-like T cells","Monocytes","TNFSF14","TNFRSF14",0.00247754201987321,0,"TNFSF14_TNFRSF14","TNFSF14 - TNFRSF14","LIGHT","Secreted Signaling","KEGG: hsa04060"
"Gamma-delta Cytotoxic T cells","Conventional Dendritic Cells","JAM3","ITGAM_ITGB2",0.00247275415211858,0,"JAM3_ITGAM_ITGB2","JAM3 - (ITGAM+ITGB2)","JAM","Cell-Cell Contact","KEGG: hsa04514; PMID: 16118203, PMC2194005"
"Monocytes","NK-like cells","F11R","ITGAL_ITGB2",0.00246629268740743,0,"JAM1_ITGAL_ITGB2","JAM1 - (ITGAL+ITGB2)","JAM","Cell-Cell Contact","PMID: 11812992"
"Classical Monocytes","Monocytes","HLA-DQA1","CD4",0.00245567186647254,0,"HLA-DQA1_CD4","HLA-DQA1 - CD4","MHC-II","Cell-Cell Contact","KEGG: hsa04514"
"Platelets","Monocytes","F11R","F11R",0.00243695056653845,0,"F11R_F11R","F11R - F11R","JAM","Cell-Cell Contact","KEGG: hsa04514"
"Monocytes","Platelets","F11R","F11R",0.00243695056653845,0,"F11R_F11R","F11R - F11R","JAM","Cell-Cell Contact","KEGG: hsa04514"
"Monocytes","Myeloid cells","ICAM1","ITGAL",0.00243673433983705,0,"ICAM1_ITGAL","ICAM1 - ITGAL","ICAM","Cell-Cell Contact","PMID: 23602662"
"Classical Monocytes","Monocytes","F11R","ITGAL_ITGB2",0.00243667598718951,0,"JAM1_ITGAL_ITGB2","JAM1 - (ITGAL+ITGB2)","JAM","Cell-Cell Contact","PMID: 11812992"
"Plasma cells","Classical Monocytes","COL4A3","ITGAV_ITGB8",0.0024338198397392,0,"COL4A3_ITGAV_ITGB8","COL4A3 - (ITGAV+ITGB8)","COLLAGEN","ECM-Receptor","KEGG: hsa04512"
"Myeloid cells","Classical Monocytes","ANXA1","FPR2",0.00242265823391815,0,"ANXA1_FPR2","ANXA1 - FPR2","ANNEXIN","Secreted Signaling","PMID: 23230437"
"NK cells","Naive B cells","ICAM2","ITGAM_ITGB2",0.00241822342514745,0,"ICAM2_ITGAM_ITGB2","ICAM2 - (ITGAM+ITGB2)","ICAM","Cell-Cell Contact","KEGG: hsa04514"
"Myeloid cells","Naive B cells","HLA-F","CD8A",0.00241798214473979,0,"HLA-F_CD8A","HLA-F - CD8A","MHC-I","Cell-Cell Contact","KEGG: hsa04514"
"C1Q+ Monocytes","Naive B cells","TNF","TNFRSF1B",0.00241590027597886,0,"TNF_TNFRSF1B","TNF - TNFRSF1B","TNF","Secreted Signaling","KEGG: hsa04060"
"Myeloid cells","Classical Monocytes","HLA-DMA","CD4",0.00240787435469707,0.01,"HLA-DMA_CD4","HLA-DMA - CD4","MHC-II","Cell-Cell Contact","KEGG: hsa04514"
"Regulatory / Activated CD4 T cells","C1Q+ Monocytes","CD40LG","ITGAM_ITGB2",0.00240754466145836,0,"CD40LG_ITGAM_ITGB2","CD40LG - (ITGAM+ITGB2)","CD40","Secreted Signaling","PMID: 28676852"
"Classical Monocytes","Myeloid cells","ICAM1","ITGAM_ITGB2",0.0024045403150283,0,"ICAM1_ITGAM_ITGB2","ICAM1 - (ITGAM+ITGB2)","ICAM","Cell-Cell Contact","KEGG: hsa04514"
"NK cells","Classical Monocytes","NCAM1","FGFR1",0.00239331499020521,0,"NCAM1_FGFR1","NCAM1 - FGFR1","NCAM","Cell-Cell Contact","PMID: 12791257"
"NK-like cells","NK cells","HLA-F","KIR3DL2",0.00238986541953339,0,"HLA-F_KIR3DL2","HLA-F - KIR3DL2","MHC-I","Cell-Cell Contact","PMID: 28484462"
"C1Q+ Monocytes","Classical Monocytes","ICAM1","SPN",0.00238814767429384,0,"ICAM1_SPN","ICAM1 - SPN","ICAM","Cell-Cell Contact","PMID: 1683685"
"C1Q+ Monocytes","Myeloid cells","SEMA4D","PLXNB2",0.00238808736497988,0,"SEMA4D_PLXNB2","SEMA4D - PLXNB2","SEMA4","Cell-Cell Contact","PMID: 27533782"
"NK-like cells","Conventional Dendritic Cells","CD226","NECTIN2",0.00238526658847557,0,"CD226_NECTIN2","CD226 - NECTIN2","CD226","Cell-Cell Contact","PMID: 24440149"
"Conventional Dendritic Cells","NK-like cells","NECTIN2","CD226",0.00238526658847557,0,"NECTIN2_CD226","NECTIN2 - CD226","NECTIN","Cell-Cell Contact","KEGG: hsa04514"
"Plasma cells","Plasma cells","JAM3","JAM3",0.00238387544634317,0,"JAM3_JAM3","JAM3 - JAM3","JAM","Cell-Cell Contact","KEGG: hsa04514"
"Classical Monocytes","C1Q+ Monocytes","TNFSF8","TNFRSF8",0.00238181650792025,0,"TNFSF8_TNFRSF8","TNFSF8 - TNFRSF8","CD30","Secreted Signaling","KEGG: hsa04060"
"Conventional Dendritic Cells","NK-like cells","F11R","ITGAL_ITGB2",0.00237851061487296,0,"JAM1_ITGAL_ITGB2","JAM1 - (ITGAL+ITGB2)","JAM","Cell-Cell Contact","PMID: 11812992"
"MAIT / CD161-like T cells","Monocytes","TNFSF14","LTBR",0.00237417329508321,0,"TNFSF14_LTBR","TNFSF14 - LTBR","LIGHT","Secreted Signaling","KEGG: hsa04060"
"Monocytes","Naive B cells","ICAM1","SPN",0.00237409139000298,0,"ICAM1_SPN","ICAM1 - SPN","ICAM","Cell-Cell Contact","PMID: 1683685"
"Myeloid cells","Regulatory / Activated CD4 T cells","ICAM1","ITGAL",0.00236196834351295,0,"ICAM1_ITGAL","ICAM1 - ITGAL","ICAM","Cell-Cell Contact","PMID: 23602662"
"Monocytes","C1Q+ Monocytes","HLA-DRB5","CD4",0.00236176864434368,0,"HLA-DRB5_CD4","HLA-DRB5 - CD4","MHC-II","Cell-Cell Contact","KEGG: hsa04514"
"Platelets","Myeloid cells","ICAM2","ITGAM_ITGB2",0.00235750660559437,0.02,"ICAM2_ITGAM_ITGB2","ICAM2 - (ITGAM+ITGB2)","ICAM","Cell-Cell Contact","KEGG: hsa04514"
"Platelets","Conventional Dendritic Cells","F11R","F11R",0.00235021039943696,0,"F11R_F11R","F11R - F11R","JAM","Cell-Cell Contact","KEGG: hsa04514"
"Conventional Dendritic Cells","Platelets","F11R","F11R",0.00235021039943696,0,"F11R_F11R","F11R - F11R","JAM","Cell-Cell Contact","KEGG: hsa04514"
"Myeloid cells","C1Q+ Monocytes","ICAM1","ITGAM_ITGB2",0.00233755552207564,0,"ICAM1_ITGAM_ITGB2","ICAM1 - (ITGAM+ITGB2)","ICAM","Cell-Cell Contact","KEGG: hsa04514"
"Gamma-delta Cytotoxic T cells","C1Q+ Monocytes","LGALS9","HAVCR2",0.00232865961975999,0.03,"LGALS9_HAVCR2","LGALS9 - HAVCR2","GALECTIN","Secreted Signaling","PMID: 27192565"
"MAIT / CD161-like T cells","NK-like cells","ICAM1","ITGAM_ITGB2",0.00231995624149104,0,"ICAM1_ITGAM_ITGB2","ICAM1 - (ITGAM+ITGB2)","ICAM","Cell-Cell Contact","KEGG: hsa04514"
"Monocytes","Conventional Dendritic Cells","ICAM2","ITGAL_ITGB2",0.00231907424863546,0.01,"ICAM2_ITGAL_ITGB2","ICAM2 - (ITGAL+ITGB2)","ICAM","Cell-Cell Contact","KEGG: hsa04514"
"Plasma cells","Classical Monocytes","HLA-DOA","CD4",0.00231548007249029,0,"HLA-DOA_CD4","HLA-DOA - CD4","MHC-II","Cell-Cell Contact","KEGG: hsa04514"
"Regulatory / Activated CD4 T cells","Monocytes","ICAM2","ITGAL_ITGB2",0.00230152930936195,0.01,"ICAM2_ITGAL_ITGB2","ICAM2 - (ITGAL+ITGB2)","ICAM","Cell-Cell Contact","KEGG: hsa04514"
"MAIT / CD161-like T cells","Conventional Dendritic Cells","TNF","TNFRSF1A",0.00230104394634128,0,"TNF_TNFRSF1A","TNF - TNFRSF1A","TNF","Secreted Signaling","KEGG: hsa04060"
"Classical Monocytes","Myeloid cells","ICAM1","ITGAL_ITGB2",0.0022976509263488,0,"ICAM1_ITGAL_ITGB2","ICAM1 - (ITGAL+ITGB2)","ICAM","Cell-Cell Contact","KEGG: hsa04514"
"C1Q+ Monocytes","Gamma-delta Cytotoxic T cells","SEMA4D","CD72",0.00229581475291488,0,"SEMA4D_CD72","SEMA4D - CD72","SEMA4","Cell-Cell Contact","PMID: 22325954"
"Regulatory / Activated CD4 T cells","C1Q+ Monocytes","CD40LG","ITGA5_ITGB1",0.00228345582475999,0,"CD40LG_ITGA5_ITGB1","CD40LG - (ITGA5+ITGB1)","CD40","Secreted Signaling","PMID: 28676852"
"C1Q+ Monocytes","Monocytes","TNF","TNFRSF1A",0.00228246076927087,0,"TNF_TNFRSF1A","TNF - TNFRSF1A","TNF","Secreted Signaling","KEGG: hsa04060"
"C1Q+ Monocytes","Naive CD4 T cells","CD80","CD28",0.00228007296653515,0,"CD80_CD28","CD80 - CD28","CD80","Cell-Cell Contact","PMID: 23954143"
"Classical Monocytes","Plasma cells","RETN","CAP1",0.00227328066446787,0,"RETN_CAP1","RETN - CAP1","RESISTIN","Secreted Signaling","PMID: 30809105"
"Plasma cells","Monocytes","ANGPTL1","LILRB3",0.00226250365828308,0,"ANGPTL1_PIRB","ANGPTL1 - PIRB","ANGPTL","Secreted Signaling","PMID: 24478758"
"Naive CD4 T cells","Naive B cells","ICAM2","ITGAM_ITGB2",0.00225348142217601,0,"ICAM2_ITGAM_ITGB2","ICAM2 - (ITGAM+ITGB2)","ICAM","Cell-Cell Contact","KEGG: hsa04514"
"Monocytes","Monocytes","HLA-DRB5","CD4",0.00224264357489324,0,"HLA-DRB5_CD4","HLA-DRB5 - CD4","MHC-II","Cell-Cell Contact","KEGG: hsa04514"
"C1Q+ Monocytes","Monocytes","TNFSF10","TNFRSF10A",0.00224018339853614,0,"TNFSF10_TNFRSF10B","TNFSF10 - TNFRSF10B","TRAIL","Secreted Signaling","KEGG: hsa04060"
"Classical Monocytes","Classical Monocytes","ICAM2","ITGAL_ITGB2",0.0022387719606509,0.01,"ICAM2_ITGAL_ITGB2","ICAM2 - (ITGAL+ITGB2)","ICAM","Cell-Cell Contact","KEGG: hsa04514"
"Conventional Dendritic Cells","Monocytes","SEMA4D","PLXNB2",0.00221847067956716,0,"SEMA4D_PLXNB2","SEMA4D - PLXNB2","SEMA4","Cell-Cell Contact","PMID: 27533782"
"NK cells","Regulatory / Activated CD4 T cells","ICAM2","ITGAL_ITGB2",0.0022130168610485,0.01,"ICAM2_ITGAL_ITGB2","ICAM2 - (ITGAL+ITGB2)","ICAM","Cell-Cell Contact","KEGG: hsa04514"
"Classical Monocytes","Myeloid cells","ICAM1","ITGAL",0.00220748011005469,0,"ICAM1_ITGAL","ICAM1 - ITGAL","ICAM","Cell-Cell Contact","PMID: 23602662"
"C1Q+ Monocytes","Myeloid cells","TNF","TNFRSF1A",0.00220500438966708,0,"TNF_TNFRSF1A","TNF - TNFRSF1A","TNF","Secreted Signaling","KEGG: hsa04060"
"Platelets","Naive B cells","HLA-F","CD8A",0.00220163667827123,0,"HLA-F_CD8A","HLA-F - CD8A","MHC-I","Cell-Cell Contact","KEGG: hsa04514"
"Plasma cells","Regulatory / Activated CD4 T cells","HLA-DQA2","CD4",0.00218540289684028,0,"HLA-DQA2_CD4","HLA-DQA2 - CD4","MHC-II","Cell-Cell Contact","KEGG: hsa04514"
"Classical Monocytes","Conventional Dendritic Cells","IL1B","IL1R2",0.00218501571984388,0,"IL1B_IL1R2","IL1B - IL1R2","IL1","Secreted Signaling","KEGG: hsa04060"
"Classical Monocytes","Classical Monocytes","F11R","ITGAL_ITGB2",0.00217895514782863,0,"JAM1_ITGAL_ITGB2","JAM1 - (ITGAL+ITGB2)","JAM","Cell-Cell Contact","PMID: 11812992"
"C1Q+ Monocytes","MAIT / CD161-like T cells","TNF","TNFRSF1B",0.00217621168510605,0,"TNF_TNFRSF1B","TNF - TNFRSF1B","TNF","Secreted Signaling","KEGG: hsa04060"
"Monocytes","MAIT / CD161-like T cells","ICOSLG","ICOS",0.00217611274453732,0,"ICOSL_ICOS","ICOSL - ICOS","ICOS","Cell-Cell Contact","PMID: 23954143"
"Conventional Dendritic Cells","Naive CD4 T cells","HLA-DOA","CD4",0.00216467248311177,0,"HLA-DOA_CD4","HLA-DOA - CD4","MHC-II","Cell-Cell Contact","KEGG: hsa04514"
"NK-like cells","Monocytes","CD48","CD244",0.00215687847559096,0,"CD48_CD244A","CD48 - CD244A","CD48","Cell-Cell Contact","PMID: 26697006"
"Regulatory / Activated CD4 T cells","Conventional Dendritic Cells","CD40LG","ITGAM_ITGB2",0.00215671646343739,0,"CD40LG_ITGAM_ITGB2","CD40LG - (ITGAM+ITGB2)","CD40","Secreted Signaling","PMID: 28676852"
"Conventional Dendritic Cells","Classical Monocytes","SEMA4D","PLXNB2",0.00215222637822671,0,"SEMA4D_PLXNB2","SEMA4D - PLXNB2","SEMA4","Cell-Cell Contact","PMID: 27533782"
"Classical Monocytes","Naive B cells","ICAM1","SPN",0.0021507180634958,0,"ICAM1_SPN","ICAM1 - SPN","ICAM","Cell-Cell Contact","PMID: 1683685"
"Classical Monocytes","MAIT / CD161-like T cells","RETN","CAP1",0.00213360024109794,0,"RETN_CAP1","RETN - CAP1","RESISTIN","Secreted Signaling","PMID: 30809105"
"Myeloid cells","Monocytes","ICAM1","ITGAL",0.00212789161266886,0,"ICAM1_ITGAL","ICAM1 - ITGAL","ICAM","Cell-Cell Contact","PMID: 23602662"
"Myeloid cells","Classical Monocytes","LAMB3","ITGAV_ITGB8",0.00212767648748734,0,"LAMB3_ITGAV_ITGB8","LAMB3 - (ITGAV+ITGB8)","LAMININ","ECM-Receptor","KEGG: hsa04512"
"Conventional Dendritic Cells","MAIT / CD161-like T cells","ICAM1","SPN",0.00212667150085425,0,"ICAM1_SPN","ICAM1 - SPN","ICAM","Cell-Cell Contact","PMID: 1683685"
"Myeloid cells","Classical Monocytes","GRN","SORT1",0.00212362871916732,0,"GRN_SORT1","GRN - SORT1","GRN","Secreted Signaling","PMID: 29555433"
"C1Q+ Monocytes","Conventional Dendritic Cells","IL1B","IL1R2",0.00212206159946347,0,"IL1B_IL1R2","IL1B - IL1R2","IL1","Secreted Signaling","KEGG: hsa04060"
"NK cells","Conventional Dendritic Cells","CD226","NECTIN2",0.00211993428188025,0,"CD226_NECTIN2","CD226 - NECTIN2","CD226","Cell-Cell Contact","PMID: 24440149"
"Conventional Dendritic Cells","NK cells","NECTIN2","CD226",0.00211993428188025,0,"NECTIN2_CD226","NECTIN2 - CD226","NECTIN","Cell-Cell Contact","KEGG: hsa04514"
"Plasma cells","Monocytes","BTLA","TNFRSF14",0.00211223145451211,0,"BTLA_TNFRSF14","BTLA - TNFRSF14","BTLA","Secreted Signaling","PMID: 21941365"
"Monocytes","MAIT / CD161-like T cells","ICAM2","ITGAL_ITGB2",0.00211133455025477,0.03,"ICAM2_ITGAL_ITGB2","ICAM2 - (ITGAL+ITGB2)","ICAM","Cell-Cell Contact","KEGG: hsa04514"
"C1Q+ Monocytes","Myeloid cells","SEMA4A","PLXNB2",0.00210560101122734,0,"SEMA4A_PLXNB2","SEMA4A - PLXNB2","SEMA4","Cell-Cell Contact","PMID: 27533782"
"NK-like cells","Platelets","GZMA","PARD3",0.00209889193459885,0,"GZMA_PARD3","GZMA - PARD3","PARs","Secreted Signaling","KEGG: hsa04080"
"Myeloid cells","Conventional Dendritic Cells","ICAM1","ITGAM_ITGB2",0.00209400378314463,0,"ICAM1_ITGAM_ITGB2","ICAM1 - (ITGAM+ITGB2)","ICAM","Cell-Cell Contact","KEGG: hsa04514"
"C1Q+ Monocytes","Classical Monocytes","GRN","SORT1",0.00209020974660642,0,"GRN_SORT1","GRN - SORT1","GRN","Secreted Signaling","PMID: 29555433"
"Plasma cells","Regulatory / Activated CD4 T cells","CLEC2B","KLRB1",0.00208870843959843,0,"CLEC2B_KLRB1","CLEC2B - KLRB1","CLEC","Cell-Cell Contact","PMID: 24223577"
"C1Q+ Monocytes","MAIT / CD161-like T cells","IL18","IL18R1_IL18RAP",0.0020830259450486,0,"IL18_IL18R1_IL18RAP","IL18 - (IL18R1+IL18RAP)","IL1","Secreted Signaling","KEGG: hsa04060"
"Classical Monocytes","MAIT / CD161-like T cells","ICOSLG","ICOS",0.00207602987056936,0,"ICOSL_ICOS","ICOSL - ICOS","ICOS","Cell-Cell Contact","PMID: 23954143"
"Naive CD4 T cells","Regulatory / Activated CD4 T cells","ICAM2","ITGAL_ITGB2",0.00206222570114345,0.01,"ICAM2_ITGAL_ITGB2","ICAM2 - (ITGAL+ITGB2)","ICAM","Cell-Cell Contact","KEGG: hsa04514"
"Classical Monocytes","Naive CD4 T cells","RETN","CAP1",0.00206177977984327,0,"RETN_CAP1","RETN - CAP1","RESISTIN","Secreted Signaling","PMID: 30809105"
"Classical Monocytes","Gamma-delta Cytotoxic T cells","RETN","CAP1",0.00205911691181354,0,"RETN_CAP1","RETN - CAP1","RESISTIN","Secreted Signaling","PMID: 30809105"
"Regulatory / Activated CD4 T cells","Conventional Dendritic Cells","SEMA4D","CD72",0.00205874883347615,0,"SEMA4D_CD72","SEMA4D - CD72","SEMA4","Cell-Cell Contact","PMID: 22325954"
"Regulatory / Activated CD4 T cells","Classical Monocytes","ICAM2","ITGAL_ITGB2",0.00205807309008666,0.03,"ICAM2_ITGAL_ITGB2","ICAM2 - (ITGAL+ITGB2)","ICAM","Cell-Cell Contact","KEGG: hsa04514"
"NK cells","NK-like cells","ICAM2","ITGAM_ITGB2",0.00205345648717977,0,"ICAM2_ITGAM_ITGB2","ICAM2 - (ITGAM+ITGB2)","ICAM","Cell-Cell Contact","KEGG: hsa04514"
"Regulatory / Activated CD4 T cells","Conventional Dendritic Cells","SEMA4D","PLXNB2",0.00204539921299399,0,"SEMA4D_PLXNB2","SEMA4D - PLXNB2","SEMA4","Cell-Cell Contact","PMID: 27533782"
"Naive CD4 T cells","Conventional Dendritic Cells","SEMA4D","CD72",0.00204511785436086,0,"SEMA4D_CD72","SEMA4D - CD72","SEMA4","Cell-Cell Contact","PMID: 22325954"
"Plasma cells","MAIT / CD161-like T cells","BAG6","NCR3",0.00204185391996099,0,"BAG6_NCR3-PS","BAG6 - NCR3-PS","BAG","Secreted Signaling","PMID: 30021652"
"Monocytes","NK-like cells","TNF","TNFRSF1B",0.00203569383473308,0,"TNF_TNFRSF1B","TNF - TNFRSF1B","TNF","Secreted Signaling","KEGG: hsa04060"
"NK cells","Naive CD4 T cells","IFNG","IFNGR1_IFNGR2",0.00203529760558131,0,"IFNG_IFNGR1_IFNGR2","IFNG - (IFNGR1+IFNGR2)","IFN-II","Secreted Signaling","KEGG: hsa04060"
"Conventional Dendritic Cells","C1Q+ Monocytes","HLA-DOB","CD4",0.00203202634881871,0,"HLA-DOB_CD4","HLA-DOB - CD4","MHC-II","Cell-Cell Contact","KEGG: hsa04514"
"Naive CD4 T cells","Conventional Dendritic Cells","SEMA4D","PLXNB2",0.002031856441774,0,"SEMA4D_PLXNB2","SEMA4D - PLXNB2","SEMA4","Cell-Cell Contact","PMID: 27533782"
"MAIT / CD161-like T cells","Regulatory / Activated CD4 T cells","ICAM1","ITGAL",0.00202245143541849,0,"ICAM1_ITGAL","ICAM1 - ITGAL","ICAM","Cell-Cell Contact","PMID: 23602662"
"Conventional Dendritic Cells","MAIT / CD161-like T cells","ICOSLG","ICOS",0.00202114714430091,0,"ICOSL_ICOS","ICOSL - ICOS","ICOS","Cell-Cell Contact","PMID: 23954143"
"MAIT / CD161-like T cells","Classical Monocytes","TNFSF14","TNFRSF14",0.00201802663317644,0,"TNFSF14_TNFRSF14","TNFSF14 - TNFRSF14","LIGHT","Secreted Signaling","KEGG: hsa04060"
"Monocytes","Monocytes","F11R","ITGAL_ITGB2",0.00201434004370406,0,"JAM1_ITGAL_ITGB2","JAM1 - (ITGAL+ITGB2)","JAM","Cell-Cell Contact","PMID: 11812992"
"NK-like cells","Naive B cells","GZMA","F2R",0.0020140107734434,0,"GZMA_F2R","GZMA - F2R","PARs","Secreted Signaling","KEGG: hsa04080"
"C1Q+ Monocytes","Naive CD4 T cells","ICOSLG","CD28",0.00200710225412443,0,"ICOSL_CD28","ICOSL - CD28","ICOS","Cell-Cell Contact","KEGG: hsa04514"
"Myeloid cells","Conventional Dendritic Cells","SEMA4D","CD72",0.00200581140074009,0,"SEMA4D_CD72","SEMA4D - CD72","SEMA4","Cell-Cell Contact","PMID: 22325954"
"Plasma cells","Classical Monocytes","HLA-DQA2","CD4",0.00200514515551875,0,"HLA-DQA2_CD4","HLA-DQA2 - CD4","MHC-II","Cell-Cell Contact","KEGG: hsa04514"
"Classical Monocytes","Regulatory / Activated CD4 T cells","LAMB3","ITGA6_ITGB1",0.00200282124439386,0,"LAMB3_ITGA6_ITGB1","LAMB3 - (ITGA6+ITGB1)","LAMININ","ECM-Receptor","KEGG: hsa04512"
"MAIT / CD161-like T cells","C1Q+ Monocytes","ICAM1","ITGAM_ITGB2",0.00200154075087284,0,"ICAM1_ITGAM_ITGB2","ICAM1 - (ITGAM+ITGB2)","ICAM","Cell-Cell Contact","KEGG: hsa04514"
"Conventional Dendritic Cells","Classical Monocytes","ENTPD1","ADORA2A",0.00199956393644493,0,"ENTPD1_ADORA2A","ENTPD1 - ADORA2A","CD39","Cell-Cell Contact","PMID: 21677139"
"Monocytes","Myeloid cells","SEMA4A","PLXNB2",0.00199936188293488,0,"SEMA4A_PLXNB2","SEMA4A - PLXNB2","SEMA4","Cell-Cell Contact","PMID: 27533782"
"Myeloid cells","Conventional Dendritic Cells","SEMA4D","PLXNB2",0.00199280435892288,0.01,"SEMA4D_PLXNB2","SEMA4D - PLXNB2","SEMA4","Cell-Cell Contact","PMID: 27533782"
"C1Q+ Monocytes","Conventional Dendritic Cells","FLT3LG","FLT3",0.00198546924534171,0,"FLT3L_FLT3","FLT3L - FLT3","FLT3","Secreted Signaling","PMID: 25992210"
"Monocytes","Naive B cells","ICOSLG","ICOS",0.00197875400788687,0,"ICOSL_ICOS","ICOSL - ICOS","ICOS","Cell-Cell Contact","PMID: 23954143"
"Monocytes","Classical Monocytes","RETN","TLR4",0.00197447427907848,0,"RETN_TLR4","RETN - TLR4","RESISTIN","Secreted Signaling","PMID: 30809105"
"Classical Monocytes","Classical Monocytes","ENTPD1","ADORA2A",0.00196701768085707,0,"ENTPD1_ADORA2A","ENTPD1 - ADORA2A","CD39","Cell-Cell Contact","PMID: 21677139"
"Monocytes","Conventional Dendritic Cells","HLA-DRB5","CD4",0.0019667545424814,0,"HLA-DRB5_CD4","HLA-DRB5 - CD4","MHC-II","Cell-Cell Contact","KEGG: hsa04514"
"Plasma cells","Myeloid cells","JAM3","ITGAM_ITGB2",0.00196269077016409,0,"JAM3_ITGAM_ITGB2","JAM3 - (ITGAM+ITGB2)","JAM","Cell-Cell Contact","KEGG: hsa04514; PMID: 16118203, PMC2194005"
"Plasma cells","C1Q+ Monocytes","SEMA4D","PLXNB2",0.00196218945893231,0.01,"SEMA4D_PLXNB2","SEMA4D - PLXNB2","SEMA4","Cell-Cell Contact","PMID: 27533782"
"NK-like cells","Naive CD4 T cells","HLA-F","CD8A",0.00196185720374627,0,"HLA-F_CD8A","HLA-F - CD8A","MHC-I","Cell-Cell Contact","KEGG: hsa04514"
"MAIT / CD161-like T cells","Classical Monocytes","TNFSF14","LTBR",0.00196073469429864,0,"TNFSF14_LTBR","TNFSF14 - LTBR","LIGHT","Secreted Signaling","KEGG: hsa04060"
"Naive B cells","Classical Monocytes","CD226","NECTIN2",0.00196005225327262,0,"CD226_NECTIN2","CD226 - NECTIN2","CD226","Cell-Cell Contact","PMID: 24440149"
"Classical Monocytes","Naive B cells","NECTIN2","CD226",0.00196005225327262,0,"NECTIN2_CD226","NECTIN2 - CD226","NECTIN","Cell-Cell Contact","KEGG: hsa04514"
"Myeloid cells","Monocytes","GRN","SORT1",0.00195615380530024,0,"GRN_SORT1","GRN - SORT1","GRN","Secreted Signaling","PMID: 29555433"
"NK cells","Monocytes","NCAM1","FGFR1",0.00194953045774698,0,"NCAM1_FGFR1","NCAM1 - FGFR1","NCAM","Cell-Cell Contact","PMID: 12791257"
"Monocytes","Naive B cells","CD69","KLRB1",0.00194661837763467,0,"CLEC2C_KLRB1","CLEC2C - KLRB1","CLEC","Cell-Cell Contact","PMID: 24223577"
"Conventional Dendritic Cells","Monocytes","F11R","ITGAL_ITGB2",0.001942612869871,0,"JAM1_ITGAL_ITGB2","JAM1 - (ITGAL+ITGB2)","JAM","Cell-Cell Contact","PMID: 11812992"
"Classical Monocytes","MAIT / CD161-like T cells","BAG6","NCR3",0.00194075254535011,0,"BAG6_NCR3-PS","BAG6 - NCR3-PS","BAG","Secreted Signaling","PMID: 30021652"
"Conventional Dendritic Cells","Classical Monocytes","SEMA7A","PLXNC1",0.00193577383083462,0,"SEMA7A_PLXNC1","SEMA7A - PLXNC1","SEMA7","Cell-Cell Contact","PMID: 27533782"
"Naive B cells","Monocytes","CD226","NECTIN2",0.00193172125143009,0,"CD226_NECTIN2","CD226 - NECTIN2","CD226","Cell-Cell Contact","PMID: 24440149"
"Monocytes","Naive B cells","NECTIN2","CD226",0.00193172125143009,0,"NECTIN2_CD226","NECTIN2 - CD226","NECTIN","Cell-Cell Contact","KEGG: hsa04514"
"Conventional Dendritic Cells","Monocytes","HLA-DOB","CD4",0.00192950095885738,0,"HLA-DOB_CD4","HLA-DOB - CD4","MHC-II","Cell-Cell Contact","KEGG: hsa04514"
"C1Q+ Monocytes","Monocytes","GRN","SORT1",0.00192536525518914,0,"GRN_SORT1","GRN - SORT1","GRN","Secreted Signaling","PMID: 29555433"
"NK cells","Naive CD4 T cells","LCK","CD8 receptor",0.00192398048376797,0,"LCK_CD8A_CD8B1","LCK - (CD8A+CD8B1)","LCK","Cell-Cell Contact","PMID: 25427562"
"Classical Monocytes","Conventional Dendritic Cells","F11R","ITGAL_ITGB2",0.00191482405923221,0,"JAM1_ITGAL_ITGB2","JAM1 - (ITGAL+ITGB2)","JAM","Cell-Cell Contact","PMID: 11812992"
"Naive CD4 T cells","NK-like cells","ICAM2","ITGAM_ITGB2",0.00191351664629884,0,"ICAM2_ITGAM_ITGB2","ICAM2 - (ITGAM+ITGB2)","ICAM","Cell-Cell Contact","KEGG: hsa04514"
"NK-like cells","Classical Monocytes","ANXA1","FPR2",0.0019112262275447,0,"ANXA1_FPR2","ANXA1 - FPR2","ANNEXIN","Secreted Signaling","PMID: 23230437"
"Conventional Dendritic Cells","Myeloid cells","SEMA7A","PLXNC1",0.00190919578529597,0,"SEMA7A_PLXNC1","SEMA7A - PLXNC1","SEMA7","Cell-Cell Contact","PMID: 27533782"
"Conventional Dendritic Cells","Conventional Dendritic Cells","ENTPD1","ADORA2B",0.00189745378253708,0,"ENTPD1_ADORA2B","ENTPD1 - ADORA2B","CD39","Cell-Cell Contact","PMID: 21677139"
"Classical Monocytes","Naive B cells","ICOSLG","ICOS",0.00188773080300386,0,"ICOSL_ICOS","ICOSL - ICOS","ICOS","Cell-Cell Contact","PMID: 23954143"
"Monocytes","Naive B cells","ICAM2","ITGAM_ITGB2",0.00188189072691466,0,"ICAM2_ITGAM_ITGB2","ICAM2 - (ITGAM+ITGB2)","ICAM","Cell-Cell Contact","KEGG: hsa04514"
"Myeloid cells","Conventional Dendritic Cells","IL1B","IL1R1_IL1RAP",0.00188150767982992,0,"IL1B_IL1R1_IL1RAP","IL1B - (IL1R1+IL1RAP)","IL1","Secreted Signaling","KEGG: hsa04060"
"Monocytes","Regulatory / Activated CD4 T cells","ICOSLG","CTLA4",0.00187781143883189,0,"ICOSL_CTLA4","ICOSL - CTLA4","ICOS","Cell-Cell Contact","KEGG: hsa04514"
"Monocytes","MAIT / CD161-like T cells","ICAM1","SPN",0.00187324088481849,0,"ICAM1_SPN","ICAM1 - SPN","ICAM","Cell-Cell Contact","PMID: 1683685"
"Plasma cells","Classical Monocytes","ANGPTL1","LILRB3",0.00187279305774567,0,"ANGPTL1_PIRB","ANGPTL1 - PIRB","ANGPTL","Secreted Signaling","PMID: 24478758"
"Monocytes","Regulatory / Activated CD4 T cells","RETN","CAP1",0.00187049928992816,0,"RETN_CAP1","RETN - CAP1","RESISTIN","Secreted Signaling","PMID: 30809105"
"Classical Monocytes","Conventional Dendritic Cells","ENTPD1","ADORA2B",0.00186656643242962,0,"ENTPD1_ADORA2B","ENTPD1 - ADORA2B","CD39","Cell-Cell Contact","PMID: 21677139"
"Monocytes","MAIT / CD161-like T cells","BAG6","NCR3",0.00186351393639015,0,"BAG6_NCR3-PS","BAG6 - NCR3-PS","BAG","Secreted Signaling","PMID: 30021652"
"MAIT / CD161-like T cells","Classical Monocytes","ANXA1","FPR2",0.00185650370668868,0,"ANXA1_FPR2","ANXA1 - FPR2","ANNEXIN","Secreted Signaling","PMID: 23230437"
"MAIT / CD161-like T cells","Conventional Dendritic Cells","TNFSF14","TNFRSF14",0.00184790898374459,0,"TNFSF14_TNFRSF14","TNFSF14 - TNFRSF14","LIGHT","Secreted Signaling","KEGG: hsa04060"
"Plasma cells","MAIT / CD161-like T cells","ICOSLG","CD28",0.0018454841306495,0,"ICOSL_CD28","ICOSL - CD28","ICOS","Cell-Cell Contact","KEGG: hsa04514"
"Monocytes","Classical Monocytes","IL1B","IL1R2",0.00184407155529182,0,"IL1B_IL1R2","IL1B - IL1R2","IL1","Secreted Signaling","KEGG: hsa04060"
"C1Q+ Monocytes","Plasma cells","ICAM1","ITGAL",0.00184040154564663,0.03,"ICAM1_ITGAL","ICAM1 - ITGAL","ICAM","Cell-Cell Contact","PMID: 23602662"
"Conventional Dendritic Cells","Naive B cells","ICOSLG","ICOS",0.00183781685591546,0,"ICOSL_ICOS","ICOSL - ICOS","ICOS","Cell-Cell Contact","PMID: 23954143"
"MAIT / CD161-like T cells","Naive B cells","JAM3","ITGAM_ITGB2",0.00183241931053113,0,"JAM3_ITGAM_ITGB2","JAM3 - (ITGAM+ITGB2)","JAM","Cell-Cell Contact","KEGG: hsa04514; PMID: 16118203, PMC2194005"
"Conventional Dendritic Cells","Naive CD4 T cells","ICAM1","ITGAL",0.00183014550100694,0.02,"ICAM1_ITGAL","ICAM1 - ITGAL","ICAM","Cell-Cell Contact","PMID: 23602662"
"Plasma cells","Gamma-delta Cytotoxic T cells","JAM3","JAM3",0.0018257887374385,0,"JAM3_JAM3","JAM3 - JAM3","JAM","Cell-Cell Contact","KEGG: hsa04514"
"Gamma-delta Cytotoxic T cells","Plasma cells","JAM3","JAM3",0.0018257887374385,0,"JAM3_JAM3","JAM3 - JAM3","JAM","Cell-Cell Contact","KEGG: hsa04514"
"C1Q+ Monocytes","NK cells","BAG6","NCR3",0.00182525877270178,0,"BAG6_NCR3-PS","BAG6 - NCR3-PS","BAG","Secreted Signaling","PMID: 30021652"
"Myeloid cells","Classical Monocytes","ICAM1","ITGAL",0.00182489234733024,0,"ICAM1_ITGAL","ICAM1 - ITGAL","ICAM","Cell-Cell Contact","PMID: 23602662"
"MAIT / CD161-like T cells","Monocytes","ICAM1","ITGAL",0.00182196019637786,0.01,"ICAM1_ITGAL","ICAM1 - ITGAL","ICAM","Cell-Cell Contact","PMID: 23602662"
"Plasma cells","Classical Monocytes","ENTPD1","ADORA2B",0.0018215399297711,0,"ENTPD1_ADORA2B","ENTPD1 - ADORA2B","CD39","Cell-Cell Contact","PMID: 21677139"
"Monocytes","C1Q+ Monocytes","TNFSF8","TNFRSF8",0.00181555525230248,0,"TNFSF8_TNFRSF8","TNFSF8 - TNFRSF8","CD30","Secreted Signaling","KEGG: hsa04060"
"Myeloid cells","C1Q+ Monocytes","TNFSF8","TNFRSF8",0.00181459461802276,0,"TNFSF8_TNFRSF8","TNFSF8 - TNFRSF8","CD30","Secreted Signaling","KEGG: hsa04060"
"C1Q+ Monocytes","Naive B cells","ALCAM","CD6",0.00180849520904263,0,"ALCAM_CD6","ALCAM - CD6","ALCAM","Cell-Cell Contact","KEGG: hsa04514"
"Naive B cells","C1Q+ Monocytes","CD6","ALCAM",0.00180849520904263,0,"CD6_ALCAM","CD6 - ALCAM","CD6","Cell-Cell Contact","PMID: 23602662"
"Conventional Dendritic Cells","Naive CD4 T cells","HLA-DQA2","CD4",0.0018029979059368,0,"HLA-DQA2_CD4","HLA-DQA2 - CD4","MHC-II","Cell-Cell Contact","KEGG: hsa04514"
"Monocytes","Classical Monocytes","F11R","ITGAL_ITGB2",0.00180120791596017,0,"JAM1_ITGAL_ITGB2","JAM1 - (ITGAL+ITGB2)","JAM","Cell-Cell Contact","PMID: 11812992"
"MAIT / CD161-like T cells","Conventional Dendritic Cells","ICAM1","ITGAM_ITGB2",0.00179293573676724,0.04,"ICAM1_ITGAM_ITGB2","ICAM1 - (ITGAM+ITGB2)","ICAM","Cell-Cell Contact","KEGG: hsa04514"
"Classical Monocytes","Regulatory / Activated CD4 T cells","ICOSLG","CTLA4",0.00179142328391884,0,"ICOSL_CTLA4","ICOSL - CTLA4","ICOS","Cell-Cell Contact","KEGG: hsa04514"
"MAIT / CD161-like T cells","Conventional Dendritic Cells","TNFSF14","LTBR",0.00178894815476657,0,"TNFSF14_LTBR","TNFSF14 - LTBR","LIGHT","Secreted Signaling","KEGG: hsa04060"
"MAIT / CD161-like T cells","C1Q+ Monocytes","TNFSF14","LTBR",0.00178097571472436,0,"TNFSF14_LTBR","TNFSF14 - LTBR","LIGHT","Secreted Signaling","KEGG: hsa04060"
"Classical Monocytes","MAIT / CD161-like T cells","IL18","IL18R1_IL18RAP",0.00178070200129145,0,"IL18_IL18R1_IL18RAP","IL18 - (IL18R1+IL18RAP)","IL1","Secreted Signaling","KEGG: hsa04060"
"Classical Monocytes","C1Q+ Monocytes","RETN","TLR4",0.00177751887932841,0,"RETN_TLR4","RETN - TLR4","RESISTIN","Secreted Signaling","PMID: 30809105"
"Classical Monocytes","Regulatory / Activated CD4 T cells","HLA-DQA1","CD4",0.00177486292489006,0.04,"HLA-DQA1_CD4","HLA-DQA1 - CD4","MHC-II","Cell-Cell Contact","KEGG: hsa04514"
"Myeloid cells","Monocytes","SEMA4A","PLXNB2",0.00177411526563132,0,"SEMA4A_PLXNB2","SEMA4A - PLXNB2","SEMA4","Cell-Cell Contact","PMID: 27533782"
"Classical Monocytes","C1Q+ Monocytes","SEMA4A","PLXNB2",0.00177252701613324,0,"SEMA4A_PLXNB2","SEMA4A - PLXNB2","SEMA4","Cell-Cell Contact","PMID: 27533782"
"NK cells","C1Q+ Monocytes","ICAM2","ITGAM_ITGB2",0.00177155331049372,0.01,"ICAM2_ITGAM_ITGB2","ICAM2 - (ITGAM+ITGB2)","ICAM","Cell-Cell Contact","KEGG: hsa04514"
"Naive B cells","Classical Monocytes","COL6A2","ITGAV_ITGB8",0.00176172643609369,0,"COL6A2_ITGAV_ITGB8","COL6A2 - (ITGAV+ITGB8)","COLLAGEN","ECM-Receptor","KEGG: hsa04512"
"NK-like cells","NK cells","HLA-F","KIR3DL1",0.00175834147743877,0,"HLA-F_KIR3DL1","HLA-F - KIR3DL1","MHC-I","Cell-Cell Contact","PMID: 28484462"
"Myeloid cells","Naive CD4 T cells","HLA-DMB","CD4",0.00174451609467231,0.02,"HLA-DMB_CD4","HLA-DMB - CD4","MHC-II","Cell-Cell Contact","KEGG: hsa04514"
"Conventional Dendritic Cells","Regulatory / Activated CD4 T cells","ICOSLG","CTLA4",0.00174405137764406,0,"ICOSL_CTLA4","ICOSL - CTLA4","ICOS","Cell-Cell Contact","KEGG: hsa04514"
"Classical Monocytes","MAIT / CD161-like T cells","F11R","ITGAL_ITGB2",0.00174323330153965,0,"JAM1_ITGAL_ITGB2","JAM1 - (ITGAL+ITGB2)","JAM","Cell-Cell Contact","PMID: 11812992"
"Conventional Dendritic Cells","Classical Monocytes","F11R","ITGAL_ITGB2",0.00173705679990511,0,"JAM1_ITGAL_ITGB2","JAM1 - (ITGAL+ITGB2)","JAM","Cell-Cell Contact","PMID: 11812992"
"NK-like cells","Conventional Dendritic Cells","SEMA4D","CD72",0.00173320325132675,0,"SEMA4D_CD72","SEMA4D - CD72","SEMA4","Cell-Cell Contact","PMID: 22325954"
"Plasma cells","Myeloid cells","COL4A3","ITGAV_ITGB8",0.00172574176602203,0,"COL4A3_ITGAV_ITGB8","COL4A3 - (ITGAV+ITGB8)","COLLAGEN","ECM-Receptor","KEGG: hsa04512"
"Myeloid cells","Classical Monocytes","SEMA4A","PLXNB2",0.00172111668295423,0,"SEMA4A_PLXNB2","SEMA4A - PLXNB2","SEMA4","Cell-Cell Contact","PMID: 27533782"
"Plasma cells","Classical Monocytes","BTLA","TNFRSF14",0.00172035420207113,0,"BTLA_TNFRSF14","BTLA - TNFRSF14","BTLA","Secreted Signaling","PMID: 21941365"
"C1Q+ Monocytes","Naive B cells","CD69","KLRB1",0.00171912535035402,0,"CLEC2C_KLRB1","CLEC2C - KLRB1","CLEC","Cell-Cell Contact","PMID: 24223577"
"C1Q+ Monocytes","Regulatory / Activated CD4 T cells","TNF","TNFRSF1B",0.00171466537345821,0.01,"TNF_TNFRSF1B","TNF - TNFRSF1B","TNF","Secreted Signaling","KEGG: hsa04060"
"C1Q+ Monocytes","Myeloid cells","TNFSF10","TNFRSF10A",0.00170836522569743,0,"TNFSF10_TNFRSF10B","TNFSF10 - TNFRSF10B","TRAIL","Secreted Signaling","KEGG: hsa04060"
"Monocytes","NK cells","TNF","TNFRSF1B",0.00170575261014338,0,"TNF_TNFRSF1B","TNF - TNFRSF1B","TNF","Secreted Signaling","KEGG: hsa04060"
"Classical Monocytes","MAIT / CD161-like T cells","ICAM1","SPN",0.00169691138626364,0,"ICAM1_SPN","ICAM1 - SPN","ICAM","Cell-Cell Contact","PMID: 1683685"
"Conventional Dendritic Cells","Conventional Dendritic Cells","HLA-DOB","CD4",0.00169206926467495,0,"HLA-DOB_CD4","HLA-DOB - CD4","MHC-II","Cell-Cell Contact","KEGG: hsa04514"
"NK-like cells","NK cells","HLA-F","CD8A",0.00167644254714612,0,"HLA-F_CD8A","HLA-F - CD8A","MHC-I","Cell-Cell Contact","KEGG: hsa04514"
"Conventional Dendritic Cells","Regulatory / Activated CD4 T cells","ICAM1","SPN",0.00166636120713952,0,"ICAM1_SPN","ICAM1 - SPN","ICAM","Cell-Cell Contact","PMID: 1683685"
"Monocytes","C1Q+ Monocytes","ENTPD1","ADORA2A",0.00166114347305243,0,"ENTPD1_ADORA2A","ENTPD1 - ADORA2A","CD39","Cell-Cell Contact","PMID: 21677139"
"Myeloid cells","Naive B cells","HLA-F","CD8B",0.00166014024169038,0,"HLA-F_CD8B","HLA-F - CD8B","MHC-I","Cell-Cell Contact","KEGG: hsa04514"
"Naive CD4 T cells","C1Q+ Monocytes","ICAM2","ITGAM_ITGB2",0.00165079295016182,0,"ICAM2_ITGAM_ITGB2","ICAM2 - (ITGAM+ITGB2)","ICAM","Cell-Cell Contact","KEGG: hsa04514"
"Monocytes","Classical Monocytes","TNF","TNFRSF1A",0.00164983910127169,0,"TNF_TNFRSF1A","TNF - TNFRSF1A","TNF","Secreted Signaling","KEGG: hsa04060"
"Myeloid cells","Naive CD4 T cells","HLA-F","CD8B",0.00164616082721841,0,"HLA-F_CD8B","HLA-F - CD8B","MHC-I","Cell-Cell Contact","KEGG: hsa04514"
"Myeloid cells","NK cells","ALCAM","CD6",0.00163993509299812,0,"ALCAM_CD6","ALCAM - CD6","ALCAM","Cell-Cell Contact","KEGG: hsa04514"
"NK cells","Myeloid cells","CD6","ALCAM",0.00163993509299812,0,"CD6_ALCAM","CD6 - ALCAM","CD6","Cell-Cell Contact","PMID: 23602662"
"Monocytes","Plasma cells","RETN","CAP1",0.00162152085995922,0,"RETN_CAP1","RETN - CAP1","RESISTIN","Secreted Signaling","PMID: 30809105"
"Monocytes","Regulatory / Activated CD4 T cells","HLA-DRB5","CD4",0.00162079850469805,0,"HLA-DRB5_CD4","HLA-DRB5 - CD4","MHC-II","Cell-Cell Contact","KEGG: hsa04514"
"C1Q+ Monocytes","Naive CD4 T cells","ICOSLG","ICOS",0.00161274752111797,0,"ICOSL_ICOS","ICOSL - ICOS","ICOS","Cell-Cell Contact","PMID: 23954143"
"Monocytes","Naive CD4 T cells","ICAM1","ITGAL",0.00161199413201896,0,"ICAM1_ITGAL","ICAM1 - ITGAL","ICAM","Cell-Cell Contact","PMID: 23602662"
"Monocytes","NK-like cells","ICAM2","ITGAM_ITGB2",0.00159789509806097,0.02,"ICAM2_ITGAM_ITGB2","ICAM2 - (ITGAM+ITGB2)","ICAM","Cell-Cell Contact","KEGG: hsa04514"
"Classical Monocytes","Naive B cells","ICAM2","ITGAM_ITGB2",0.00159641018862752,0,"ICAM2_ITGAM_ITGB2","ICAM2 - (ITGAM+ITGB2)","ICAM","Cell-Cell Contact","KEGG: hsa04514"
"NK-like cells","Classical Monocytes","NCAM1","FGFR1",0.00159217497278334,0,"NCAM1_FGFR1","NCAM1 - FGFR1","NCAM","Cell-Cell Contact","PMID: 12791257"
"Conventional Dendritic Cells","Conventional Dendritic Cells","SEMA4A","PLXNB2",0.00159191722968284,0,"SEMA4A_PLXNB2","SEMA4A - PLXNB2","SEMA4","Cell-Cell Contact","PMID: 27533782"
"NK cells","Conventional Dendritic Cells","ICAM2","ITGAM_ITGB2",0.0015868799837816,0.02,"ICAM2_ITGAM_ITGB2","ICAM2 - (ITGAM+ITGB2)","ICAM","Cell-Cell Contact","KEGG: hsa04514"
"Myeloid cells","NK-like cells","ICAM1","SPN",0.00158422521816099,0,"ICAM1_SPN","ICAM1 - SPN","ICAM","Cell-Cell Contact","PMID: 1683685"
"Classical Monocytes","Conventional Dendritic Cells","SEMA4D","CD72",0.00158337439992355,0,"SEMA4D_CD72","SEMA4D - CD72","SEMA4","Cell-Cell Contact","PMID: 22325954"
"Monocytes","Conventional Dendritic Cells","F11R","ITGAL_ITGB2",0.00158279439058866,0,"JAM1_ITGAL_ITGB2","JAM1 - (ITGAL+ITGB2)","JAM","Cell-Cell Contact","PMID: 11812992"
"NK cells","Conventional Dendritic Cells","SEMA4D","CD72",0.00158169464948845,0,"SEMA4D_CD72","SEMA4D - CD72","SEMA4","Cell-Cell Contact","PMID: 22325954"
"Plasma cells","Conventional Dendritic Cells","BTLA","TNFRSF14",0.00157529043472553,0,"BTLA_TNFRSF14","BTLA - TNFRSF14","BTLA","Secreted Signaling","PMID: 21941365"
"Myeloid cells","Conventional Dendritic Cells","ICAM1","ITGAL",0.0015730700429849,0.03,"ICAM1_ITGAL","ICAM1 - ITGAL","ICAM","Cell-Cell Contact","PMID: 23602662"
"Naive CD4 T cells","Classical Monocytes","ANXA1","FPR2",0.00156577633736359,0,"ANXA1_FPR2","ANXA1 - FPR2","ANNEXIN","Secreted Signaling","PMID: 23230437"
"Classical Monocytes","Classical Monocytes","LAMB3","ITGAV_ITGB8",0.00156363807173764,0,"LAMB3_ITGAV_ITGB8","LAMB3 - (ITGAV+ITGB8)","LAMININ","ECM-Receptor","KEGG: hsa04512"
"MAIT / CD161-like T cells","Classical Monocytes","ICAM1","ITGAL",0.00156245555738435,0.02,"ICAM1_ITGAL","ICAM1 - ITGAL","ICAM","Cell-Cell Contact","PMID: 23602662"
"MAIT / CD161-like T cells","NK-like cells","JAM3","ITGAM_ITGB2",0.00155587776231438,0,"JAM3_ITGAM_ITGB2","JAM3 - (ITGAM+ITGB2)","JAM","Cell-Cell Contact","KEGG: hsa04514; PMID: 16118203, PMC2194005"
"Classical Monocytes","Monocytes","RETN","TLR4",0.00154767158695695,0,"RETN_TLR4","RETN - TLR4","RESISTIN","Secreted Signaling","PMID: 30809105"
"Myeloid cells","Monocytes","ICAM1","SPN",0.00154479558068708,0,"ICAM1_SPN","ICAM1 - SPN","ICAM","Cell-Cell Contact","PMID: 1683685"
"Myeloid cells","Conventional Dendritic Cells","ICAM1","SPN",0.00154348817562807,0,"ICAM1_SPN","ICAM1 - SPN","ICAM","Cell-Cell Contact","PMID: 1683685"
"Monocytes","Monocytes","ENTPD1","ADORA2B",0.00154297793411195,0,"ENTPD1_ADORA2B","ENTPD1 - ADORA2B","CD39","Cell-Cell Contact","PMID: 21677139"
"Myeloid cells","Regulatory / Activated CD4 T cells","CLEC2B","KLRB1",0.00154117809951386,0,"CLEC2B_KLRB1","CLEC2B - KLRB1","CLEC","Cell-Cell Contact","PMID: 24223577"
"Monocytes","Naive B cells","TNF","TNFRSF1B",0.00153353907420378,0,"TNF_TNFRSF1B","TNF - TNFRSF1B","TNF","Secreted Signaling","KEGG: hsa04060"
"Conventional Dendritic Cells","Monocytes","SEMA7A","PLXNC1",0.00153178323741879,0,"SEMA7A_PLXNC1","SEMA7A - PLXNC1","SEMA7","Cell-Cell Contact","PMID: 27533782"
"Conventional Dendritic Cells","Conventional Dendritic Cells","F11R","ITGAL_ITGB2",0.00152641030988988,0,"JAM1_ITGAL_ITGB2","JAM1 - (ITGAL+ITGB2)","JAM","Cell-Cell Contact","PMID: 11812992"
"Monocytes","MAIT / CD161-like T cells","RETN","CAP1",0.00152182635958796,0,"RETN_CAP1","RETN - CAP1","RESISTIN","Secreted Signaling","PMID: 30809105"
"Platelets","Naive B cells","HLA-F","CD8B",0.00151149884860201,0,"HLA-F_CD8B","HLA-F - CD8B","MHC-I","Cell-Cell Contact","KEGG: hsa04514"
"Myeloid cells","Myeloid cells","LAMB3","ITGAV_ITGB8",0.00150853087476284,0,"LAMB3_ITGAV_ITGB8","LAMB3 - (ITGAV+ITGB8)","LAMININ","ECM-Receptor","KEGG: hsa04512"
"Gamma-delta Cytotoxic T cells","Myeloid cells","JAM3","ITGAM_ITGB2",0.00150305862631379,0,"JAM3_ITGAM_ITGB2","JAM3 - (ITGAM+ITGB2)","JAM","Cell-Cell Contact","KEGG: hsa04514; PMID: 16118203, PMC2194005"
"C1Q+ Monocytes","Conventional Dendritic Cells","TNF","TNFRSF1A",0.00150233884266255,0,"TNF_TNFRSF1A","TNF - TNFRSF1A","TNF","Secreted Signaling","KEGG: hsa04060"
"Platelets","Naive CD4 T cells","HLA-F","CD8B",0.0014987692081484,0,"HLA-F_CD8B","HLA-F - CD8B","MHC-I","Cell-Cell Contact","KEGG: hsa04514"
"Monocytes","MAIT / CD161-like T cells","IL18","IL18R1_IL18RAP",0.00149661801216107,0,"IL18_IL18R1_IL18RAP","IL18 - (IL18R1+IL18RAP)","IL1","Secreted Signaling","KEGG: hsa04060"
"Myeloid cells","NK cells","HLA-F","KIR3DL2",0.00149129658226864,0,"HLA-F_KIR3DL2","HLA-F - KIR3DL2","MHC-I","Cell-Cell Contact","PMID: 28484462"
"Monocytes","Classical Monocytes","HLA-DRB5","CD4",0.00148704140567412,0,"HLA-DRB5_CD4","HLA-DRB5 - CD4","MHC-II","Cell-Cell Contact","KEGG: hsa04514"
"Naive CD4 T cells","Conventional Dendritic Cells","ICAM2","ITGAM_ITGB2",0.00147868948643168,0.01,"ICAM2_ITGAM_ITGB2","ICAM2 - (ITGAM+ITGB2)","ICAM","Cell-Cell Contact","KEGG: hsa04514"
"Myeloid cells","MAIT / CD161-like T cells","ICOSLG","ICOS",0.00147062200993455,0,"ICOSL_ICOS","ICOSL - ICOS","ICOS","Cell-Cell Contact","PMID: 23954143"
"Monocytes","Naive CD4 T cells","RETN","CAP1",0.0014705688555699,0,"RETN_CAP1","RETN - CAP1","RESISTIN","Secreted Signaling","PMID: 30809105"
"Monocytes","Gamma-delta Cytotoxic T cells","RETN","CAP1",0.00146866843547871,0,"RETN_CAP1","RETN - CAP1","RESISTIN","Secreted Signaling","PMID: 30809105"
"Monocytes","Regulatory / Activated CD4 T cells","ICAM1","SPN",0.00146770404286439,0,"ICAM1_SPN","ICAM1 - SPN","ICAM","Cell-Cell Contact","PMID: 1683685"
"Regulatory / Activated CD4 T cells","Naive B cells","ICAM2","ITGAM_ITGB2",0.00146748225763677,0.02,"ICAM2_ITGAM_ITGB2","ICAM2 - (ITGAM+ITGB2)","ICAM","Cell-Cell Contact","KEGG: hsa04514"
"Conventional Dendritic Cells","Myeloid cells","SEMA4D","PLXNB2",0.0014660740830074,0,"SEMA4D_PLXNB2","SEMA4D - PLXNB2","SEMA4","Cell-Cell Contact","PMID: 27533782"
"Classical Monocytes","Conventional Dendritic Cells","ADM","CALCRL",0.00146501039503165,0,"ADM_CALCRL","ADM - CALCRL","CALCR","Secreted Signaling","KEGG: hsa04080"
"Classical Monocytes","Naive CD4 T cells","ICAM1","ITGAL",0.00146022000019461,0,"ICAM1_ITGAL","ICAM1 - ITGAL","ICAM","Cell-Cell Contact","PMID: 23602662"
"Naive CD4 T cells","C1Q+ Monocytes","TNFSF8","TNFRSF8",0.00145628940755245,0,"TNFSF8_TNFRSF8","TNFSF8 - TNFRSF8","CD30","Secreted Signaling","KEGG: hsa04060"
"Conventional Dendritic Cells","Conventional Dendritic Cells","ADM","CALCRL",0.00145591787710558,0,"ADM_CALCRL","ADM - CALCRL","CALCR","Secreted Signaling","KEGG: hsa04080"
"Conventional Dendritic Cells","Monocytes","CCL3L3","CCR1",0.00145526947837844,0,"CCL3L3_CCR1","CCL3L3 - CCR1","CCL","Secreted Signaling","KEGG: hsa04060"
"Plasma cells","C1Q+ Monocytes","GRN","SORT1",0.00145298843506611,0,"GRN_SORT1","GRN - SORT1","GRN","Secreted Signaling","PMID: 29555433"
"Monocytes","Monocytes","TNF","TNFRSF1A",0.00144876500758304,0,"TNF_TNFRSF1A","TNF - TNFRSF1A","TNF","Secreted Signaling","KEGG: hsa04060"
"Naive B cells","Conventional Dendritic Cells","SEMA4D","CD72",0.00144683754509413,0,"SEMA4D_CD72","SEMA4D - CD72","SEMA4","Cell-Cell Contact","PMID: 22325954"
"Monocytes","MAIT / CD161-like T cells","F11R","ITGAL_ITGB2",0.00144091444163042,0,"JAM1_ITGAL_ITGB2","JAM1 - (ITGAL+ITGB2)","JAM","Cell-Cell Contact","PMID: 11812992"
"Monocytes","Monocytes","CCL3L3","CCR1",0.00143807064977667,0,"CCL3L3_CCR1","CCL3L3 - CCR1","CCL","Secreted Signaling","KEGG: hsa04060"
"C1Q+ Monocytes","NK cells","IL18","IL18R1_IL18RAP",0.00143526589974112,0,"IL18_IL18R1_IL18RAP","IL18 - (IL18R1+IL18RAP)","IL1","Secreted Signaling","KEGG: hsa04060"
"Classical Monocytes","Regulatory / Activated CD4 T cells","F11R","ITGAL_ITGB2",0.00142177808384588,0,"JAM1_ITGAL_ITGB2","JAM1 - (ITGAL+ITGB2)","JAM","Cell-Cell Contact","PMID: 11812992"
"Conventional Dendritic Cells","Gamma-delta Cytotoxic T cells","SEMA4D","CD72",0.00140937654377077,0,"SEMA4D_CD72","SEMA4D - CD72","SEMA4","Cell-Cell Contact","PMID: 22325954"
"Conventional Dendritic Cells","Platelets","COL9A2","GP6",0.00140818931687327,0,"COL9A2_GP6","COL9A2 - GP6","COLLAGEN","ECM-Receptor","KEGG: hsa04512"
"Monocytes","Myeloid cells","TNF","TNFRSF1A",0.00139956079896514,0,"TNF_TNFRSF1A","TNF - TNFRSF1A","TNF","Secreted Signaling","KEGG: hsa04060"
"Gamma-delta Cytotoxic T cells","Gamma-delta Cytotoxic T cells","JAM3","JAM3",0.00139817204062514,0,"JAM3_JAM3","JAM3 - JAM3","JAM","Cell-Cell Contact","KEGG: hsa04514"
"Conventional Dendritic Cells","Regulatory / Activated CD4 T cells","HLA-DOB","CD4",0.00139436340868935,0,"HLA-DOB_CD4","HLA-DOB - CD4","MHC-II","Cell-Cell Contact","KEGG: hsa04514"
"MAIT / CD161-like T cells","Conventional Dendritic Cells","SEMA4D","CD72",0.00139247627986894,0,"SEMA4D_CD72","SEMA4D - CD72","SEMA4","Cell-Cell Contact","PMID: 22325954"
"Conventional Dendritic Cells","MAIT / CD161-like T cells","F11R","ITGAL_ITGB2",0.00138957753358719,0,"JAM1_ITGAL_ITGB2","JAM1 - (ITGAL+ITGB2)","JAM","Cell-Cell Contact","PMID: 11812992"
"Conventional Dendritic Cells","Classical Monocytes","ICAM1","SPN",0.001383245993169,0,"ICAM1_SPN","ICAM1 - SPN","ICAM","Cell-Cell Contact","PMID: 1683685"
"Monocytes","MAIT / CD161-like T cells","TNF","TNFRSF1B",0.00138127092866253,0,"TNF_TNFRSF1B","TNF - TNFRSF1B","TNF","Secreted Signaling","KEGG: hsa04060"
"Plasma cells","Myeloid cells","ENTPD1","ADORA2B",0.0013794808215927,0,"ENTPD1_ADORA2B","ENTPD1 - ADORA2B","CD39","Cell-Cell Contact","PMID: 21677139"
"Monocytes","C1Q+ Monocytes","ICAM2","ITGAM_ITGB2",0.0013784460388458,0.04,"ICAM2_ITGAM_ITGB2","ICAM2 - (ITGAM+ITGB2)","ICAM","Cell-Cell Contact","KEGG: hsa04514"
"Classical Monocytes","Naive B cells","CD69","KLRB1",0.00137305289497161,0,"CLEC2C_KLRB1","CLEC2C - KLRB1","CLEC","Cell-Cell Contact","PMID: 24223577"
"Gamma-delta Cytotoxic T cells","Naive CD4 T cells","HLA-DOB","CD4",0.00137297458528701,0,"HLA-DOB_CD4","HLA-DOB - CD4","MHC-II","Cell-Cell Contact","KEGG: hsa04514"
"Platelets","NK cells","HLA-F","KIR3DL2",0.00135775212119772,0,"HLA-F_KIR3DL2","HLA-F - KIR3DL2","MHC-I","Cell-Cell Contact","PMID: 28484462"
"MAIT / CD161-like T cells","NK-like cells","ICAM1","SPN",0.00135635160957427,0,"ICAM1_SPN","ICAM1 - SPN","ICAM","Cell-Cell Contact","PMID: 1683685"
"Myeloid cells","Conventional Dendritic Cells","GRN","SORT1",0.00135628527769637,0,"GRN_SORT1","GRN - SORT1","GRN","Secreted Signaling","PMID: 29555433"
"Plasma cells","Classical Monocytes","COL4A4","SDC4",0.00135000044488406,0,"COL4A4_SDC4","COL4A4 - SDC4","COLLAGEN","ECM-Receptor","KEGG: hsa04512"
"Conventional Dendritic Cells","Classical Monocytes","CCL3L3","CCR1",0.00134360563988524,0,"CCL3L3_CCR1","CCL3L3 - CCR1","CCL","Secreted Signaling","KEGG: hsa04060"
"MAIT / CD161-like T cells","C1Q+ Monocytes","JAM3","ITGAM_ITGB2",0.00134219145254814,0,"JAM3_ITGAM_ITGB2","JAM3 - (ITGAM+ITGB2)","JAM","Cell-Cell Contact","KEGG: hsa04514; PMID: 16118203, PMC2194005"
"Myeloid cells","Naive B cells","ICOSLG","ICOS",0.00133716077820799,0,"ICOSL_ICOS","ICOSL - ICOS","ICOS","Cell-Cell Contact","PMID: 23954143"
"C1Q+ Monocytes","Conventional Dendritic Cells","GRN","SORT1",0.00133492562780663,0,"GRN_SORT1","GRN - SORT1","GRN","Secreted Signaling","PMID: 29555433"
"Plasma cells","Monocytes","COL4A3","ITGAV_ITGB8",0.00133458253559913,0,"COL4A3_ITGAV_ITGB8","COL4A3 - (ITGAV+ITGB8)","COLLAGEN","ECM-Receptor","KEGG: hsa04512"
"C1Q+ Monocytes","MAIT / CD161-like T cells","CD80","CD28",0.001332217223615,0,"CD80_CD28","CD80 - CD28","CD80","Cell-Cell Contact","PMID: 23954143"
"Monocytes","Conventional Dendritic Cells","ADM","CALCRL",0.00132959551147856,0,"ADM_CALCRL","ADM - CALCRL","CALCR","Secreted Signaling","KEGG: hsa04080"
"Classical Monocytes","Regulatory / Activated CD4 T cells","ICAM1","SPN",0.00132949716928318,0,"ICAM1_SPN","ICAM1 - SPN","ICAM","Cell-Cell Contact","PMID: 1683685"
"Monocytes","Classical Monocytes","CCL3L3","CCR1",0.00132772473463251,0,"CCL3L3_CCR1","CCL3L3 - CCR1","CCL","Secreted Signaling","KEGG: hsa04060"
"Monocytes","Conventional Dendritic Cells","SEMA4D","CD72",0.00132550661058548,0,"SEMA4D_CD72","SEMA4D - CD72","SEMA4","Cell-Cell Contact","PMID: 22325954"
"MAIT / CD161-like T cells","Monocytes","ICAM1","SPN",0.00132258598465194,0,"ICAM1_SPN","ICAM1 - SPN","ICAM","Cell-Cell Contact","PMID: 1683685"
"MAIT / CD161-like T cells","Conventional Dendritic Cells","ICAM1","SPN",0.00132146639308098,0,"ICAM1_SPN","ICAM1 - SPN","ICAM","Cell-Cell Contact","PMID: 1683685"
"Gamma-delta Cytotoxic T cells","MAIT / CD161-like T cells","ICOSLG","ICOS",0.00131137320243283,0,"ICOSL_ICOS","ICOSL - ICOS","ICOS","Cell-Cell Contact","PMID: 23954143"
"Regulatory / Activated CD4 T cells","Myeloid cells","CD40LG","ITGAM_ITGB2",0.00131079289879873,0,"CD40LG_ITGAM_ITGB2","CD40LG - (ITGAM+ITGB2)","CD40","Secreted Signaling","PMID: 28676852"
"NK-like cells","Monocytes","NCAM1","FGFR1",0.00129675010267488,0,"NCAM1_FGFR1","NCAM1 - FGFR1","NCAM","Cell-Cell Contact","PMID: 12791257"
"Monocytes","Regulatory / Activated CD4 T cells","LAMB3","ITGA6_ITGB1",0.00128544919959662,0,"LAMB3_ITGA6_ITGB1","LAMB3 - (ITGA6+ITGB1)","LAMININ","ECM-Receptor","KEGG: hsa04512"
"Plasma cells","Regulatory / Activated CD4 T cells","CD86","CTLA4",0.00128143382269286,0,"CD86_CTLA4","CD86 - CTLA4","CD86","Cell-Cell Contact","PMID: 23954143"
"Conventional Dendritic Cells","Classical Monocytes","HLA-DOB","CD4",0.00127926902002966,0,"HLA-DOB_CD4","HLA-DOB - CD4","MHC-II","Cell-Cell Contact","KEGG: hsa04514"
"Conventional Dendritic Cells","NK cells","BAG6","NCR3",0.00127402331724823,0,"BAG6_NCR3-PS","BAG6 - NCR3-PS","BAG","Secreted Signaling","PMID: 30021652"
"Myeloid cells","Regulatory / Activated CD4 T cells","ICOSLG","CTLA4",0.00126890631801472,0,"ICOSL_CTLA4","ICOSL - CTLA4","ICOS","Cell-Cell Contact","KEGG: hsa04514"
"Monocytes","C1Q+ Monocytes","RETN","TLR4",0.00126771561132341,0,"RETN_TLR4","RETN - TLR4","RESISTIN","Secreted Signaling","PMID: 30809105"
"Plasma cells","Monocytes","SEMA4D","PLXNB2",0.0012675077670882,0,"SEMA4D_PLXNB2","SEMA4D - PLXNB2","SEMA4","Cell-Cell Contact","PMID: 27533782"
"Naive B cells","Myeloid cells","COL6A2","ITGAV_ITGB8",0.0012489375871963,0,"COL6A2_ITGAV_ITGB8","COL6A2 - (ITGAV+ITGB8)","COLLAGEN","ECM-Receptor","KEGG: hsa04512"
"C1Q+ Monocytes","Monocytes","CCL3","CCR1",0.00124865875945959,0,"CCL3_CCR1","CCL3 - CCR1","CCL","Secreted Signaling","KEGG: hsa04060"
"Plasma cells","Monocytes","COL4A4","SDC4",0.00124030368081907,0,"COL4A4_SDC4","COL4A4 - SDC4","COLLAGEN","ECM-Receptor","KEGG: hsa04512"
"Platelets","Myeloid cells","BMP6","ACVR1_ACVR2A",0.00123260354373494,0,"BMP6_ACVR1_ACVR2A","BMP6 - (ACVR1+ACVR2A)","BMP","Secreted Signaling","KEGG: hsa04350; PMID:26893264"
"Plasma cells","Classical Monocytes","SEMA4D","PLXNB2",0.00122962455287711,0.01,"SEMA4D_PLXNB2","SEMA4D - PLXNB2","SEMA4","Cell-Cell Contact","PMID: 27533782"
"Classical Monocytes","NK cells","IL18","IL18R1_IL18RAP",0.00122684026493232,0,"IL18_IL18R1_IL18RAP","IL18 - (IL18R1+IL18RAP)","IL1","Secreted Signaling","KEGG: hsa04060"
"Myeloid cells","Naive CD4 T cells","HLA-F","CD8A",0.00122401832340541,0,"HLA-F_CD8A","HLA-F - CD8A","MHC-I","Cell-Cell Contact","KEGG: hsa04514"
"Naive B cells","Conventional Dendritic Cells","CD226","NECTIN2",0.00121839660797695,0,"CD226_NECTIN2","CD226 - NECTIN2","CD226","Cell-Cell Contact","PMID: 24440149"
"Conventional Dendritic Cells","Naive B cells","NECTIN2","CD226",0.00121839660797695,0,"NECTIN2_CD226","NECTIN2 - CD226","NECTIN","Cell-Cell Contact","KEGG: hsa04514"
"Monocytes","Classical Monocytes","ICAM1","SPN",0.00121829954557495,0,"ICAM1_SPN","ICAM1 - SPN","ICAM","Cell-Cell Contact","PMID: 1683685"
"Myeloid cells","Naive CD4 T cells","LAMB3","ITGA6_ITGB1",0.00120289989217539,0,"LAMB3_ITGA6_ITGB1","LAMB3 - (ITGA6+ITGB1)","LAMININ","ECM-Receptor","KEGG: hsa04512"
"MAIT / CD161-like T cells","Conventional Dendritic Cells","JAM3","ITGAM_ITGB2",0.00120222250293862,0,"JAM3_ITGAM_ITGB2","JAM3 - (ITGAM+ITGB2)","JAM","Cell-Cell Contact","KEGG: hsa04514; PMID: 16118203, PMC2194005"
"Classical Monocytes","Classical Monocytes","IL1B","IL1R2",0.00119767501008003,0,"IL1B_IL1R2","IL1B - IL1R2","IL1","Secreted Signaling","KEGG: hsa04060"
"Gamma-delta Cytotoxic T cells","Naive B cells","ICOSLG","ICOS",0.00119234679008295,0,"ICOSL_ICOS","ICOSL - ICOS","ICOS","Cell-Cell Contact","PMID: 23954143"
"Plasma cells","Conventional Dendritic Cells","ANGPTL1","LILRB3",0.0011870652942763,0,"ANGPTL1_PIRB","ANGPTL1 - PIRB","ANGPTL","Secreted Signaling","PMID: 24478758"
"C1Q+ Monocytes","Conventional Dendritic Cells","ADM","CALCRL",0.00117537589311625,0,"ADM_CALCRL","ADM - CALCRL","CALCR","Secreted Signaling","KEGG: hsa04080"
"Monocytes","Regulatory / Activated CD4 T cells","F11R","ITGAL_ITGB2",0.00117514171509674,0,"JAM1_ITGAL_ITGB2","JAM1 - (ITGAL+ITGB2)","JAM","Cell-Cell Contact","PMID: 11812992"
"C1Q+ Monocytes","MAIT / CD161-like T cells","ICOSLG","CD28",0.00117259059073962,0,"ICOSL_CD28","ICOSL - CD28","ICOS","Cell-Cell Contact","KEGG: hsa04514"
"Myeloid cells","Myeloid cells","SEMA4A","PLXNB2",0.00117224520714631,0,"SEMA4A_PLXNB2","SEMA4A - PLXNB2","SEMA4","Cell-Cell Contact","PMID: 27533782"
"Classical Monocytes","NK-like cells","RETN","CAP1",0.00116738625808062,0,"RETN_CAP1","RETN - CAP1","RESISTIN","Secreted Signaling","PMID: 30809105"
"Regulatory / Activated CD4 T cells","MAIT / CD161-like T cells","CD40LG","ITGA5_ITGB1",0.00116729153586915,0,"CD40LG_ITGA5_ITGB1","CD40LG - (ITGA5+ITGB1)","CD40","Secreted Signaling","PMID: 28676852"
"Myeloid cells","Monocytes","LAMB3","ITGAV_ITGB8",0.00116654746009781,0,"LAMB3_ITGAV_ITGB8","LAMB3 - (ITGAV+ITGB8)","LAMININ","ECM-Receptor","KEGG: hsa04512"
"C1Q+ Monocytes","Classical Monocytes","IL1B","IL1R2",0.00116313474039174,0,"IL1B_IL1R2","IL1B - IL1R2","IL1","Secreted Signaling","KEGG: hsa04060"
"MAIT / CD161-like T cells","MAIT / CD161-like T cells","TNFSF14","TNFRSF14",0.00116161703060393,0,"TNFSF14_TNFRSF14","TNFSF14 - TNFRSF14","LIGHT","Secreted Signaling","KEGG: hsa04060"
"C1Q+ Monocytes","Classical Monocytes","CCL3","CCR1",0.00115283000213177,0,"CCL3_CCR1","CCL3 - CCR1","CCL","Secreted Signaling","KEGG: hsa04060"
"Monocytes","Classical Monocytes","ENTPD1","ADORA2A",0.0011524022227656,0,"ENTPD1_ADORA2A","ENTPD1 - ADORA2A","CD39","Cell-Cell Contact","PMID: 21677139"
"Gamma-delta Cytotoxic T cells","Naive CD4 T cells","HLA-DRB5","CD4",0.00114731794151656,0,"HLA-DRB5_CD4","HLA-DRB5 - CD4","MHC-II","Cell-Cell Contact","KEGG: hsa04514"
"Classical Monocytes","Monocytes","SEMA4A","PLXNB2",0.00114491524005641,0,"SEMA4A_PLXNB2","SEMA4A - PLXNB2","SEMA4","Cell-Cell Contact","PMID: 27533782"
"Gamma-delta Cytotoxic T cells","Naive CD4 T cells","HLA-DOA","CD4",0.00114451039431539,0,"HLA-DOA_CD4","HLA-DOA - CD4","MHC-II","Cell-Cell Contact","KEGG: hsa04514"
"Myeloid cells","Naive B cells","ICAM1","SPN",0.00113817014629718,0,"ICAM1_SPN","ICAM1 - SPN","ICAM","Cell-Cell Contact","PMID: 1683685"
"C1Q+ Monocytes","Regulatory / Activated CD4 T cells","LAMB3","ITGA6_ITGB1",0.00113477327496141,0,"LAMB3_ITGA6_ITGB1","LAMB3 - (ITGA6+ITGB1)","LAMININ","ECM-Receptor","KEGG: hsa04512"
"Conventional Dendritic Cells","Regulatory / Activated CD4 T cells","F11R","ITGAL_ITGB2",0.00113326301299063,0,"JAM1_ITGAL_ITGB2","JAM1 - (ITGAL+ITGB2)","JAM","Cell-Cell Contact","PMID: 11812992"
"Gamma-delta Cytotoxic T cells","Regulatory / Activated CD4 T cells","ICOSLG","CTLA4",0.00113147588618278,0,"ICOSL_CTLA4","ICOSL - CTLA4","ICOS","Cell-Cell Contact","KEGG: hsa04514"
"Monocytes","Classical Monocytes","TNFSF10","TNFRSF10A",0.00113006635776001,0,"TNFSF10_TNFRSF10B","TNFSF10 - TNFRSF10B","TRAIL","Secreted Signaling","KEGG: hsa04060"
"Platelets","Naive CD4 T cells","HLA-F","CD8A",0.00111438171261378,0,"HLA-F_CD8A","HLA-F - CD8A","MHC-I","Cell-Cell Contact","KEGG: hsa04514"
"Classical Monocytes","Classical Monocytes","SEMA4A","PLXNB2",0.0011106919909056,0,"SEMA4A_PLXNB2","SEMA4A - PLXNB2","SEMA4","Cell-Cell Contact","PMID: 27533782"
"Classical Monocytes","Myeloid cells","LAMB3","ITGAV_ITGB8",0.00110844313223749,0,"LAMB3_ITGAV_ITGB8","LAMB3 - (ITGAV+ITGB8)","LAMININ","ECM-Receptor","KEGG: hsa04512"
"Monocytes","Monocytes","RETN","TLR4",0.00110371703747547,0,"RETN_TLR4","RETN - TLR4","RESISTIN","Secreted Signaling","PMID: 30809105"
"Classical Monocytes","Classical Monocytes","ICAM1","SPN",0.00110355197994552,0,"ICAM1_SPN","ICAM1 - SPN","ICAM","Cell-Cell Contact","PMID: 1683685"
"C1Q+ Monocytes","Regulatory / Activated CD4 T cells","TNFSF10","TNFRSF10A",0.00110101983739292,0,"TNFSF10_TNFRSF10B","TNFSF10 - TNFRSF10B","TRAIL","Secreted Signaling","KEGG: hsa04060"
"Conventional Dendritic Cells","Regulatory / Activated CD4 T cells","LAMB3","ITGA6_ITGB1",0.00109910521902835,0,"LAMB3_ITGA6_ITGB1","LAMB3 - (ITGA6+ITGB1)","LAMININ","ECM-Receptor","KEGG: hsa04512"
"Myeloid cells","C1Q+ Monocytes","ENTPD1","ADORA2A",0.00109909291884846,0,"ENTPD1_ADORA2A","ENTPD1 - ADORA2A","CD39","Cell-Cell Contact","PMID: 21677139"
"Myeloid cells","NK cells","HLA-F","KIR3DL1",0.00109695911502216,0,"HLA-F_KIR3DL1","HLA-F - KIR3DL1","MHC-I","Cell-Cell Contact","PMID: 28484462"
"Monocytes","Conventional Dendritic Cells","ENTPD1","ADORA2B",0.00109350600637286,0,"ENTPD1_ADORA2B","ENTPD1 - ADORA2B","CD39","Cell-Cell Contact","PMID: 21677139"
"Plasma cells","Naive CD4 T cells","HLA-DOB","CD4",0.0010912743779852,0,"HLA-DOB_CD4","HLA-DOB - CD4","MHC-II","Cell-Cell Contact","KEGG: hsa04514"
"Monocytes","Regulatory / Activated CD4 T cells","TNF","TNFRSF1B",0.00108813739879439,0,"TNF_TNFRSF1B","TNF - TNFRSF1B","TNF","Secreted Signaling","KEGG: hsa04060"
"Platelets","Classical Monocytes","BMP6","ACVR1_ACVR2A",0.00108608318666501,0,"BMP6_ACVR1_ACVR2A","BMP6 - (ACVR1+ACVR2A)","BMP","Secreted Signaling","KEGG: hsa04350; PMID:26893264"
"Myeloid cells","Conventional Dendritic Cells","IL1B","IL1R2",0.00108010103356988,0,"IL1B_IL1R2","IL1B - IL1R2","IL1","Secreted Signaling","KEGG: hsa04060"
"Classical Monocytes","Myeloid cells","RETN","TLR4",0.00106488432755979,0,"RETN_TLR4","RETN - TLR4","RESISTIN","Secreted Signaling","PMID: 30809105"
"NK cells","C1Q+ Monocytes","CCL3","CCR1",0.00106418298059907,0,"CCL3_CCR1","CCL3 - CCR1","CCL","Secreted Signaling","KEGG: hsa04060"
"Regulatory / Activated CD4 T cells","Classical Monocytes","TNFSF10","TNFRSF10A",0.00106120153032387,0,"TNFSF10_TNFRSF10B","TNFSF10 - TNFRSF10B","TRAIL","Secreted Signaling","KEGG: hsa04060"
"Myeloid cells","NK cells","HLA-F","CD8A",0.00104583336489122,0,"HLA-F_CD8A","HLA-F - CD8A","MHC-I","Cell-Cell Contact","KEGG: hsa04514"
"Conventional Dendritic Cells","Classical Monocytes","CD226","NECTIN2",0.00103517191011489,0,"CD226_NECTIN2","CD226 - NECTIN2","CD226","Cell-Cell Contact","PMID: 24440149"
"Classical Monocytes","Conventional Dendritic Cells","NECTIN2","CD226",0.00103517191011489,0,"NECTIN2_CD226","NECTIN2 - CD226","NECTIN","Cell-Cell Contact","KEGG: hsa04514"
"Monocytes","NK cells","IL18","IL18R1_IL18RAP",0.00103102524900637,0,"IL18_IL18R1_IL18RAP","IL18 - (IL18R1+IL18RAP)","IL1","Secreted Signaling","KEGG: hsa04060"
"C1Q+ Monocytes","Classical Monocytes","ENTPD1","ADORA2B",0.00102611292715848,0,"ENTPD1_ADORA2B","ENTPD1 - ADORA2B","CD39","Cell-Cell Contact","PMID: 21677139"
"Myeloid cells","Monocytes","ENTPD1","ADORA2B",0.00102086799548778,0,"ENTPD1_ADORA2B","ENTPD1 - ADORA2B","CD39","Cell-Cell Contact","PMID: 21677139"
"Conventional Dendritic Cells","Monocytes","CD226","NECTIN2",0.00102019565541969,0,"CD226_NECTIN2","CD226 - NECTIN2","CD226","Cell-Cell Contact","PMID: 24440149"
"Monocytes","Conventional Dendritic Cells","NECTIN2","CD226",0.00102019565541969,0,"NECTIN2_CD226","NECTIN2 - CD226","NECTIN","Cell-Cell Contact","KEGG: hsa04514"
"Monocytes","Classical Monocytes","LAMB3","ITGAV_ITGB8",0.00100341483063958,0,"LAMB3_ITGAV_ITGB8","LAMB3 - (ITGAV+ITGB8)","LAMININ","ECM-Receptor","KEGG: hsa04512"
"Platelets","NK cells","HLA-F","KIR3DL1",0.00099869195151896,0,"HLA-F_KIR3DL1","HLA-F - KIR3DL1","MHC-I","Cell-Cell Contact","PMID: 28484462"
"Myeloid cells","MAIT / CD161-like T cells","CXCL16","CXCR6",0.000994424353055672,0,"CXCL16_CXCR6","CXCL16 - CXCR6","CXCL","Secreted Signaling","KEGG: hsa04060"
"Plasma cells","MAIT / CD161-like T cells","BTLA","TNFRSF14",0.000990145411973038,0,"BTLA_TNFRSF14","BTLA - TNFRSF14","BTLA","Secreted Signaling","PMID: 21941365"
"Gamma-delta Cytotoxic T cells","Naive CD4 T cells","HLA-DQA2","CD4",0.000980079287596301,0,"HLA-DQA2_CD4","HLA-DQA2 - CD4","MHC-II","Cell-Cell Contact","KEGG: hsa04514"
"MAIT / CD161-like T cells","Naive B cells","ICAM1","SPN",0.000974394103541641,0,"ICAM1_SPN","ICAM1 - SPN","ICAM","Cell-Cell Contact","PMID: 1683685"
"Monocytes","Regulatory / Activated CD4 T cells","CD69","KLRB1",0.000973990555493347,0,"CLEC2C_KLRB1","CLEC2C - KLRB1","CLEC","Cell-Cell Contact","PMID: 24223577"
"Naive B cells","Monocytes","COL6A2","ITGAV_ITGB8",0.000965746959029087,0,"COL6A2_ITGAV_ITGB8","COL6A2 - (ITGAV+ITGB8)","COLLAGEN","ECM-Receptor","KEGG: hsa04512"
"Plasma cells","Myeloid cells","ANGPTL1","LILRB3",0.000960352871873528,0,"ANGPTL1_PIRB","ANGPTL1 - PIRB","ANGPTL","Secreted Signaling","PMID: 24478758"
"Monocytes","Conventional Dendritic Cells","TNF","TNFRSF1A",0.000953319562614434,0,"TNF_TNFRSF1A","TNF - TNFRSF1A","TNF","Secreted Signaling","KEGG: hsa04060"
"Platelets","NK cells","HLA-F","CD8A",0.00095214175355039,0,"HLA-F_CD8A","HLA-F - CD8A","MHC-I","Cell-Cell Contact","KEGG: hsa04514"
"Myeloid cells","MAIT / CD161-like T cells","ICAM1","SPN",0.000897821278651081,0,"ICAM1_SPN","ICAM1 - SPN","ICAM","Cell-Cell Contact","PMID: 1683685"
"Plasma cells","Naive CD4 T cells","HLA-DRB5","CD4",0.000896944743148935,0,"HLA-DRB5_CD4","HLA-DRB5 - CD4","MHC-II","Cell-Cell Contact","KEGG: hsa04514"
"Monocytes","Monocytes","TNFSF10","TNFRSF10A",0.000894711815120429,0,"TNFSF10_TNFRSF10B","TNFSF10 - TNFRSF10B","TRAIL","Secreted Signaling","KEGG: hsa04060"
"Plasma cells","MAIT / CD161-like T cells","JAM3","JAM3",0.00088738020237674,0,"JAM3_JAM3","JAM3 - JAM3","JAM","Cell-Cell Contact","KEGG: hsa04514"
"MAIT / CD161-like T cells","Plasma cells","JAM3","JAM3",0.00088738020237674,0,"JAM3_JAM3","JAM3 - JAM3","JAM","Cell-Cell Contact","KEGG: hsa04514"
"C1Q+ Monocytes","Classical Monocytes","LAMB3","ITGAV_ITGB8",0.000885768682246858,0,"LAMB3_ITGAV_ITGB8","LAMB3 - (ITGAV+ITGB8)","LAMININ","ECM-Receptor","KEGG: hsa04512"
"Classical Monocytes","Naive CD4 T cells","LAMB3","ITGA6_ITGB1",0.000883798875484651,0,"LAMB3_ITGA6_ITGB1","LAMB3 - (ITGA6+ITGB1)","LAMININ","ECM-Receptor","KEGG: hsa04512"
"Conventional Dendritic Cells","Classical Monocytes","COL9A2","ITGAV_ITGB8",0.000869020415289003,0,"COL9A2_ITGAV_ITGB8","COL9A2 - (ITGAV+ITGB8)","COLLAGEN","ECM-Receptor","KEGG: hsa04512"
"C1Q+ Monocytes","Conventional Dendritic Cells","SEMA4D","CD72",0.000862657147568718,0,"SEMA4D_CD72","SEMA4D - CD72","SEMA4","Cell-Cell Contact","PMID: 22325954"
"C1Q+ Monocytes","Regulatory / Activated CD4 T cells","CD69","KLRB1",0.000860066461671245,0,"CLEC2C_KLRB1","CLEC2C - KLRB1","CLEC","Cell-Cell Contact","PMID: 24223577"
"NK cells","Plasma cells","FASLG","FAS",0.000858973766381759,0,"FASL_FAS","FASL - FAS","FASLG","Secreted Signaling","KEGG: hsa04060"
"Conventional Dendritic Cells","Classical Monocytes","LAMB3","ITGAV_ITGB8",0.000857920586168264,0,"LAMB3_ITGAV_ITGB8","LAMB3 - (ITGAV+ITGB8)","LAMININ","ECM-Receptor","KEGG: hsa04512"
"Classical Monocytes","Monocytes","LAMB3","ITGAV_ITGB8",0.000857081612472995,0,"LAMB3_ITGAV_ITGB8","LAMB3 - (ITGAV+ITGB8)","LAMININ","ECM-Receptor","KEGG: hsa04512"
"Regulatory / Activated CD4 T cells","Monocytes","TNFSF10","TNFRSF10A",0.000840177134893086,0,"TNFSF10_TNFRSF10B","TNFSF10 - TNFRSF10B","TRAIL","Secreted Signaling","KEGG: hsa04060"
"Plasma cells","Myeloid cells","SEMA4D","PLXNB2",0.000837360547429943,0.01,"SEMA4D_PLXNB2","SEMA4D - PLXNB2","SEMA4","Cell-Cell Contact","PMID: 27533782"
"Plasma cells","Naive CD4 T cells","HLA-DOA","CD4",0.000832694013420617,0,"HLA-DOA_CD4","HLA-DOA - CD4","MHC-II","Cell-Cell Contact","KEGG: hsa04514"
"Monocytes","NK-like cells","RETN","CAP1",0.000832426825722336,0,"RETN_CAP1","RETN - CAP1","RESISTIN","Secreted Signaling","PMID: 30809105"
"C1Q+ Monocytes","Plasma cells","BAG6","NCR3",0.000825011531873615,0,"BAG6_NCR3-PS","BAG6 - NCR3-PS","BAG","Secreted Signaling","PMID: 30021652"
"NK cells","Naive B cells","FASLG","FAS",0.000807166802689056,0,"FASL_FAS","FASL - FAS","FASLG","Secreted Signaling","KEGG: hsa04060"
"Plasma cells","Gamma-delta Cytotoxic T cells","SEMA4D","CD72",0.000804957670177805,0,"SEMA4D_CD72","SEMA4D - CD72","SEMA4","Cell-Cell Contact","PMID: 22325954"
"C1Q+ Monocytes","Myeloid cells","ENTPD1","ADORA2B",0.000776941196622598,0,"ENTPD1_ADORA2B","ENTPD1 - ADORA2B","CD39","Cell-Cell Contact","PMID: 21677139"
"MAIT / CD161-like T cells","MAIT / CD161-like T cells","ICAM1","SPN",0.000768603423213908,0,"ICAM1_SPN","ICAM1 - SPN","ICAM","Cell-Cell Contact","PMID: 1683685"
"NK cells","Conventional Dendritic Cells","CCL3","CCR1",0.000767947973437649,0,"CCL3_CCR1","CCL3 - CCR1","CCL","Secreted Signaling","KEGG: hsa04060"
"Conventional Dendritic Cells","Classical Monocytes","TNFSF10","TNFRSF10A",0.000764329104813889,0,"TNFSF10_TNFRSF10B","TNFSF10 - TNFRSF10B","TRAIL","Secreted Signaling","KEGG: hsa04060"
"Myeloid cells","Classical Monocytes","ENTPD1","ADORA2A",0.00076235364039083,0,"ENTPD1_ADORA2A","ENTPD1 - ADORA2A","CD39","Cell-Cell Contact","PMID: 21677139"
"Monocytes","Myeloid cells","RETN","TLR4",0.00075931352942074,0,"RETN_TLR4","RETN - TLR4","RESISTIN","Secreted Signaling","PMID: 30809105"
"Classical Monocytes","Myeloid cells","SEMA4A","PLXNB2",0.000756340073405164,0,"SEMA4A_PLXNB2","SEMA4A - PLXNB2","SEMA4","Cell-Cell Contact","PMID: 27533782"
"C1Q+ Monocytes","Conventional Dendritic Cells","SEMA4A","PLXNB2",0.000755538507131468,0,"SEMA4A_PLXNB2","SEMA4A - PLXNB2","SEMA4","Cell-Cell Contact","PMID: 27533782"
"Classical Monocytes","Myeloid cells","RETN","CAP1",0.000755350712179106,0,"RETN_CAP1","RETN - CAP1","RESISTIN","Secreted Signaling","PMID: 30809105"
"Classical Monocytes","Plasma cells","F11R","JAM3",0.000752311666333226,0,"F11R_JAM3","F11R - JAM3","JAM","Cell-Cell Contact","KEGG: hsa04514"
"Plasma cells","Classical Monocytes","JAM3","F11R",0.000752311666333226,0,"JAM3_F11R","JAM3 - F11R","JAM","Cell-Cell Contact","KEGG: hsa04514"
"Conventional Dendritic Cells","Plasma cells","SEMA7A","PLXNC1",0.000744450018358116,0,"SEMA7A_PLXNC1","SEMA7A - PLXNC1","SEMA7","Cell-Cell Contact","PMID: 27533782"
"Classical Monocytes","Naive CD4 T cells","F11R","ITGAL_ITGB2",0.000736289342301236,0,"JAM1_ITGAL_ITGB2","JAM1 - (ITGAL+ITGB2)","JAM","Cell-Cell Contact","PMID: 11812992"
"Conventional Dendritic Cells","C1Q+ Monocytes","TNFSF8","TNFRSF8",0.000735826078028766,0,"TNFSF8_TNFRSF8","TNFSF8 - TNFRSF8","CD30","Secreted Signaling","KEGG: hsa04060"
"Monocytes","Monocytes","TNFSF12","TNFRSF12A",0.000734880370600816,0,"TNFSF12_TNFRSF12A","TNFSF12 - TNFRSF12A","TWEAK","Secreted Signaling","KEGG: hsa04060"
"MAIT / CD161-like T cells","Myeloid cells","JAM3","ITGAM_ITGB2",0.000730403705159257,0,"JAM3_ITGAM_ITGB2","JAM3 - (ITGAM+ITGB2)","JAM","Cell-Cell Contact","KEGG: hsa04514; PMID: 16118203, PMC2194005"
"Classical Monocytes","Classical Monocytes","TNFSF10","TNFRSF10A",0.000728383402784227,0,"TNFSF10_TNFRSF10B","TNFSF10 - TNFRSF10B","TRAIL","Secreted Signaling","KEGG: hsa04060"
"Myeloid cells","Conventional Dendritic Cells","ENTPD1","ADORA2B",0.000723377334236221,0,"ENTPD1_ADORA2B","ENTPD1 - ADORA2B","CD39","Cell-Cell Contact","PMID: 21677139"
"Plasma cells","Classical Monocytes","COL4A3","SDC4",0.000723275259823542,0,"COL4A3_SDC4","COL4A3 - SDC4","COLLAGEN","ECM-Receptor","KEGG: hsa04512"
"Plasma cells","Naive CD4 T cells","HLA-DQA2","CD4",0.000720947619226652,0,"HLA-DQA2_CD4","HLA-DQA2 - CD4","MHC-II","Cell-Cell Contact","KEGG: hsa04514"
"Monocytes","Conventional Dendritic Cells","SEMA4A","PLXNB2",0.000717368473567654,0,"SEMA4A_PLXNB2","SEMA4A - PLXNB2","SEMA4","Cell-Cell Contact","PMID: 27533782"
"Platelets","Monocytes","BMP6","ACVR1_ACVR2A",0.000716393451038207,0,"BMP6_ACVR1_ACVR2A","BMP6 - (ACVR1+ACVR2A)","BMP","Secreted Signaling","KEGG: hsa04350; PMID:26893264"
"Platelets","Classical Monocytes","BMP6","ACVR1_BMPR2",0.000711253376677163,0,"BMP6_ACVR1_BMPR2","BMP6 - (ACVR1+BMPR2)","BMP","Secreted Signaling","KEGG: hsa04350; PMID:26893264"
"Monocytes","Myeloid cells","LAMB3","ITGAV_ITGB8",0.000711191836711798,0,"LAMB3_ITGAV_ITGB8","LAMB3 - (ITGAV+ITGB8)","LAMININ","ECM-Receptor","KEGG: hsa04512"
"C1Q+ Monocytes","Conventional Dendritic Cells","TNFSF10","TNFRSF10A",0.000709698658731654,0,"TNFSF10_TNFRSF10B","TNFSF10 - TNFRSF10B","TRAIL","Secreted Signaling","KEGG: hsa04060"
"Conventional Dendritic Cells","Conventional Dendritic Cells","SEMA7A","PLXNC1",0.000709425089609256,0,"SEMA7A_PLXNC1","SEMA7A - PLXNC1","SEMA7","Cell-Cell Contact","PMID: 27533782"
"Plasma cells","MAIT / CD161-like T cells","ICOSLG","ICOS",0.000708514791015892,0.01,"ICOSL_ICOS","ICOSL - ICOS","ICOS","Cell-Cell Contact","PMID: 23954143"
"Myeloid cells","Regulatory / Activated CD4 T cells","ICAM1","SPN",0.00070330367234704,0,"ICAM1_SPN","ICAM1 - SPN","ICAM","Cell-Cell Contact","PMID: 1683685"
"C1Q+ Monocytes","Naive B cells","IL18","IL18R1_IL18RAP",0.000696124869418824,0,"IL18_IL18R1_IL18RAP","IL18 - (IL18R1+IL18RAP)","IL1","Secreted Signaling","KEGG: hsa04060"
"MAIT / CD161-like T cells","MAIT / CD161-like T cells","TNF","TNFRSF1A",0.000693992550462452,0,"TNF_TNFRSF1A","TNF - TNFRSF1A","TNF","Secreted Signaling","KEGG: hsa04060"
"NK cells","MAIT / CD161-like T cells","FASLG","FAS",0.000687027707737828,0,"FASL_FAS","FASL - FAS","FASLG","Secreted Signaling","KEGG: hsa04060"
"Classical Monocytes","Regulatory / Activated CD4 T cells","CD69","KLRB1",0.000686809840220763,0,"CLEC2C_KLRB1","CLEC2C - KLRB1","CLEC","Cell-Cell Contact","PMID: 24223577"
"Monocytes","Myeloid cells","TNFSF10","TNFRSF10A",0.000682089417607515,0,"TNFSF10_TNFRSF10B","TNFSF10 - TNFRSF10B","TRAIL","Secreted Signaling","KEGG: hsa04060"
"Plasma cells","NK cells","BAG6","NCR3",0.000681396363538396,0,"BAG6_NCR3-PS","BAG6 - NCR3-PS","BAG","Secreted Signaling","PMID: 30021652"
"MAIT / CD161-like T cells","Gamma-delta Cytotoxic T cells","JAM3","JAM3",0.000679397915014202,0,"JAM3_JAM3","JAM3 - JAM3","JAM","Cell-Cell Contact","KEGG: hsa04514"
"Gamma-delta Cytotoxic T cells","MAIT / CD161-like T cells","JAM3","JAM3",0.000679397915014202,0,"JAM3_JAM3","JAM3 - JAM3","JAM","Cell-Cell Contact","KEGG: hsa04514"
"NK cells","C1Q+ Monocytes","CCL3L3","CCR1",0.000677938268450036,0,"CCL3L3_CCR1","CCL3L3 - CCR1","CCL","Secreted Signaling","KEGG: hsa04060"
"Plasma cells","Naive CD4 T cells","CD70","CD27",0.000670672845093358,0,"CD70_CD27","CD70 - CD27","CD70","Secreted Signaling","KEGG: hsa04060"
"Plasma cells","Monocytes","COL4A3","SDC4",0.00066447031665673,0,"COL4A3_SDC4","COL4A3 - SDC4","COLLAGEN","ECM-Receptor","KEGG: hsa04512"
"Platelets","Monocytes","BMP6","ACVR1_BMPR2",0.000662875686134826,0,"BMP6_ACVR1_BMPR2","BMP6 - (ACVR1+BMPR2)","BMP","Secreted Signaling","KEGG: hsa04350; PMID:26893264"
"Monocytes","Classical Monocytes","TNFSF12","TNFRSF12A",0.000652072774528614,0,"TNFSF12_TNFRSF12A","TNFSF12 - TNFRSF12A","TWEAK","Secreted Signaling","KEGG: hsa04060"
"Classical Monocytes","NK cells","BAG6","NCR3",0.000647613649681711,0,"BAG6_NCR3-PS","BAG6 - NCR3-PS","BAG","Secreted Signaling","PMID: 30021652"
"Plasma cells","Naive B cells","ICOSLG","ICOS",0.000644171355129209,0,"ICOSL_ICOS","ICOSL - ICOS","ICOS","Cell-Cell Contact","PMID: 23954143"
"Regulatory / Activated CD4 T cells","Classical Monocytes","CD226","NECTIN2",0.000643957943830634,0,"CD226_NECTIN2","CD226 - NECTIN2","CD226","Cell-Cell Contact","PMID: 24440149"
"Classical Monocytes","Regulatory / Activated CD4 T cells","NECTIN2","CD226",0.000643957943830634,0,"NECTIN2_CD226","NECTIN2 - CD226","NECTIN","Cell-Cell Contact","KEGG: hsa04514"
"Conventional Dendritic Cells","Conventional Dendritic Cells","CD226","NECTIN2",0.000643252158798844,0,"CD226_NECTIN2","CD226 - NECTIN2","CD226","Cell-Cell Contact","PMID: 24440149"
"Conventional Dendritic Cells","Conventional Dendritic Cells","NECTIN2","CD226",0.000643252158798844,0,"NECTIN2_CD226","NECTIN2 - CD226","NECTIN","Cell-Cell Contact","KEGG: hsa04514"
"Regulatory / Activated CD4 T cells","Myeloid cells","TNFSF10","TNFRSF10A",0.000640506238357829,0,"TNFSF10_TNFRSF10B","TNFSF10 - TNFRSF10B","TRAIL","Secreted Signaling","KEGG: hsa04060"
"Regulatory / Activated CD4 T cells","Monocytes","CD226","NECTIN2",0.000634637945643331,0,"CD226_NECTIN2","CD226 - NECTIN2","CD226","Cell-Cell Contact","PMID: 24440149"
"Monocytes","Regulatory / Activated CD4 T cells","NECTIN2","CD226",0.000634637945643331,0,"NECTIN2_CD226","NECTIN2 - CD226","NECTIN","Cell-Cell Contact","KEGG: hsa04514"
"MAIT / CD161-like T cells","C1Q+ Monocytes","TNF","TNFRSF1A",0.000628629100364576,0,"TNF_TNFRSF1A","TNF - TNFRSF1A","TNF","Secreted Signaling","KEGG: hsa04060"
"C1Q+ Monocytes","C1Q+ Monocytes","TNFSF10","TNFRSF10A",0.000628102921990514,0,"TNFSF10_TNFRSF10B","TNFSF10 - TNFRSF10B","TRAIL","Secreted Signaling","KEGG: hsa04060"
"C1Q+ Monocytes","Myeloid cells","LAMB3","ITGAV_ITGB8",0.00062778606864799,0,"LAMB3_ITGAV_ITGB8","LAMB3 - (ITGAV+ITGB8)","LAMININ","ECM-Receptor","KEGG: hsa04512"
"Monocytes","NK cells","BAG6","NCR3",0.000621807678364916,0,"BAG6_NCR3-PS","BAG6 - NCR3-PS","BAG","Secreted Signaling","PMID: 30021652"
"Monocytes","Plasma cells","F11R","JAM3",0.00062173557745535,0,"F11R_JAM3","F11R - JAM3","JAM","Cell-Cell Contact","KEGG: hsa04514"
"Plasma cells","Monocytes","JAM3","F11R",0.00062173557745535,0,"JAM3_F11R","JAM3 - F11R","JAM","Cell-Cell Contact","KEGG: hsa04514"
"MAIT / CD161-like T cells","Plasma cells","TNF","TNFRSF1B",0.000620564604602144,0,"TNF_TNFRSF1B","TNF - TNFRSF1B","TNF","Secreted Signaling","KEGG: hsa04060"
"Classical Monocytes","MAIT / CD161-like T cells","SEMA3C","PLXND1",0.00061853373412543,0,"SEMA3C_PLXND1","SEMA3C - PLXND1","SEMA3","Secreted Signaling","PMID: 27533782"
"Conventional Dendritic Cells","Myeloid cells","COL9A2","ITGAV_ITGB8",0.000615912774352819,0,"COL9A2_ITGAV_ITGB8","COL9A2 - (ITGAV+ITGB8)","COLLAGEN","ECM-Receptor","KEGG: hsa04512"
"Plasma cells","Regulatory / Activated CD4 T cells","ICOSLG","CTLA4",0.000611268416074094,0,"ICOSL_CTLA4","ICOSL - CTLA4","ICOS","Cell-Cell Contact","KEGG: hsa04514"
"Monocytes","Naive CD4 T cells","F11R","ITGAL_ITGB2",0.00060849249837605,0,"JAM1_ITGAL_ITGB2","JAM1 - (ITGAL+ITGB2)","JAM","Cell-Cell Contact","PMID: 11812992"
"Conventional Dendritic Cells","Myeloid cells","LAMB3","ITGAV_ITGB8",0.000608043872559593,0,"LAMB3_ITGAV_ITGB8","LAMB3 - (ITGAV+ITGB8)","LAMININ","ECM-Receptor","KEGG: hsa04512"
"Conventional Dendritic Cells","Monocytes","TNFSF10","TNFRSF10A",0.000605099100084421,0,"TNFSF10_TNFRSF10B","TNFSF10 - TNFRSF10B","TRAIL","Secreted Signaling","KEGG: hsa04060"
"MAIT / CD161-like T cells","Regulatory / Activated CD4 T cells","ICAM1","SPN",0.000602064660746008,0.01,"ICAM1_SPN","ICAM1 - SPN","ICAM","Cell-Cell Contact","PMID: 1683685"
"Conventional Dendritic Cells","Plasma cells","F11R","JAM3",0.00059956685467861,0,"F11R_JAM3","F11R - JAM3","JAM","Cell-Cell Contact","KEGG: hsa04514"
"Plasma cells","Conventional Dendritic Cells","JAM3","F11R",0.00059956685467861,0,"JAM3_F11R","JAM3 - F11R","JAM","Cell-Cell Contact","KEGG: hsa04514"
"Naive B cells","C1Q+ Monocytes","CCL3L3","CCR1",0.000598114523297146,0,"CCL3L3_CCR1","CCL3L3 - CCR1","CCL","Secreted Signaling","KEGG: hsa04060"
"Classical Monocytes","Naive B cells","IL18","IL18R1_IL18RAP",0.000594971446579533,0,"IL18_IL18R1_IL18RAP","IL18 - (IL18R1+IL18RAP)","IL1","Secreted Signaling","KEGG: hsa04060"
"Myeloid cells","Classical Monocytes","IL1B","IL1R2",0.00059174084867734,0,"IL1B_IL1R2","IL1B - IL1R2","IL1","Secreted Signaling","KEGG: hsa04060"
"Classical Monocytes","Myeloid cells","F11R","ITGAL_ITGB2",0.00059164075132048,0,"JAM1_ITGAL_ITGB2","JAM1 - (ITGAL+ITGB2)","JAM","Cell-Cell Contact","PMID: 11812992"
"Conventional Dendritic Cells","Naive CD4 T cells","F11R","ITGAL_ITGB2",0.000586795696106264,0,"JAM1_ITGAL_ITGB2","JAM1 - (ITGAL+ITGB2)","JAM","Cell-Cell Contact","PMID: 11812992"
"Myeloid cells","Classical Monocytes","ICAM1","SPN",0.000583716521355056,0,"ICAM1_SPN","ICAM1 - SPN","ICAM","Cell-Cell Contact","PMID: 1683685"
"Plasma cells","Regulatory / Activated CD4 T cells","CD70","CD27",0.00057934721164323,0,"CD70_CD27","CD70 - CD27","CD70","Secreted Signaling","KEGG: hsa04060"
"Classical Monocytes","Monocytes","TNFSF10","TNFRSF10A",0.000576637518810212,0,"TNFSF10_TNFRSF10B","TNFSF10 - TNFRSF10B","TRAIL","Secreted Signaling","KEGG: hsa04060"
"Regulatory / Activated CD4 T cells","C1Q+ Monocytes","TNFSF8","TNFRSF8",0.000576589571626628,0,"TNFSF8_TNFRSF8","TNFSF8 - TNFRSF8","CD30","Secreted Signaling","KEGG: hsa04060"
"Classical Monocytes","Gamma-delta Cytotoxic T cells","F11R","JAM3",0.000575968205948439,0,"F11R_JAM3","F11R - JAM3","JAM","Cell-Cell Contact","KEGG: hsa04514"
"Gamma-delta Cytotoxic T cells","Classical Monocytes","JAM3","F11R",0.000575968205948439,0,"JAM3_F11R","JAM3 - F11R","JAM","Cell-Cell Contact","KEGG: hsa04514"
"Conventional Dendritic Cells","Plasma cells","BAG6","NCR3",0.000575680528110451,0,"BAG6_NCR3-PS","BAG6 - NCR3-PS","BAG","Secreted Signaling","PMID: 30021652"
"Monocytes","Naive CD4 T cells","LAMB3","ITGA6_ITGB1",0.000567011397236391,0,"LAMB3_ITGA6_ITGB1","LAMB3 - (ITGA6+ITGB1)","LAMININ","ECM-Receptor","KEGG: hsa04512"
"Plasma cells","C1Q+ Monocytes","ENTPD1","ADORA2A",0.000554565057429374,0,"ENTPD1_ADORA2A","ENTPD1 - ADORA2A","CD39","Cell-Cell Contact","PMID: 21677139"
"Monocytes","Monocytes","LAMB3","ITGAV_ITGB8",0.000549865357498177,0,"LAMB3_ITGAV_ITGB8","LAMB3 - (ITGAV+ITGB8)","LAMININ","ECM-Receptor","KEGG: hsa04512"
"Monocytes","Conventional Dendritic Cells","TNFSF12","TNFRSF12A",0.000544235652182571,0,"TNFSF12_TNFRSF12A","TNFSF12 - TNFRSF12A","TWEAK","Secreted Signaling","KEGG: hsa04060"
"Monocytes","Myeloid cells","RETN","CAP1",0.000538553350168936,0,"RETN_CAP1","RETN - CAP1","RESISTIN","Secreted Signaling","PMID: 30809105"
"Monocytes","Naive CD4 T cells","HLA-DRB5","CD4",0.000534486306142298,0,"HLA-DRB5_CD4","HLA-DRB5 - CD4","MHC-II","Cell-Cell Contact","KEGG: hsa04514"
"Conventional Dendritic Cells","Conventional Dendritic Cells","SEMA4D","CD72",0.000529282598554985,0,"SEMA4D_CD72","SEMA4D - CD72","SEMA4","Cell-Cell Contact","PMID: 22325954"
"NK cells","C1Q+ Monocytes","FASLG","FAS",0.000528536549902466,0,"FASL_FAS","FASL - FAS","FASLG","Secreted Signaling","KEGG: hsa04060"
"Naive B cells","Classical Monocytes","COL6A2","SDC4",0.00052329677461485,0,"COL6A2_SDC4","COL6A2 - SDC4","COLLAGEN","ECM-Receptor","KEGG: hsa04512"
"Plasma cells","Monocytes","ENTPD1","ADORA2B",0.000515075426948697,0,"ENTPD1_ADORA2B","ENTPD1 - ADORA2B","CD39","Cell-Cell Contact","PMID: 21677139"
"Plasma cells","Plasma cells","CD70","CD27",0.000511103730549147,0,"CD70_CD27","CD70 - CD27","CD70","Secreted Signaling","KEGG: hsa04060"
"C1Q+ Monocytes","Naive CD4 T cells","LAMB3","ITGA6_ITGB1",0.000500506072293949,0,"LAMB3_ITGA6_ITGB1","LAMB3 - (ITGA6+ITGB1)","LAMININ","ECM-Receptor","KEGG: hsa04512"
"Monocytes","Naive B cells","IL18","IL18R1_IL18RAP",0.000499958035206105,0,"IL18_IL18R1_IL18RAP","IL18 - (IL18R1+IL18RAP)","IL1","Secreted Signaling","KEGG: hsa04060"
"MAIT / CD161-like T cells","Classical Monocytes","ICAM1","SPN",0.000499683208483563,0.03,"ICAM1_SPN","ICAM1 - SPN","ICAM","Cell-Cell Contact","PMID: 1683685"
"NK cells","Conventional Dendritic Cells","CCL3L3","CCR1",0.000489168967096717,0,"CCL3L3_CCR1","CCL3L3 - CCR1","CCL","Secreted Signaling","KEGG: hsa04060"
"Monocytes","Myeloid cells","F11R","ITGAL_ITGB2",0.000488938102508274,0,"JAM1_ITGAL_ITGB2","JAM1 - (ITGAL+ITGB2)","JAM","Cell-Cell Contact","PMID: 11812992"
"C1Q+ Monocytes","Monocytes","LAMB3","ITGAV_ITGB8",0.000485370131765081,0,"LAMB3_ITGAV_ITGB8","LAMB3 - (ITGAV+ITGB8)","LAMININ","ECM-Receptor","KEGG: hsa04512"
"Conventional Dendritic Cells","Naive CD4 T cells","LAMB3","ITGA6_ITGB1",0.000484764550792802,0,"LAMB3_ITGA6_ITGB1","LAMB3 - (ITGA6+ITGB1)","LAMININ","ECM-Receptor","KEGG: hsa04512"
"Naive B cells","Monocytes","COL6A2","SDC4",0.000480742996963535,0,"COL6A2_SDC4","COL6A2 - SDC4","COLLAGEN","ECM-Receptor","KEGG: hsa04512"
"Conventional Dendritic Cells","Monocytes","COL9A2","ITGAV_ITGB8",0.000476189061301206,0,"COL9A2_ITGAV_ITGB8","COL9A2 - (ITGAV+ITGB8)","COLLAGEN","ECM-Receptor","KEGG: hsa04512"
"Monocytes","Gamma-delta Cytotoxic T cells","F11R","JAM3",0.000475984851429773,0,"F11R_JAM3","F11R - JAM3","JAM","Cell-Cell Contact","KEGG: hsa04514"
"Gamma-delta Cytotoxic T cells","Monocytes","JAM3","F11R",0.000475984851429773,0,"JAM3_F11R","JAM3 - F11R","JAM","Cell-Cell Contact","KEGG: hsa04514"
"Conventional Dendritic Cells","Myeloid cells","F11R","ITGAL_ITGB2",0.000471502197944951,0,"JAM1_ITGAL_ITGB2","JAM1 - (ITGAL+ITGB2)","JAM","Cell-Cell Contact","PMID: 11812992"
"Conventional Dendritic Cells","Monocytes","LAMB3","ITGAV_ITGB8",0.000470104430003199,0,"LAMB3_ITGAV_ITGB8","LAMB3 - (ITGAV+ITGB8)","LAMININ","ECM-Receptor","KEGG: hsa04512"
"Plasma cells","Classical Monocytes","GRN","SORT1",0.000464170999769015,0,"GRN_SORT1","GRN - SORT1","GRN","Secreted Signaling","PMID: 29555433"
"Conventional Dendritic Cells","Myeloid cells","TNFSF10","TNFRSF10A",0.000461269490621179,0,"TNFSF10_TNFRSF10B","TNFSF10 - TNFRSF10B","TRAIL","Secreted Signaling","KEGG: hsa04060"
"Conventional Dendritic Cells","Naive CD4 T cells","HLA-DOB","CD4",0.000459745535387695,0,"HLA-DOB_CD4","HLA-DOB - CD4","MHC-II","Cell-Cell Contact","KEGG: hsa04514"
"Conventional Dendritic Cells","Gamma-delta Cytotoxic T cells","F11R","JAM3",0.000459010657519404,0,"F11R_JAM3","F11R - JAM3","JAM","Cell-Cell Contact","KEGG: hsa04514"
"Gamma-delta Cytotoxic T cells","Conventional Dendritic Cells","JAM3","F11R",0.000459010657519404,0,"JAM3_F11R","JAM3 - F11R","JAM","Cell-Cell Contact","KEGG: hsa04514"
"C1Q+ Monocytes","MAIT / CD161-like T cells","TNF","TNFRSF1A",0.00045285070066951,0,"TNF_TNFRSF1A","TNF - TNFRSF1A","TNF","Secreted Signaling","KEGG: hsa04060"
"C1Q+ Monocytes","Regulatory / Activated CD4 T cells","CD80","CTLA4",0.000441110463321617,0,"CD80_CTLA4","CD80 - CTLA4","CD80","Cell-Cell Contact","PMID: 23954143"
"Classical Monocytes","Myeloid cells","TNFSF10","TNFRSF10A",0.000439570136554109,0,"TNFSF10_TNFRSF10B","TNFSF10 - TNFRSF10B","TRAIL","Secreted Signaling","KEGG: hsa04060"
"Monocytes","Regulatory / Activated CD4 T cells","TNFSF10","TNFRSF10A",0.000439437420402415,0,"TNFSF10_TNFRSF10B","TNFSF10 - TNFRSF10B","TRAIL","Secreted Signaling","KEGG: hsa04060"
"Naive B cells","Conventional Dendritic Cells","CCL3L3","CCR1",0.000431562237852005,0,"CCL3L3_CCR1","CCL3L3 - CCR1","CCL","Secreted Signaling","KEGG: hsa04060"
"Monocytes","MAIT / CD161-like T cells","SEMA3C","PLXND1",0.000427558027574481,0,"SEMA3C_PLXND1","SEMA3C - PLXND1","SEMA3","Secreted Signaling","PMID: 27533782"
"Plasma cells","Monocytes","GRN","SORT1",0.000427509194126462,0,"GRN_SORT1","GRN - SORT1","GRN","Secreted Signaling","PMID: 29555433"
"Myeloid cells","Conventional Dendritic Cells","SEMA4A","PLXNB2",0.000420376680800374,0,"SEMA4A_PLXNB2","SEMA4A - PLXNB2","SEMA4","Cell-Cell Contact","PMID: 27533782"
"C1Q+ Monocytes","MAIT / CD161-like T cells","SEMA3C","PLXND1",0.000419083692880753,0,"SEMA3C_PLXND1","SEMA3C - PLXND1","SEMA3","Secreted Signaling","PMID: 27533782"
"Regulatory / Activated CD4 T cells","Regulatory / Activated CD4 T cells","TNFSF10","TNFRSF10A",0.000412641268693018,0,"TNFSF10_TNFRSF10B","TNFSF10 - TNFRSF10B","TRAIL","Secreted Signaling","KEGG: hsa04060"
"MAIT / CD161-like T cells","Classical Monocytes","NECTIN3","NECTIN2",0.000411775603411693,0,"NECTIN3_NECTIN2","NECTIN3 - NECTIN2","NECTIN","Cell-Cell Contact","PMID: 23027581"
"C1Q+ Monocytes","C1Q+ Monocytes","TNF","TNFRSF1A",0.000410189790259618,0.01,"TNF_TNFRSF1A","TNF - TNFRSF1A","TNF","Secreted Signaling","KEGG: hsa04060"
"C1Q+ Monocytes","Naive B cells","ICOSLG","ICOS",0.000409116466659623,0.02,"ICOSL_ICOS","ICOSL - ICOS","ICOS","Cell-Cell Contact","PMID: 23954143"
"MAIT / CD161-like T cells","Monocytes","NECTIN3","NECTIN2",0.00040581461381901,0,"NECTIN3_NECTIN2","NECTIN3 - NECTIN2","NECTIN","Cell-Cell Contact","PMID: 23027581"
"C1Q+ Monocytes","Plasma cells","TNF","TNFRSF1B",0.000404926452002248,0.02,"TNF_TNFRSF1B","TNF - TNFRSF1B","TNF","Secreted Signaling","KEGG: hsa04060"
"Regulatory / Activated CD4 T cells","Conventional Dendritic Cells","CD226","NECTIN2",0.000400093864358547,0,"CD226_NECTIN2","CD226 - NECTIN2","CD226","Cell-Cell Contact","PMID: 24440149"
"Conventional Dendritic Cells","Regulatory / Activated CD4 T cells","NECTIN2","CD226",0.000400093864358547,0,"NECTIN2_CD226","NECTIN2 - CD226","NECTIN","Cell-Cell Contact","KEGG: hsa04514"
"C1Q+ Monocytes","Regulatory / Activated CD4 T cells","ICOSLG","CTLA4",0.00038821498066456,0,"ICOSL_CTLA4","ICOSL - CTLA4","ICOS","Cell-Cell Contact","KEGG: hsa04514"
"Plasma cells","Classical Monocytes","ENTPD1","ADORA2A",0.000384593590709029,0,"ENTPD1_ADORA2A","ENTPD1 - ADORA2A","CD39","Cell-Cell Contact","PMID: 21677139"
"Classical Monocytes","Monocytes","SEMA3C","PLXND1",0.000377679562551881,0,"SEMA3C_PLXND1","SEMA3C - PLXND1","SEMA3","Secreted Signaling","PMID: 27533782"
"MAIT / CD161-like T cells","C1Q+ Monocytes","TNFSF8","TNFRSF8",0.000365939589382232,0,"TNFSF8_TNFRSF8","TNFSF8 - TNFRSF8","CD30","Secreted Signaling","KEGG: hsa04060"
"Plasma cells","Conventional Dendritic Cells","ENTPD1","ADORA2B",0.000364923697544951,0.01,"ENTPD1_ADORA2B","ENTPD1 - ADORA2B","CD39","Cell-Cell Contact","PMID: 21677139"
"Classical Monocytes","Classical Monocytes","SEMA3C","PLXND1",0.000362666326728674,0,"SEMA3C_PLXND1","SEMA3C - PLXND1","SEMA3","Secreted Signaling","PMID: 27533782"
"Conventional Dendritic Cells","Conventional Dendritic Cells","GAS6","AXL",0.000356217069328475,0,"GAS6_AXL","GAS6 - AXL","GAS","Secreted Signaling","PMID: 27801848"
"Classical Monocytes","Monocytes","TNFSF12","TNFRSF12A",0.00034168917216259,0,"TNFSF12_TNFRSF12A","TNFSF12 - TNFRSF12A","TWEAK","Secreted Signaling","KEGG: hsa04060"
"MAIT / CD161-like T cells","MAIT / CD161-like T cells","JAM3","JAM3",0.000330010027137469,0,"JAM3_JAM3","JAM3 - JAM3","JAM","Cell-Cell Contact","KEGG: hsa04514"
"Conventional Dendritic Cells","MAIT / CD161-like T cells","SEMA7A","PLXNC1",0.000325877022381131,0,"SEMA7A_PLXNC1","SEMA7A - PLXNC1","SEMA7","Cell-Cell Contact","PMID: 27533782"
"C1Q+ Monocytes","C1Q+ Monocytes","ENTPD1","ADORA2A",0.000312225460678727,0,"ENTPD1_ADORA2A","ENTPD1 - ADORA2A","CD39","Cell-Cell Contact","PMID: 21677139"
"Plasma cells","Plasma cells","BAG6","NCR3",0.000307795836403806,0,"BAG6_NCR3-PS","BAG6 - NCR3-PS","BAG","Secreted Signaling","PMID: 30021652"
"Classical Monocytes","Classical Monocytes","TNFSF12","TNFRSF12A",0.000303173600869949,0,"TNFSF12_TNFRSF12A","TNFSF12 - TNFRSF12A","TWEAK","Secreted Signaling","KEGG: hsa04060"
"Plasma cells","Conventional Dendritic Cells","SEMA4D","CD72",0.000302182633698638,0,"SEMA4D_CD72","SEMA4D - CD72","SEMA4","Cell-Cell Contact","PMID: 22325954"
"Conventional Dendritic Cells","Regulatory / Activated CD4 T cells","TNFSF10","TNFRSF10A",0.000297150398377042,0,"TNFSF10_TNFRSF10B","TNFSF10 - TNFRSF10B","TRAIL","Secreted Signaling","KEGG: hsa04060"
"Classical Monocytes","Plasma cells","F11R","ITGAL_ITGB2",0.000296618846425937,0,"JAM1_ITGAL_ITGB2","JAM1 - (ITGAL+ITGB2)","JAM","Cell-Cell Contact","PMID: 11812992"
"Plasma cells","Conventional Dendritic Cells","GRN","SORT1",0.000296271292908701,0,"GRN_SORT1","GRN - SORT1","GRN","Secreted Signaling","PMID: 29555433"
"Classical Monocytes","Plasma cells","BAG6","NCR3",0.000292530311319156,0,"BAG6_NCR3-PS","BAG6 - NCR3-PS","BAG","Secreted Signaling","PMID: 30021652"
"C1Q+ Monocytes","Monocytes","ENTPD1","ADORA2B",0.000289987411969448,0,"ENTPD1_ADORA2B","ENTPD1 - ADORA2B","CD39","Cell-Cell Contact","PMID: 21677139"
"Monocytes","MAIT / CD161-like T cells","TNF","TNFRSF1A",0.000287249228137576,0,"TNF_TNFRSF1A","TNF - TNFRSF1A","TNF","Secreted Signaling","KEGG: hsa04060"
"Monocytes","Conventional Dendritic Cells","TNFSF10","TNFRSF10A",0.000283187224946669,0,"TNFSF10_TNFRSF10B","TNFSF10 - TNFRSF10B","TRAIL","Secreted Signaling","KEGG: hsa04060"
"Classical Monocytes","Regulatory / Activated CD4 T cells","TNFSF10","TNFRSF10A",0.000283169459365667,0,"TNFSF10_TNFRSF10B","TNFSF10 - TNFRSF10B","TRAIL","Secreted Signaling","KEGG: hsa04060"
"Monocytes","Plasma cells","BAG6","NCR3",0.000280869648855831,0,"BAG6_NCR3-PS","BAG6 - NCR3-PS","BAG","Secreted Signaling","PMID: 30021652"
"Classical Monocytes","MAIT / CD161-like T cells","F11R","JAM3",0.000279755299008497,0,"F11R_JAM3","F11R - JAM3","JAM","Cell-Cell Contact","KEGG: hsa04514"
"MAIT / CD161-like T cells","Classical Monocytes","JAM3","F11R",0.000279755299008497,0,"JAM3_F11R","JAM3 - F11R","JAM","Cell-Cell Contact","KEGG: hsa04514"
"Classical Monocytes","Conventional Dendritic Cells","RETN","TLR4",0.000277341845372436,0,"RETN_TLR4","RETN - TLR4","RESISTIN","Secreted Signaling","PMID: 30809105"
"Classical Monocytes","Conventional Dendritic Cells","SEMA4A","PLXNB2",0.000271157293418783,0,"SEMA4A_PLXNB2","SEMA4A - PLXNB2","SEMA4","Cell-Cell Contact","PMID: 27533782"
"Regulatory / Activated CD4 T cells","Conventional Dendritic Cells","TNFSF10","TNFRSF10A",0.000265916411526124,0,"TNFSF10_TNFRSF10B","TNFSF10 - TNFRSF10B","TRAIL","Secreted Signaling","KEGG: hsa04060"
"Monocytes","Monocytes","MPZL1","MPZL1",0.000261808026869376,0,"MPZL1_MPZL1","MPZL1 - MPZL1","MPZ","Cell-Cell Contact","KEGG: hsa04514"
"Monocytes","Monocytes","SEMA3C","PLXND1",0.000261049486728629,0,"SEMA3C_PLXND1","SEMA3C - PLXND1","SEMA3","Secreted Signaling","PMID: 27533782"
"Monocytes","C1Q+ Monocytes","TNF","TNFRSF1A",0.000260184783870448,0,"TNF_TNFRSF1A","TNF - TNFRSF1A","TNF","Secreted Signaling","KEGG: hsa04060"
"Conventional Dendritic Cells","Classical Monocytes","COL9A2","SDC4",0.0002579684732989,0,"COL9A2_SDC4","COL9A2 - SDC4","COLLAGEN","ECM-Receptor","KEGG: hsa04512"
"Monocytes","Plasma cells","TNF","TNFRSF1B",0.000256845735875262,0,"TNF_TNFRSF1B","TNF - TNFRSF1B","TNF","Secreted Signaling","KEGG: hsa04060"
"C1Q+ Monocytes","Monocytes","SEMA3C","PLXND1",0.000255874558916562,0,"SEMA3C_PLXND1","SEMA3C - PLXND1","SEMA3","Secreted Signaling","PMID: 27533782"
"MAIT / CD161-like T cells","Conventional Dendritic Cells","NECTIN3","NECTIN2",0.000255815461478996,0,"NECTIN3_NECTIN2","NECTIN3 - NECTIN2","NECTIN","Cell-Cell Contact","PMID: 23027581"
"Classical Monocytes","Conventional Dendritic Cells","TNFSF12","TNFRSF12A",0.000253021384850011,0,"TNFSF12_TNFRSF12A","TNFSF12 - TNFRSF12A","TWEAK","Secreted Signaling","KEGG: hsa04060"
"Monocytes","Classical Monocytes","SEMA3C","PLXND1",0.000250671279951298,0,"SEMA3C_PLXND1","SEMA3C - PLXND1","SEMA3","Secreted Signaling","PMID: 27533782"
"Monocytes","C1Q+ Monocytes","TNFSF10","TNFRSF10A",0.000250616220353191,0,"TNFSF10_TNFRSF10B","TNFSF10 - TNFRSF10B","TRAIL","Secreted Signaling","KEGG: hsa04060"
"NK cells","Conventional Dendritic Cells","FASLG","FAS",0.000248849752371758,0,"FASL_FAS","FASL - FAS","FASLG","Secreted Signaling","KEGG: hsa04060"
"C1Q+ Monocytes","Classical Monocytes","SEMA3C","PLXND1",0.000245702034488311,0,"SEMA3C_PLXND1","SEMA3C - PLXND1","SEMA3","Secreted Signaling","PMID: 27533782"
"Monocytes","Plasma cells","F11R","ITGAL_ITGB2",0.000245116355336792,0,"JAM1_ITGAL_ITGB2","JAM1 - (ITGAL+ITGB2)","JAM","Cell-Cell Contact","PMID: 11812992"
"Conventional Dendritic Cells","Classical Monocytes","THBS1","SDC4",0.000243160276406087,0,"THBS1_SDC4","THBS1 - SDC4","THBS","ECM-Receptor","KEGG: hsa04512"
"Monocytes","C1Q+ Monocytes","MPZL1","MPZL1",0.000238054329379054,0,"MPZL1_MPZL1","MPZL1 - MPZL1","MPZ","Cell-Cell Contact","KEGG: hsa04514"
"C1Q+ Monocytes","Monocytes","MPZL1","MPZL1",0.000238054329379054,0,"MPZL1_MPZL1","MPZL1 - MPZL1","MPZ","Cell-Cell Contact","KEGG: hsa04514"
"Classical Monocytes","Classical Monocytes","F11R","F11R",0.000237151667387174,0,"F11R_F11R","F11R - F11R","JAM","Cell-Cell Contact","KEGG: hsa04514"
"Conventional Dendritic Cells","Monocytes","COL9A2","SDC4",0.000236985714132196,0,"COL9A2_SDC4","COL9A2 - SDC4","COLLAGEN","ECM-Receptor","KEGG: hsa04512"
"Conventional Dendritic Cells","Plasma cells","F11R","ITGAL_ITGB2",0.000236373263459364,0,"JAM1_ITGAL_ITGB2","JAM1 - (ITGAL+ITGB2)","JAM","Cell-Cell Contact","PMID: 11812992"
"Regulatory / Activated CD4 T cells","C1Q+ Monocytes","TNFSF10","TNFRSF10A",0.000235331355717744,0,"TNFSF10_TNFRSF10B","TNFSF10 - TNFRSF10B","TRAIL","Secreted Signaling","KEGG: hsa04060"
"Monocytes","MAIT / CD161-like T cells","F11R","JAM3",0.00023118018043159,0,"F11R_JAM3","F11R - JAM3","JAM","Cell-Cell Contact","KEGG: hsa04514"
"MAIT / CD161-like T cells","Monocytes","JAM3","F11R",0.00023118018043159,0,"JAM3_F11R","JAM3 - F11R","JAM","Cell-Cell Contact","KEGG: hsa04514"
"Conventional Dendritic Cells","Monocytes","THBS1","SDC4",0.000223381724089746,0,"THBS1_SDC4","THBS1 - SDC4","THBS","ECM-Receptor","KEGG: hsa04512"
"Conventional Dendritic Cells","MAIT / CD161-like T cells","F11R","JAM3",0.000222934069211898,0,"F11R_JAM3","F11R - JAM3","JAM","Cell-Cell Contact","KEGG: hsa04514"
"MAIT / CD161-like T cells","Conventional Dendritic Cells","JAM3","F11R",0.000222934069211898,0,"JAM3_F11R","JAM3 - F11R","JAM","Cell-Cell Contact","KEGG: hsa04514"
"C1Q+ Monocytes","Classical Monocytes","ENTPD1","ADORA2A",0.00021651379959096,0,"ENTPD1_ADORA2A","ENTPD1 - ADORA2A","CD39","Cell-Cell Contact","PMID: 21677139"
"Conventional Dendritic Cells","C1Q+ Monocytes","CCL3L3","CCR1",0.000216464893796413,0,"CCL3L3_CCR1","CCL3L3 - CCR1","CCL","Secreted Signaling","KEGG: hsa04060"
"C1Q+ Monocytes","C1Q+ Monocytes","MPZL1","MPZL1",0.000216455325107549,0,"MPZL1_MPZL1","MPZL1 - MPZL1","MPZ","Cell-Cell Contact","KEGG: hsa04514"
"Monocytes","C1Q+ Monocytes","CCL3L3","CCR1",0.000213903507929706,0,"CCL3L3_CCR1","CCL3L3 - CCR1","CCL","Secreted Signaling","KEGG: hsa04060"
"C1Q+ Monocytes","Conventional Dendritic Cells","ENTPD1","ADORA2B",0.000205438516816181,0.01,"ENTPD1_ADORA2B","ENTPD1 - ADORA2B","CD39","Cell-Cell Contact","PMID: 21677139"
"Monocytes","Conventional Dendritic Cells","MPZL1","MPZL1",0.000199983597971575,0,"MPZL1_MPZL1","MPZL1 - MPZL1","MPZ","Cell-Cell Contact","KEGG: hsa04514"
"Conventional Dendritic Cells","Monocytes","MPZL1","MPZL1",0.000199983597971575,0,"MPZL1_MPZL1","MPZL1 - MPZL1","MPZ","Cell-Cell Contact","KEGG: hsa04514"
"Monocytes","Conventional Dendritic Cells","RETN","TLR4",0.000197713291101645,0,"RETN_TLR4","RETN - TLR4","RESISTIN","Secreted Signaling","PMID: 30809105"
"Monocytes","Classical Monocytes","F11R","F11R",0.000195972550927387,0,"F11R_F11R","F11R - F11R","JAM","Cell-Cell Contact","KEGG: hsa04514"
"Classical Monocytes","Monocytes","F11R","F11R",0.000195972550927387,0,"F11R_F11R","F11R - F11R","JAM","Cell-Cell Contact","KEGG: hsa04514"
"Conventional Dendritic Cells","Conventional Dendritic Cells","TNFSF10","TNFRSF10A",0.000191483323451421,0.03,"TNFSF10_TNFRSF10B","TNFSF10 - TNFRSF10B","TRAIL","Secreted Signaling","KEGG: hsa04060"
"Conventional Dendritic Cells","Classical Monocytes","F11R","F11R",0.000188982045396028,0,"F11R_F11R","F11R - F11R","JAM","Cell-Cell Contact","KEGG: hsa04514"
"Classical Monocytes","Conventional Dendritic Cells","F11R","F11R",0.000188982045396028,0,"F11R_F11R","F11R - F11R","JAM","Cell-Cell Contact","KEGG: hsa04514"
"Conventional Dendritic Cells","Monocytes","TNFSF12","TNFRSF12A",0.00018832249475822,0,"TNFSF12_TNFRSF12A","TNFSF12 - TNFRSF12A","TWEAK","Secreted Signaling","KEGG: hsa04060"
"C1Q+ Monocytes","C1Q+ Monocytes","CCL3","CCR1",0.00018569975567454,0,"CCL3_CCR1","CCL3 - CCR1","CCL","Secreted Signaling","KEGG: hsa04060"
"Classical Monocytes","Conventional Dendritic Cells","TNFSF10","TNFRSF10A",0.000182473117395143,0,"TNFSF10_TNFRSF10B","TNFSF10 - TNFRSF10B","TRAIL","Secreted Signaling","KEGG: hsa04060"
"C1Q+ Monocytes","C1Q+ Monocytes","TNFSF8","TNFRSF8",0.000182382683691419,0,"TNFSF8_TNFRSF8","TNFSF8 - TNFRSF8","CD30","Secreted Signaling","KEGG: hsa04060"
"Conventional Dendritic Cells","C1Q+ Monocytes","MPZL1","MPZL1",0.000181838176473114,0,"MPZL1_MPZL1","MPZL1 - MPZL1","MPZ","Cell-Cell Contact","KEGG: hsa04514"
"C1Q+ Monocytes","Conventional Dendritic Cells","MPZL1","MPZL1",0.000181838176473114,0,"MPZL1_MPZL1","MPZL1 - MPZL1","MPZ","Cell-Cell Contact","KEGG: hsa04514"
"Conventional Dendritic Cells","C1Q+ Monocytes","GAS6","MERTK",0.000169824336286698,0,"GAS6_MERTK","GAS6 - MERTK","GAS","Secreted Signaling","PMID: 27801848"
"Conventional Dendritic Cells","C1Q+ Monocytes","TNFSF10","TNFRSF10A",0.000169457928399975,0.01,"TNFSF10_TNFRSF10B","TNFSF10 - TNFRSF10B","TRAIL","Secreted Signaling","KEGG: hsa04060"
"Conventional Dendritic Cells","Classical Monocytes","TNFSF12","TNFRSF12A",0.000167091690820807,0,"TNFSF12_TNFRSF12A","TNFSF12 - TNFRSF12A","TWEAK","Secreted Signaling","KEGG: hsa04060"
"Monocytes","Monocytes","F11R","F11R",0.000161942635553313,0,"F11R_F11R","F11R - F11R","JAM","Cell-Cell Contact","KEGG: hsa04514"
"Classical Monocytes","C1Q+ Monocytes","TNFSF10","TNFRSF10A",0.000161483955113939,0,"TNFSF10_TNFRSF10B","TNFSF10 - TNFRSF10B","TRAIL","Secreted Signaling","KEGG: hsa04060"
"Conventional Dendritic Cells","Conventional Dendritic Cells","CCL3L3","CCR1",0.000156170996446491,0,"CCL3L3_CCR1","CCL3L3 - CCR1","CCL","Secreted Signaling","KEGG: hsa04060"
"Monocytes","Conventional Dendritic Cells","F11R","F11R",0.0001561658160894,0,"F11R_F11R","F11R - F11R","JAM","Cell-Cell Contact","KEGG: hsa04514"
"Conventional Dendritic Cells","Monocytes","F11R","F11R",0.0001561658160894,0,"F11R_F11R","F11R - F11R","JAM","Cell-Cell Contact","KEGG: hsa04514"
"Monocytes","Conventional Dendritic Cells","CCL3L3","CCR1",0.00015432294610336,0,"CCL3L3_CCR1","CCL3L3 - CCR1","CCL","Secreted Signaling","KEGG: hsa04060"
"Conventional Dendritic Cells","Conventional Dendritic Cells","MPZL1","MPZL1",0.00015275641434009,0,"MPZL1_MPZL1","MPZL1 - MPZL1","MPZ","Cell-Cell Contact","KEGG: hsa04514"
"Conventional Dendritic Cells","Conventional Dendritic Cells","F11R","F11R",0.000150595036354226,0,"F11R_F11R","F11R - F11R","JAM","Cell-Cell Contact","KEGG: hsa04514"
"Conventional Dendritic Cells","Conventional Dendritic Cells","TNFSF12","TNFRSF12A",0.000139447560392678,0,"TNFSF12_TNFRSF12A","TNFSF12 - TNFRSF12A","TWEAK","Secreted Signaling","KEGG: hsa04060"
"C1Q+ Monocytes","Conventional Dendritic Cells","CCL3","CCR1",0.000133973998305485,0,"CCL3_CCR1","CCL3 - CCR1","CCL","Secreted Signaling","KEGG: hsa04060"
"MAIT / CD161-like T cells","NK cells","NECTIN3","TIGIT",0.000117883372752369,0,"NECTIN3_TIGIT","NECTIN3 - TIGIT","NECTIN","Cell-Cell Contact","KEGG: hsa04514; PMID: 1313846"
"Classical Monocytes","Conventional Dendritic Cells","SEMA3C","PLXND1",0.000115317985153232,0,"SEMA3C_PLXND1","SEMA3C - PLXND1","SEMA3","Secreted Signaling","PMID: 27533782"
"Classical Monocytes","NK cells","NECTIN2","TIGIT",8.40992192193161e-05,0,"NECTIN2_TIGIT","NECTIN2 - TIGIT","NECTIN","Cell-Cell Contact","KEGG: hsa04514"
"NK cells","Classical Monocytes","TIGIT","NECTIN2",8.40992192193161e-05,0,"TIGIT_NECTIN2","TIGIT - NECTIN2","TIGIT","Cell-Cell Contact","PMID: 1313846; PMID:24987108"
"Monocytes","NK cells","NECTIN2","TIGIT",8.28813798834638e-05,0,"NECTIN2_TIGIT","NECTIN2 - TIGIT","NECTIN","Cell-Cell Contact","KEGG: hsa04514"
"NK cells","Monocytes","TIGIT","NECTIN2",8.28813798834638e-05,0,"TIGIT_NECTIN2","TIGIT - NECTIN2","TIGIT","Cell-Cell Contact","PMID: 1313846; PMID:24987108"
"Monocytes","Conventional Dendritic Cells","SEMA3C","PLXND1",7.97005295535153e-05,0,"SEMA3C_PLXND1","SEMA3C - PLXND1","SEMA3","Secreted Signaling","PMID: 27533782"
"C1Q+ Monocytes","Conventional Dendritic Cells","SEMA3C","PLXND1",7.8120301127403e-05,0,"SEMA3C_PLXND1","SEMA3C - PLXND1","SEMA3","Secreted Signaling","PMID: 27533782"
"Conventional Dendritic Cells","NK cells","NECTIN2","TIGIT",5.2240126887994e-05,0,"NECTIN2_TIGIT","NECTIN2 - TIGIT","NECTIN","Cell-Cell Contact","KEGG: hsa04514"
"NK cells","Conventional Dendritic Cells","TIGIT","NECTIN2",5.2240126887994e-05,0,"TIGIT_NECTIN2","TIGIT - NECTIN2","TIGIT","Cell-Cell Contact","PMID: 1313846; PMID:24987108"
